id,title,description,availability,condition,price,link,image_link,brand,additional_image_link,quantity_to_sell_on_facebook,inventory
7268031463563,Tecido Para Área Externa Gorgurão Waterblock Hibisco Preto,"Gorgurão Waterblock Hibisco Preto com 1,40m de largura. Tecido indicado para estofados, poltronas, almofadas e também para colar em paredes. O Waterblock é um tecido resinado ideal para áreas externas, pois é impermeável. Peso: 170 gramas/m2 Composição: 70%algodão 30%poliester. Acabamento: Emborrachado(impermeável) Desenho: floral gramas/m2 • É resistente à água, o que o torna adequado para uso como externas ou com risco de umidade. • É fácil de limpar e manter, o que o torna uma boa opção para áreas de uso frequente. • Projetado para bloqueio de luz e UV, o que o torna adequado para uso como cobertura. • É resistente a rasgos e abrasão, o que o torna adequado para uso como de tráfego intenso. • Pode ser projetado para resistir a fungos e bactérias, o que o torna adequado para uso como de saúde.",in stock,new,49.98 BRL,https://torretecidos.com.br/products/tecido-para-area-externa-waterblock-hibisco-preto,https://cdn.shopify.com/s/files/1/0620/8038/5163/products/100.jpg?v=1715709289,Döhler,https://cdn.shopify.com/s/files/1/0620/8038/5163/products/1584.jpg?v=1715709289,100,100
7268031856779,Tecido Para Área Externa Gorgurão Waterblock Liso Bege,"O Tecido Vem Inteiro? • SIM Gorgurão Waterblock Liso com 1,40m de largura. Tecido indicado para estofados, poltronas, almofadas e também para colar em paredes. O Waterblock é um tecido resinado ideal para áreas externas, pois é impermeável. Essa proteção também confere a ele resistência a sujeira e mofo. Esse tecido é a evolução do antigo Emborrachado. fabricação nacional. Peso: 170 gramas/m2 Composição: 70%Algodão 30%Poliester. Acabamento: Emborrachado(impermeável) Desenho: liso gramas/m2 • É resistente à água, o que o torna adequado para uso como externas ou com risco de umidade. • É fácil de limpar e manter, o que o torna uma boa opção para áreas de uso frequente. • Projetado para bloqueio de luz e UV, o que o torna adequado para uso como cobertura. • É resistente a rasgos e abrasão, o que o torna adequado para uso como de tráfego intenso. • Pode ser projetado para resistir a fungos e bactérias, o que o torna adequado para uso como de saúde.",in stock,new,49.98 BRL,https://torretecidos.com.br/products/tecido-para-area-externa-waterblock-liso-bege,https://cdn.shopify.com/s/files/1/0620/8038/5163/files/3bf13597-08ab-4f33-890b-91bbac6d99a3_1.jpg?v=1715781930,Döhler,https://cdn.shopify.com/s/files/1/0620/8038/5163/files/c5dadaf3-48d1-45a6-928a-9fe2be10155c_048caa91-1602-4d21-836e-62da8fdfcbf2.jpg?v=1715782111,100,100
7268031955083,Tecido Para Área Externa Gorgurão Waterblock Hibisco Claro,"Gorgurão Waterblock Hibisco Claro com 1,40m de largura. Tecido indicado para estofados, poltronas, almofadas e também para colar em paredes. O Waterblock é um tecido resinado ideal para áreas externas, pois é impermeável. Essa proteção também confere a ele resistência a sujeira e mofo. Esse tecido é a evolução do antigo Emborrachado. fabricação nacional. Peso: 170 gramas/m2 Composição: 70%Algodão 30%Poliester. Acabamento: Emborrachado(impermeável) Desenho: floral gramas/m2 • É resistente à água, o que o torna adequado para uso como externas ou com risco de umidade. • É fácil de limpar e manter, o que o torna uma boa opção para áreas de uso frequente. • Projetado para bloqueio de luz e UV, o que o torna adequado para uso como cobertura. • É resistente a rasgos e abrasão, o que o torna adequado para uso como de tráfego intenso. • Pode ser projetado para resistir a fungos e bactérias, o que o torna adequado para uso como de saúde.",in stock,new,49.98 BRL,https://torretecidos.com.br/products/tecido-para-area-externa-waterblock-hibisco-claro,https://cdn.shopify.com/s/files/1/0620/8038/5163/products/166.jpg?v=1715709331,Döhler,"https://cdn.shopify.com/s/files/1/0620/8038/5163/products/1587.jpg?v=1715709331,https://cdn.shopify.com/s/files/1/0620/8038/5163/files/poltrona_less_reflection_27ada673-fc46-4d26-b54e-892ac0874f4d.jpg?v=1728485584",100,100
7268032020619,Tecido Para Área Externa Gorgurão Waterblock Falso Liso Azul,"O Tecido Vem Inteiro? • SIM Gorgurão Waterblock Falso Liso com 1,40m de largura. Tecido indicado para estofados, poltronas, almofadas e também para colar em paredes. O Waterblock é um tecido resinado ideal para áreas externas, pois é impermeável. Peso: 170 gramas/m2 Composição: 70%algodão 30%poliester. Acabamento: Emborrachado(impermeável) Desenho: falso liso gramas/m2 • É resistente à água, o que o torna adequado para uso como externas ou com risco de umidade. • É fácil de limpar e manter, o que o torna uma boa opção para áreas de uso frequente. • Projetado para bloqueio de luz e UV, o que o torna adequado para uso como cobertura. • É resistente a rasgos e abrasão, o que o torna adequado para uso como de tráfego intenso. • Pode ser projetado para resistir a fungos e bactérias, o que o torna adequado para uso como de saúde.",in stock,new,49.98 BRL,https://torretecidos.com.br/products/tecido-para-area-externa-waterblock-falso-liso-azul,https://cdn.shopify.com/s/files/1/0620/8038/5163/files/a2aeeb0882c734e0e6c1ef57cfc06afc.jpg?v=1776372128,Döhler,https://cdn.shopify.com/s/files/1/0620/8038/5163/products/177.jpg?v=1776372129,100,100
7268032118923,Tecido Para Área Externa Gorgurão Waterblock Costela de Adão Preto,"Gorgurão Waterblock Costela-de-Adão Preto com 1,40m de largura. Tecido indicado para estofados, poltronas, almofadas e também para colar em paredes. O Waterblock é um tecido resinado ideal para áreas externas, pois é impermeável. Peso: 178 gramas/m2 Composição: 70%Algodão 30%Poliester. Acabamento: Emborrachado(impermeável) Desenho: floral gramas/m2 • É resistente à água, o que o torna adequado para uso como externas ou com risco de umidade. • É fácil de limpar e manter, o que o torna uma boa opção para áreas de uso frequente. • Projetado para bloqueio de luz e UV, o que o torna adequado para uso como cobertura. • É resistente a rasgos e abrasão, o que o torna adequado para uso como de tráfego intenso. • Pode ser projetado para resistir a fungos e bactérias, o que o torna adequado para uso como de saúde.",in stock,new,49.98 BRL,https://torretecidos.com.br/products/tecido-para-area-externa-waterblock-costela-de-adao-preto,https://cdn.shopify.com/s/files/1/0620/8038/5163/products/2267.jpg?v=1715691160,Döhler,"https://cdn.shopify.com/s/files/1/0620/8038/5163/products/2268.jpg?v=1715691160,https://cdn.shopify.com/s/files/1/0620/8038/5163/products/2269.jpg?v=1715691152,https://cdn.shopify.com/s/files/1/0620/8038/5163/files/poltrona_less_reflection_f66ea9d1-28b1-4097-9621-1f167c5dd4d4.jpg?v=1728485546",100,100
7268032151691,Tecido Para Área Externa Gorgurão Waterblock Falso Liso Preto,"Gorgurão Waterblock Falso Liso Preto com 1,40m de largura. Tecido indicado para estofados, poltronas, almofadas e também para colar em paredes. O Waterblock é um tecido resinado ideal para áreas externas, pois é impermeável. Peso: 170 gramas/m2 Composição: 70%algodão 30%poliester. Acabamento: Emborrachado(impermeável) Desenho: falso liso gramas/m2 • É resistente à água, o que o torna adequado para uso como externas ou com risco de umidade. • É fácil de limpar e manter, o que o torna uma boa opção para áreas de uso frequente. • Projetado para bloqueio de luz e UV, o que o torna adequado para uso como cobertura. • É resistente a rasgos e abrasão, o que o torna adequado para uso como de tráfego intenso. • Pode ser projetado para resistir a fungos e bactérias, o que o torna adequado para uso como de saúde.",in stock,new,49.98 BRL,https://torretecidos.com.br/products/tecido-para-area-externa-waterblock-falso-liso-preto,https://cdn.shopify.com/s/files/1/0620/8038/5163/files/0e7346a9d95b536e76f688ef511b5c97.jpg?v=1776372188,Döhler,"https://cdn.shopify.com/s/files/1/0620/8038/5163/products/10789.jpg?v=1776372188,https://cdn.shopify.com/s/files/1/0620/8038/5163/products/10788.jpg?v=1776372189",100,100
7268032217227,Tecido Para Cortina Semi Blackout  Branco,"Blackout Branco com 2,8m de largura. Tecido indicado para a confecção de cortinas, possui a propriedade de bloquear a luz solar. Veda 70% da luminosidade. Peso: 220 gramas/m2 Composição: 100%Poliester Desenho: liso gramas/m2",in stock,new,28.98 BRL,https://torretecidos.com.br/products/tecido-para-cortina-semi-blackout-branco,https://cdn.shopify.com/s/files/1/0620/8038/5163/products/4584.jpg?v=1709757935,Torre Tecidos,"https://cdn.shopify.com/s/files/1/0620/8038/5163/products/4585.jpg?v=1709757935,https://cdn.shopify.com/s/files/1/0620/8038/5163/products/4586.jpg?v=1709757935",100,100
7268032315531,Tecido Para Cortina Semi Blackout Palha,"Black-out Palha com 2,80Mts de largura. Tecido indicado para a confecção de cortinas, possui a propriedade de bloquear a luz solar. Veda 70% da luminosidade. Peso: 200 gramas/m2 Composição: 100% poliester Desenho: liso gramas/m2",in stock,new,28.98 BRL,https://torretecidos.com.br/products/tecido-para-cortina-semi-blackout-palha,https://cdn.shopify.com/s/files/1/0620/8038/5163/products/10750.jpg?v=1709757958,Torre Tecidos,https://cdn.shopify.com/s/files/1/0620/8038/5163/products/10749.jpg?v=1709757958,100,100
7268032381067,Tecido Para Cortina Semi Blackout Café com Leite,"Black-out de Seda CaféLeite com 2,80M de largura. Tecido indicado para a confecção de cortinas, possui a propriedade de bloquear a luz solar. Veda 70% da luminosidade. Peso: 230 gramas/m2 Composição: 100%POLIESTER Desenho: liso gramas/m2",in stock,new,28.98 BRL,https://torretecidos.com.br/products/tecido-para-cortina-semi-blackout-cafe-com-leite,https://cdn.shopify.com/s/files/1/0620/8038/5163/products/4590.jpg?v=1706967364,Torre Tecidos,"https://cdn.shopify.com/s/files/1/0620/8038/5163/products/4592.jpg?v=1706967364,https://cdn.shopify.com/s/files/1/0620/8038/5163/products/4591.jpg?v=1706967364",100,100
7268032413835,"Tecido Para Cortina Voil 3,00m Amarelo","Voil Amarelo com 3,00m de largura. Indicado para a confecção de cortinas e forros de mesa, possui transparência. Produto à pronta entrega. Peso: 40 gramas/m2 Composição: 100%Poliester. Desenho: liso gramas/m2",in stock,new,10.99 BRL,https://torretecidos.com.br/products/tecido-para-cortina-voil-3-00m-amarelo-1,https://cdn.shopify.com/s/files/1/0620/8038/5163/products/11259_3df4da91-03f3-4493-8eaa-a8b1e28a44ef.jpg?v=1706967369,Torre Tecidos,,100,100
7268032479371,"Tecido Para Cortina Voil 3,00m Marfim","Voil Marfim com 3,00mts de largura. Indicado para a confecção de cortinas e forros de mesa, possui transparência. Produto à pronta entrega. Peso: 48 gramas/m2 Composição: 100% poliester Desenho: liso gramas/m2",in stock,new,10.99 BRL,https://torretecidos.com.br/products/tecido-para-cortina-voil-3-00m-marfim,https://cdn.shopify.com/s/files/1/0620/8038/5163/files/IMG_6172.jpg?v=1738243521,Torre Tecidos,https://cdn.shopify.com/s/files/1/0620/8038/5163/files/IMG_6173.jpg?v=1738243521,100,100
7268032544907,"Tecido Para Cortina Voil 3,00m Branco","Voil Branco com 3,00M de largura. Indicado para a confecção de cortinas e forros de mesa, possui transparência. Produto à pronta entrega. Peso: 40 gramas/m2 Composição: 100% POLIESTER Desenho: liso gramas/m2",in stock,new,10.99 BRL,https://torretecidos.com.br/products/tecido-para-cortina-voil-3-00m-branco-1,https://cdn.shopify.com/s/files/1/0620/8038/5163/files/D_NQ_NP_2X_935025-MLB72525977162_102023-F.jpg?v=1752179963,Torre Tecidos,"https://cdn.shopify.com/s/files/1/0620/8038/5163/files/D_NQ_NP_2X_935025-MLB72525977162_102023-F.webp?v=1728931356,https://cdn.shopify.com/s/files/1/0620/8038/5163/products/11261_fc253cfb-0025-4bbc-bfd6-f320e016c080.jpg?v=1706967378",100,100
7268032643211,"Tecido Para Cortina Voil 3,00m Pink","Voil Pink com 3,00m de largura. Indicado para a confecção de cortinas e forros de mesa, possui transparência. Produto à pronta entrega. Peso: 40 gramas/m2 Composição: 100%poliester. Desenho: liso gramas/m2",in stock,new,10.99 BRL,https://torretecidos.com.br/products/tecido-para-cortina-voil-3-00m-pink-1,https://cdn.shopify.com/s/files/1/0620/8038/5163/products/4577_f6d338cd-8b56-49fa-b171-ca9ab703b3f3.jpg?v=1706967383,Torre Tecidos,,100,100
7268032675979,"Tecido Para Cortina Voil 3,00 Azul Bebê","Voil Azul Bebê com 3,00m de largura. Indicado para a confecção de cortinas e forros de mesa, possui transparência. Produto à pronta entrega. Peso: 40 gramas/m2 Composição: 100%Poliester. Desenho: liso gramas/m2",in stock,new,10.99 BRL,https://torretecidos.com.br/products/tecido-para-cortina-voil-3-00m-azul-bebe,https://cdn.shopify.com/s/files/1/0620/8038/5163/products/11263.jpg?v=1706967388,Torre Tecidos,,100,100
7268032741515,"Tecido Para Cortina Voil 3,00m Laranja","Voil Laranja com 3,00m de largura. Indicado para a confecção de cortinas e forros de mesa, possui transparência. Produto à pronta entrega. Peso: 40 gramas/m2 Composição: 100%poliester. Desenho: liso gramas/m2",in stock,new,10.99 BRL,https://torretecidos.com.br/products/tecido-para-cortina-voil-3-00m-laranja-1,https://cdn.shopify.com/s/files/1/0620/8038/5163/products/11264_8ec48684-8cdc-48ee-9a23-3d73ef3dcd67.jpg?v=1706967392,Torre Tecidos,,100,100
7268032807051,"Tecido Para Cortina Voil 3,00m Marrom","Voil Marrom com 3,00m de largura. Indicado para a confecção de cortinas e forros de mesa, possui transparência. Produto à pronta entrega. Peso: 40 gramas/m2 Composição: 100%poliester. Desenho: liso gramas/m2",in stock,new,10.99 BRL,https://torretecidos.com.br/products/tecido-para-cortina-voil-3-00m-marrom,https://cdn.shopify.com/s/files/1/0620/8038/5163/files/4567.jpg?v=1706973345,Torre Tecidos,,100,100
7268032872587,Camurça Estampada Outono,"Camurça Estampada Outono com 1,4m de largura. A Camurça é indicada para estofar sofás, cadeiras, poltronas e também para colar em paredes. Produto à pronta entrega. Peso: 230 gramas/m2 Composição: 100%Poliester Desenho: listrado gramas/m2",in stock,new,31.98 BRL,https://torretecidos.com.br/products/tecido-para-sofa-camurca-estampada-outono,https://cdn.shopify.com/s/files/1/0620/8038/5163/products/1603.jpg?v=1706967406,Torre Tecidos,https://cdn.shopify.com/s/files/1/0620/8038/5163/products/413.jpg?v=1706967406,100,100
7268033003659,Gorgurão Verona Liso Duplo Lilás,"Com 2,90m de largura .É um tecido indicado para confecção de cortinas, forros de mesa, almofadas e colchas de cama, é amplamente utilizado por dispensar o uso do forro quando em uma cortina, pois já bloqueia grande parte da luz por não ser transparente. Peso: 180 gramas/m2 Composição: 60%algodão 40%Poliester Desenho: liso gramas/m2",in stock,new,36.98 BRL,https://torretecidos.com.br/products/tecido-para-cortina-verona-liso-duplo-lilas,https://cdn.shopify.com/s/files/1/0620/8038/5163/products/3315.jpg?v=1706967414,Torre Tecidos,https://cdn.shopify.com/s/files/1/0620/8038/5163/products/3314.jpg?v=1706967414,100,100
7268033101963,Gorgurão Verona Liso Duplo Marrom,"Gorgurão Verona Liso Duplo Marrom com 3,00m de largura. O Gorgurão(ou gorgurinho) com 3 metros é um tecido indicado para confecção de cortinas, forros de mesa, almofadas e colchas de cama, é amplamente utilizado por dispensar o uso do forro quando em uma cortina, pois já bloqueia grande parte da luz por não ser transparente . Produto à pronta entrega. Peso: 180 gramas/m2 Composição: 60%Algodão 40%Poliester Desenho: liso gramas/m2",in stock,new,36.98 BRL,https://torretecidos.com.br/products/tecido-para-sofa-gorgurao-verona-liso-duplo-marrom,https://cdn.shopify.com/s/files/1/0620/8038/5163/products/2197.jpg?v=1706967424,Torre Tecidos,"https://cdn.shopify.com/s/files/1/0620/8038/5163/products/2198.jpg?v=1706967424,https://cdn.shopify.com/s/files/1/0620/8038/5163/products/2196.jpg?v=1706967424",100,100
7268033134731,Gorgurão Verona Liso Duplo Verde Bandeira,"Com 2,90m de largura .É um tecido indicado para confecção de cortinas, forros de mesa, almofadas e colchas de cama, é amplamente utilizado por dispensar o uso do forro quando em uma cortina, pois já bloqueia grande parte da luz por não ser transparente. Largura: 2,90m Peso: 180 gramas/m2 Composição: 60%Algodão 40%Poliester Desenho: liso gramas/m2",in stock,new,36.98 BRL,https://torretecidos.com.br/products/tecido-gorgurao-verona-liso-duplo-verde-bandeira,https://cdn.shopify.com/s/files/1/0620/8038/5163/products/2193.jpg?v=1706967434,Torre Tecidos,"https://cdn.shopify.com/s/files/1/0620/8038/5163/products/2195.jpg?v=1706967434,https://cdn.shopify.com/s/files/1/0620/8038/5163/products/2194.jpg?v=1706967434",100,100
7268033233035,Gorgurão Verona Liso Duplo Vermelho,"Gorgurão Verona Liso Duplo Vermelho com 3,00m de largura. O Gorgurão(ou gorgurinho) com 3 metros é um tecido indicado para confecção de cortinas, forros de mesa, almofadas e colchas de cama, é amplamente utilizado por dispensar o uso do forro quando em uma cortina, pois já bloqueia grande parte da luz por não ser transparente . Produto à pronta entrega. Peso: 180 gramas/m2 Composição: 60%Algodão 40%Poliester Desenho: liso gramas/m2",in stock,new,36.98 BRL,https://torretecidos.com.br/products/tecido-para-sofa-gorgurao-verona-liso-duplo-vermelho,https://cdn.shopify.com/s/files/1/0620/8038/5163/products/2190.jpg?v=1706967445,Torre Tecidos,"https://cdn.shopify.com/s/files/1/0620/8038/5163/products/2192.jpg?v=1706967445,https://cdn.shopify.com/s/files/1/0620/8038/5163/products/2191.jpg?v=1706967445",100,100
7268033429643,Tecido Para Sofá Sarja de Algodão Peletizada Crú,"Sarja de Algodão Peletizada Crú com 1,60m de largura. A Sarja é muito indicada para estofar sofás, cadeiras, almofadas e poltronas. Tecido para uso em áreas internas. Tecido à pronta entrega. Peso: 330 gramas/m2 Composição: 100%Algodão Desenho: liso gramas/m2",in stock,new,48.98 BRL,https://torretecidos.com.br/products/tecido-para-sofa-sarja-de-algodao-peletizada-cru,https://cdn.shopify.com/s/files/1/0620/8038/5163/products/11296.jpg?v=1706967453,Torre Tecidos,https://cdn.shopify.com/s/files/1/0620/8038/5163/products/1835.jpg?v=1706967453,100,100
7268033560715,"Algodão List. Pink c/ Proteção 1,40m","Algodão List. Pink com 1,40m de largura. Tecido indicado para estofados, poltronas, almofadas e também para colar em paredes. Faz parte da coleção Holambra, seleção de tecidos resistentes à água ou impermeáveis, de cores vivas e preço acessível, fabricação nacional. Peso: 180 gramas/m2 Composição: 100%algodão. Acabamento: Resitente à água Desenho: listrado gramas/m2",in stock,new,26.98 BRL,https://torretecidos.com.br/products/tecido-para-sofa-algodao-list-pink,https://cdn.shopify.com/s/files/1/0620/8038/5163/products/1666.jpg?v=1706967461,Torre Tecidos,https://cdn.shopify.com/s/files/1/0620/8038/5163/products/753.jpg?v=1706967461,100,100
7268034085003,Tecido Para Área Externa Gorgurão Waterblock Costela de Adão Claro,"Gorgurão Waterblock Costela-de-Adão Claro com 1,40m de largura. Tecido indicado para estofados, poltronas, almofadas e também para colar em paredes. O Waterblock é um tecido resinado ideal para áreas externas, pois é impermeável. Peso: 170 gramas/m2 Composição: 70%algodão 30%poliester. Acabamento: Emborrachado(impermeável) Desenho: floral gramas/m2 • É resistente à água, o que o torna adequado para uso como externas ou com risco de umidade. • É fácil de limpar e manter, o que o torna uma boa opção para áreas de uso frequente. • Projetado para bloqueio de luz e UV, o que o torna adequado para uso como cobertura. • É resistente a rasgos e abrasão, o que o torna adequado para uso como de tráfego intenso. • Pode ser projetado para resistir a fungos e bactérias, o que o torna adequado para uso como de saúde.",in stock,new,49.98 BRL,https://torretecidos.com.br/products/tecido-para-area-externa-waterblock-costela-de-adao-claro,https://cdn.shopify.com/s/files/1/0620/8038/5163/files/ef26263b461be3a111a71bda97636749.jpg?v=1776371775,Döhler,"https://cdn.shopify.com/s/files/1/0620/8038/5163/files/f05ac12fa7ce4d62a864bef120248beb.jpg?v=1776371776,https://cdn.shopify.com/s/files/1/0620/8038/5163/files/15ddf9e8c7735279858c4d7ae2882cd4.jpg?v=1776371777,https://cdn.shopify.com/s/files/1/0620/8038/5163/files/367f8d40d84dad40cc2cb5f663789643.jpg?v=1776371777",100,100
7268034379915,Tecido Para Área Externa Gorgurão Waterblock Falso Liso Vermelho,"Gorgurão Waterblock Falso Liso Vermelho com 1,40m de largura. Tecido indicado para estofados, poltronas, almofadas e também para colar em paredes. O Waterblock é um tecido resinado ideal para áreas externas, pois é impermeável. Peso: 170 gramas/m2 Composição: 70%algodão 30%poliester. Acabamento: Emborrachado(impermeável) gramas/m2 • É resistente à água, o que o torna adequado para uso como externas ou com risco de umidade. • É fácil de limpar e manter, o que o torna uma boa opção para áreas de uso frequente. • Projetado para bloqueio de luz e UV, o que o torna adequado para uso como cobertura. • É resistente a rasgos e abrasão, o que o torna adequado para uso como de tráfego intenso. • Pode ser projetado para resistir a fungos e bactérias, o que o torna adequado para uso como de saúde.",in stock,new,49.98 BRL,https://torretecidos.com.br/products/tecido-para-area-externa-waterblock-falso-liso-vermelho,https://cdn.shopify.com/s/files/1/0620/8038/5163/products/767.jpg?v=1706970920,Döhler,https://cdn.shopify.com/s/files/1/0620/8038/5163/files/poltrona_less_reflection_ff9c3070-5fb0-419c-92a7-a5d9bcf01aca.jpg?v=1728485751,100,100
7268034478219,Tecido Para Área Externa Gorgurão Waterblock Floral Bege,"Gorgurão Waterblock Floral Bege com 1,40m de largura. Tecido indicado para estofados, poltronas, almofadas e também para colar em paredes. O Waterblock é um tecido resinado ideal para áreas externas, pois é impermeável. Peso: 170 gramas/m2 Composição: 70%algodão 30%poliester. Acabamento: Emborrachado(impermeável) Desenho: floral gramas/m2 • É resistente à água, o que o torna adequado para uso como externas ou com risco de umidade. • É fácil de limpar e manter, o que o torna uma boa opção para áreas de uso frequente. • Projetado para bloqueio de luz e UV, o que o torna adequado para uso como cobertura. • É resistente a rasgos e abrasão, o que o torna adequado para uso como de tráfego intenso. • Pode ser projetado para resistir a fungos e bactérias, o que o torna adequado para uso como de saúde.",in stock,new,49.98 BRL,https://torretecidos.com.br/products/tecido-para-area-externa-waterblock-floral-bege,https://cdn.shopify.com/s/files/1/0620/8038/5163/files/bfd84871e4854f9e2acea6ce184f25b5.jpg?v=1776451552,Döhler,"https://cdn.shopify.com/s/files/1/0620/8038/5163/products/10798.jpg?v=1776451553,https://cdn.shopify.com/s/files/1/0620/8038/5163/products/10797.jpg?v=1776451553",100,100
7268034576523,Tecido Para Área Externa Gorgurão Waterblock Liso Palha,"Gorgurão Waterblock Liso Palha com 1,40m de largura. Tecido indicado para estofados, poltronas, almofadas e também para colar em paredes. O Waterblock é um tecido resinado ideal para áreas externas, pois é impermeável. Peso: 170 gramas/m2 Composição: 70%algodão 30%poliester. Acabamento: Emborrachado(impermeável) Desenho: liso gramas/m2 • É resistente à água, o que o torna adequado para uso como externas ou com risco de umidade. • É fácil de limpar e manter, o que o torna uma boa opção para áreas de uso frequente. • Projetado para bloqueio de luz e UV, o que o torna adequado para uso como cobertura. • É resistente a rasgos e abrasão, o que o torna adequado para uso como de tráfego intenso. • Pode ser projetado para resistir a fungos e bactérias, o que o torna adequado para uso como de saúde.",in stock,new,49.98 BRL,https://torretecidos.com.br/products/tecido-para-area-externa-waterblock-liso-palha,https://cdn.shopify.com/s/files/1/0620/8038/5163/files/75bdb6769c9d4bc1bd9912fa03e6330e.jpg?v=1776370980,Döhler,"https://cdn.shopify.com/s/files/1/0620/8038/5163/products/10805.jpg?v=1776370981,https://cdn.shopify.com/s/files/1/0620/8038/5163/products/10803.jpg?v=1776370982",100,100
7268034674827,Tecido Para Cortina Rústico Flame Fendi,"Rústico Poli Fend com 3,00m de largura. Tecido indicado para a confecção de cortinas. Tecido à pronta entrega. Peso: 100 gramas/m2 Composição: 100%poliester. Desenho: liso gramas/m2",in stock,new,26.98 BRL,https://torretecidos.com.br/products/tecido-para-cortina-rustico-flame-fendi,https://cdn.shopify.com/s/files/1/0620/8038/5163/files/78fc6d83eafa9c777b821c93c904eb8f.jpg?v=1749232592,Corttex Indústria Têxtil,https://cdn.shopify.com/s/files/1/0620/8038/5163/files/efafa7dc99889f30fb8d1354abf675a7.jpg?v=1749232595,100,100
7268034904203,Tecido Para Cortina Rústico Flame Branco,"Rústico Poli Branco com 3,00m de largura. Tecido indicado para a confecção de cortinas. Tecido à pronta entrega. Peso: 110 gramas/m2 Composição: 100%poliester. Desenho: liso gramas/m2",in stock,new,26.98 BRL,https://torretecidos.com.br/products/tecido-para-cortina-rustico-flame-branco,https://cdn.shopify.com/s/files/1/0620/8038/5163/products/7323.jpg?v=1706967526,Corttex Indústria Têxtil,"https://cdn.shopify.com/s/files/1/0620/8038/5163/products/7325.jpg?v=1706967526,https://cdn.shopify.com/s/files/1/0620/8038/5163/products/7324.jpg?v=1706967526",100,100
7268034969739,"Algodão List. Rato c/ Proteção 1,40m","Algodão List. Rato com 1,40m de largura. Tecido indicado para estofados, poltronas, almofadas e também para colar em paredes. Faz parte da coleção Holambra, seleção de tecidos resistentes à água ou impermeáveis, de cores vivas e preço acessível, fabricação nacional. Peso: 180 gramas/m2 Composição: 100%algodão. Acabamento: Resitente à água Desenho: Listrado gramas/m2",in stock,new,26.98 BRL,https://torretecidos.com.br/products/tecido-para-sofa-algodao-list-rato,https://cdn.shopify.com/s/files/1/0620/8038/5163/products/2907.jpg?v=1706967540,Torre Tecidos,"https://cdn.shopify.com/s/files/1/0620/8038/5163/products/2908.jpg?v=1706967540,https://cdn.shopify.com/s/files/1/0620/8038/5163/products/2906.jpg?v=1706967540",100,100
7268035068043,Tecido Para Cortina Semi Blackout Cinza,"Black-out de Seda Cinza com 2,80m de largura. Tecido indicado para a confecção de cortinas, possui a propriedade de bloquear a luz solar. Veda 70% da luminosidade. Peso: 200 gramas/m2 Composição: 100%poliester. Desenho: Liso gramas/m2",in stock,new,28.98 BRL,https://torretecidos.com.br/products/tecido-para-cortina-semi-blackout-cinza,https://cdn.shopify.com/s/files/1/0620/8038/5163/products/7337.jpg?v=1709757968,Torre Tecidos,https://cdn.shopify.com/s/files/1/0620/8038/5163/products/7336.jpg?v=1709757968,100,100
7268035166347,Forro de Nylon Palha,"Forro Palha Para Cortina com 2,90MTS de largura Peso: ,020 gramas/m2 Composição: 100% POLIESTER Desenho: liso gramas/m2",in stock,new,18.50 BRL,https://torretecidos.com.br/products/tecido-para-cortina-forro-de-nylon-palha,https://cdn.shopify.com/s/files/1/0620/8038/5163/products/11002.jpg?v=1706967554,Torre Tecidos,https://cdn.shopify.com/s/files/1/0620/8038/5163/products/11001.jpg?v=1706967554,100,100
7268035494027,Forro de Nylon Branco,"Forro Branco Para Cortina com 2,90MTS de largura Peso: 20 gramas/m2 Composição: 100% POLIESTER Desenho: liso gramas/m2",in stock,new,18.50 BRL,https://torretecidos.com.br/products/tecido-para-cortina-forro-de-nylon-branco,https://cdn.shopify.com/s/files/1/0620/8038/5163/products/996.jpg?v=1706967563,Torre Tecidos,https://cdn.shopify.com/s/files/1/0620/8038/5163/products/1830.jpg?v=1706967563,100,100
7268041785483,"Linho Gaze Branca 3,00m","Linho Gaze Branca com 3,00m de largura. Tecido indicado para a confecção de cortinas. Peso: 80 gramas/m2 Composição: 37%Viscose 37%Linho 26%Poliester. Desenho: liso gramas/m2",in stock,new,64.98 BRL,https://torretecidos.com.br/products/tecido-para-cortina-linho-gaze-branca,https://cdn.shopify.com/s/files/1/0620/8038/5163/products/1781.jpg?v=1706969614,Torre Tecidos,https://cdn.shopify.com/s/files/1/0620/8038/5163/products/1782.jpg?v=1706969614,100,100
7268042342539,"Tecido Para Cortina Voil 3,00m Preto","Voil de 3mts Preto com 3,00mts de largura. Indicado para a confecção de cortinas e forros de mesa, possui transparência. Produto à pronta entrega. Peso: 10 gramas/m2 Composição: 100%poliester Desenho: liso gramas/m2",in stock,new,10.99 BRL,https://torretecidos.com.br/products/tecido-para-cortina-voil-3-00m-preto,https://cdn.shopify.com/s/files/1/0620/8038/5163/products/2169.jpg?v=1706969708,Torre Tecidos,,100,100
7268042408075,"Microfibra 3,00m Marfim","Microfibra Marfim com 3,00m de largura Peso: 30 gramas/m2 Composição: 100%Poliester. Desenho: liso gramas/m2",in stock,new,11.98 BRL,https://torretecidos.com.br/products/tecido-para-cortina-microfibra-marfim,https://cdn.shopify.com/s/files/1/0620/8038/5163/files/1717698292842.jpg?v=1717701421,Torre Tecidos,,100,100
7268042440843,"Microfibra 3,00m Branca","Microfibra de Branca com 3,00m de largura Peso: 30 gramas/m2 Composição: 100%Poliester. Desenho: liso gramas/m2",in stock,new,11.98 BRL,https://torretecidos.com.br/products/tecido-para-cortina-microfibra-branca,https://cdn.shopify.com/s/files/1/0620/8038/5163/products/2951.jpg?v=1706969724,Torre Tecidos,"https://cdn.shopify.com/s/files/1/0620/8038/5163/products/2950.jpg?v=1706969724,https://cdn.shopify.com/s/files/1/0620/8038/5163/products/2952.jpg?v=1706969724",100,100
7268042571915,Tecido Para Sofá Veludo Vellus Suzani,"Veludo Vellus Suzani com 1,45m de largura. Tecido indicado para estofar e para colar em paredes. Esse veludo é estampado usando tecnologia alemã de transfer, o que garante altissíma definição na estampa. Peso: 270 gramas/m2 Composição: 100%Poliester Desenho: Estampado gramas/m2 • Estampas personalizadas: Usando a estampa digital, é possível criar estampas personalizadas e exclusivas. • Alta qualidade de impressão: A estampa digital permite uma maior precisão e qualidade de impressão. • Opções de cores: A estampa digital oferece uma ampla gama de opções de cores, permitindo criar desenhos e padrões vibrantes e coloridos. • Versatilidade: O veludo estampado digitalmente pode ser usado em uma variedade de aplicações, incluindo estofamento de móveis, cortinas, almofadas e até mesmo roupas. • Durabilidade: O veludo é um tecido resistente, e a estampa digital garante que a cor e o desenho permaneçam vibrantes por muito tempo. ***VALOR REFERENTE A 1 METRO DE TECIDO*** Enviamos sempre sem cortes, 2 unidades serão 2 metros sem cortes.",in stock,new,54.98 BRL,https://torretecidos.com.br/products/tecido-para-sofa-veludo-vellus-suzani-1,https://cdn.shopify.com/s/files/1/0620/8038/5163/products/2074.jpg?v=1715342551,Texpoint,"https://cdn.shopify.com/s/files/1/0620/8038/5163/products/10609.jpg?v=1716496723,https://cdn.shopify.com/s/files/1/0620/8038/5163/products/2070.jpg?v=1716496723,https://cdn.shopify.com/s/files/1/0620/8038/5163/products/2071.jpg?v=1716496723",100,100
7268042637451,Gorgurão Verona Liso Duplo Branco,"Com 2,90m de largura .É um tecido indicado para confecção de cortinas, forros de mesa, almofadas e colchas de cama, é amplamente utilizado por dispensar o uso do forro quando em uma cortina, pois já bloqueia grande parte da luz por não ser transparente. Peso: 180 gramas/m2 Composição: 59%ALGODÃO + 41% POLIESTER gramas/m2",in stock,new,36.98 BRL,https://torretecidos.com.br/products/tecido-para-cortina-verona-liso-duplo-branco,https://cdn.shopify.com/s/files/1/0620/8038/5163/products/2188.jpg?v=1706969776,Torre Tecidos,"https://cdn.shopify.com/s/files/1/0620/8038/5163/products/2187.jpg?v=1706969776,https://cdn.shopify.com/s/files/1/0620/8038/5163/products/2189.jpg?v=1706969776",100,100
7268042670219,Gorgurão Verona Liso Duplo Bege,"Com 2,90m de largura .É um tecido indicado para confecção de cortinas, forros de mesa, almofadas e colchas de cama, é amplamente utilizado por dispensar o uso do forro quando em uma cortina, pois já bloqueia grande parte da luz por não ser transparente. Peso: 180 gramas/m2 Composição: 60%algodão 40%poliester. gramas/m2",in stock,new,36.98 BRL,https://torretecidos.com.br/products/tecido-para-cortina-verona-liso-duplo-bege,https://cdn.shopify.com/s/files/1/0620/8038/5163/products/2200.jpg?v=1706969786,Torre Tecidos,"https://cdn.shopify.com/s/files/1/0620/8038/5163/products/2199.jpg?v=1706969786,https://cdn.shopify.com/s/files/1/0620/8038/5163/products/2201.jpg?v=1706969786",100,100
7268042801291,Gorgurão Verona Liso Duplo Marfim,"Com 2,90m de largura .É um tecido indicado para confecção de cortinas, forros de mesa, almofadas e colchas de cama, é amplamente utilizado por dispensar o uso do forro quando em uma cortina, pois já bloqueia grande parte da luz por não ser transparente. Peso: 220 gramas/m2 Composição: 50%Algodão 50%Poliester. gramas/m2",in stock,new,36.98 BRL,https://torretecidos.com.br/products/tecido-para-cortina-verona-liso-duplo-marfim,https://cdn.shopify.com/s/files/1/0620/8038/5163/files/9d75f7fa518c40c953c360c229867d7d.jpg?v=1749661226,Torre Tecidos,"https://cdn.shopify.com/s/files/1/0620/8038/5163/files/a143c745299ffcb993dd83c7d3d0583b.jpg?v=1749661285,https://cdn.shopify.com/s/files/1/0620/8038/5163/files/f354f74684de44d6fb68b5ae66238efc.jpg?v=1749661340",100,100
7268042834059,Gorgurão Verona Liso Duplo Crú,"Com 2,90m de largura .É um tecido indicado para confecção de cortinas, forros de mesa, almofadas e colchas de cama, é amplamente utilizado por dispensar o uso do forro quando em uma cortina, pois já bloqueia grande parte da luz por não ser transparente. Peso: 220 gramas/m2 Composição: 50%Algodão 50% Poliester. gramas/m2",in stock,new,36.98 BRL,https://torretecidos.com.br/products/tecido-para-cortina-verona-liso-duplo-cru,https://cdn.shopify.com/s/files/1/0620/8038/5163/products/10778.jpg?v=1706969823,Torre Tecidos,https://cdn.shopify.com/s/files/1/0620/8038/5163/products/10783.jpg?v=1706969823,100,100
7268042866827,Tecido Para Área Externa Gorgurão Waterblock Falso Liso Verde Folha,"Gorgurão Waterblock Falso Liso Verde Folha com 1,40m de largura. Tecido indicado para estofados, poltronas, almofadas e também para colar em paredes. O Waterblock é um tecido resinado ideal para áreas externas, pois é impermeável. Peso: 178 gramas/m2 Composição: 70%algodão 30%poliester. Acabamento: Emborrachado(impermeável) Desenho: Falso liso gramas/m2 • É resistente à água, o que o torna adequado para uso como externas ou com risco de umidade. • É fácil de limpar e manter, o que o torna uma boa opção para áreas de uso frequente. • Projetado para bloqueio de luz e UV, o que o torna adequado para uso como cobertura. • É resistente a rasgos e abrasão, o que o torna adequado para uso como de tráfego intenso. • Pode ser projetado para resistir a fungos e bactérias, o que o torna adequado para uso como de saúde.",in stock,new,49.98 BRL,https://torretecidos.com.br/products/tecido-para-sofa-gorgurao-waterblock-falso-liso-verde-folha,https://cdn.shopify.com/s/files/1/0620/8038/5163/files/57d0f6b5da54d01f3b4d1bd163a76884.jpg?v=1776455408,Döhler,"https://cdn.shopify.com/s/files/1/0620/8038/5163/products/2275.jpg?v=1776455409,https://cdn.shopify.com/s/files/1/0620/8038/5163/products/2273.jpg?v=1776455409,https://cdn.shopify.com/s/files/1/0620/8038/5163/products/2274.jpg?v=1776455410",100,100
7268042932363,"Tecido Para Sofá Jacquard Adamascado Monarca Azul Tiffany 2,80m","Jacquard Adamascado Monarca Azul Tiffany com 2,80m de largura. Muito utilizado como forros de mesa para festas de casamentos e outras cerimônias. Peso: 240 gramas/m2 Composição: 56%algodão 44%Poliester gramas/m2 • Design Complexo: O tecido Jacquard é conhecido por sua capacidade de criar desenhos e padrões complexos e detalhados. • Textura: Possui uma textura única e rica, o que pode adicionar profundidade e interesse visual ao espaço. • Durabilidade: É um tecido resistente e durável, o que o torna ideal para uso em móveis e decoração de interiores. • Versatilidade: Pode ser usado em uma variedade de aplicações, incluindo estofamento de móveis, cortinas, almofadas e até mesmo roupas. • Design elegante: Possui uma aparência elegante e sofisticada, que pode ser usada para dar um toque de luxo e sofisticação a qualquer espaço.",in stock,new,37.50 BRL,https://torretecidos.com.br/products/tecido-para-cortina-jacquard-adamascado-monarca-azul-tiffany,https://cdn.shopify.com/s/files/1/0620/8038/5163/products/2303.jpg?v=1706969848,Torre Tecidos,"https://cdn.shopify.com/s/files/1/0620/8038/5163/products/2301.jpg?v=1706969848,https://cdn.shopify.com/s/files/1/0620/8038/5163/products/2302.jpg?v=1706969848",100,100
7268043063435,Tecido Para Sofá Sarja de Algodão Peletizada Preta,"Sarja de Algodão Peletizada Preta com 1,60m de largura. A Sarja é muito indicada para estofar sofás, cadeiras, almofadas e poltronas. Tecido para uso em áreas internas. Tecido à pronta entrega. Peso: 330 gramas/m2 Composição: 100%Algodão gramas/m2",in stock,new,48.98 BRL,https://torretecidos.com.br/products/tecido-sarja-de-algodao-peletizada-preta,https://cdn.shopify.com/s/files/1/0620/8038/5163/products/11292.jpg?v=1706969874,Torre Tecidos,https://cdn.shopify.com/s/files/1/0620/8038/5163/products/11293.jpg?v=1706969874,100,100
7268043096203,"Tecido Para Sofá Veludo Estampado Vellus News 1,40m","Veludo Estampado Vellus News com 1,40m de largura. Tecido indicado para estofar e para colar em paredes. Esse veludo é estampado usando tecnologia alemã de transfer, o que garante altissíma definição na estampa. Peso: 290 gramas/m2 Composição: 100%Poliester gramas/m2",in stock,new,54.98 BRL,https://torretecidos.com.br/products/tecido-para-sofa-veludo-estampado-vellus-news,https://cdn.shopify.com/s/files/1/0620/8038/5163/products/2781.jpg?v=1706969889,Texpoint,"https://cdn.shopify.com/s/files/1/0620/8038/5163/products/2778.jpg?v=1706969889,https://cdn.shopify.com/s/files/1/0620/8038/5163/products/2779.jpg?v=1706969889,https://cdn.shopify.com/s/files/1/0620/8038/5163/products/2780.jpg?v=1706969889",100,100
7268043128971,"Tecido Para Sofá Veludo Vellus Route 66 1,45m","Veludo Vellus Route 66 com 1,45m de largura. Tecido indicado para estofar e para colar em paredes. Esse veludo é estampado usando tecnologia alemã de transfer, o que garante altissíma definição na estampa. Peso: 290 gramas/m2 Composição: 100%Poliester gramas/m2 • Estampas personalizadas: Usando a estampa digital, é possível criar estampas personalizadas e exclusivas. • Alta qualidade de impressão: A estampa digital permite uma maior precisão e qualidade de impressão. • Opções de cores: A estampa digital oferece uma ampla gama de opções de cores, permitindo criar desenhos e padrões vibrantes e coloridos. • Versatilidade: O veludo estampado digitalmente pode ser usado em uma variedade de aplicações, incluindo estofamento de móveis, cortinas, almofadas e até mesmo roupas. • Durabilidade: O veludo é um tecido resistente, e a estampa digital garante que a cor e o desenho permaneçam vibrantes por muito tempo. ***VALOR REFERENTE A 1 METRO DE TECIDO*** Enviamos sempre sem cortes, 2 unidades serão 2 metros sem cortes.",in stock,new,63.98 BRL,https://torretecidos.com.br/products/tecido-para-sofa-veludo-vellus-route-66,https://cdn.shopify.com/s/files/1/0620/8038/5163/products/2792.jpg?v=1706969901,Texpoint,"https://cdn.shopify.com/s/files/1/0620/8038/5163/products/2791.jpg?v=1706969901,https://cdn.shopify.com/s/files/1/0620/8038/5163/products/2793.jpg?v=1706969901",100,100
7268043227275,Tecido Para Cortina Semi Blackout Rústico Marrom,"Black-out Rústico Marrom com 2,80m de largura. Tecido indicado para a confecção de cortinas, possui a propriedade de bloquear a luz solar. Tecido disponível à pronta entrega. Veda 70% da luminosidade. Peso: 270 gramas/m2 Composição: 100%Poliester gramas/m2",in stock,new,59.98 BRL,https://torretecidos.com.br/products/tecido-para-cortina-semi-blackout-rustico-marron,https://cdn.shopify.com/s/files/1/0620/8038/5163/products/2948.jpg?v=1709758002,Torre Tecidos,https://cdn.shopify.com/s/files/1/0620/8038/5163/products/2949.jpg?v=1709758002,100,100
7268043292811,"Microfibra 3,00m Ocre","Microfibra Ocre com 3,00m de largura Peso: 66 gramas/m2 Composição: 100%Poliester gramas/m2",in stock,new,11.98 BRL,https://torretecidos.com.br/products/tecido-para-cortina-microfibra-3-00m-ocre,https://cdn.shopify.com/s/files/1/0620/8038/5163/files/1717698289009_6ed4aa47-7e10-423d-b730-38a174370982.jpg?v=1717701491,Torre Tecidos,,100,100
7268043423883,Suede Amassada Fendi,"Suede Amassada Fendi com 1,42m de largura. O Suede é indicado para todos os tipos de estofados, incluindo sofás, cadeiras e poltronas. Peso: 230 gramas/m2 Composição: 100%Poliester gramas/m2",in stock,new,19.98 BRL,https://torretecidos.com.br/products/tecido-para-sofa-suede-amassada-fendi,https://cdn.shopify.com/s/files/1/0620/8038/5163/products/11003.jpg?v=1706969929,Corttex Indústria Têxtil,,100,100
7268043456651,"Tecido Para Cortina Voil 3,00m Vermelho","Voil Vermelho com 3,00m de largura. Indicado para a confecção de cortinas e forros de mesa, possui transparência. Produto à pronta entrega. Peso: 10 gramas/m2 Composição: 100%Poliester. gramas/m2",in stock,new,10.99 BRL,https://torretecidos.com.br/products/tecido-para-cortina-voil-3-00m-vermelho-1,https://cdn.shopify.com/s/files/1/0620/8038/5163/products/4563_0911f476-75f3-4c27-995e-6dc136e2c0b3.jpg?v=1706969934,Torre Tecidos,,100,100
7268043554955,Gorgurao Verona Liso Duplo Cimento,"Com 2,90m de largura .É um tecido indicado para confecção de cortinas, forros de mesa, almofadas e colchas de cama, é amplamente utilizado por dispensar o uso do forro quando em uma cortina, pois já bloqueia grande parte da luz por não ser transparente. Peso: 180 gramas/m2 Composição: 60%algodão 40%poliester. Desenho: liso gramas/m2",in stock,new,36.98 BRL,https://torretecidos.com.br/products/tecido-para-cortina-gorgurao-verona-liso-duplo-cimento,https://cdn.shopify.com/s/files/1/0620/8038/5163/files/2b7a21eb71219ef8669fe268f757d436.jpg?v=1749479359,Torre Tecidos,https://cdn.shopify.com/s/files/1/0620/8038/5163/files/28ddff84e2223168fe2fb204692fe3ad.jpg?v=1749479549,100,100
7268043849867,"Tecido Para Cortina Jacquard 2,80  Medalhão Marfim","Jacquard 2,80 Medalhão Marfim com 2,80m de largura. Indicado para a confecção de cortinas e forros de mesa. O jacquard possui uma trama sofisticada. Produto à pronta entrega. Largura: 2,80m Peso: 150 gramas/m2 Composição: 100%Poliester gramas/m2 • Design Complexo: O tecido Jacquard é conhecido por sua capacidade de criar desenhos e padrões complexos e detalhados. • Textura: Possui uma textura única e rica, o que pode adicionar profundidade e interesse visual ao espaço. • Durabilidade: É um tecido resistente e durável, o que o torna ideal para uso em móveis e decoração de interiores. • Versatilidade: Pode ser usado em uma variedade de aplicações, incluindo estofamento de móveis, cortinas, almofadas e até mesmo roupas. • Design elegante: Possui uma aparência elegante e sofisticada, que pode ser usada para dar um toque de luxo e sofisticação a qualquer espaço.",in stock,new,33.98 BRL,https://torretecidos.com.br/products/tecido-para-cortina-jacquard-2-80-medalhao-marfim,https://cdn.shopify.com/s/files/1/0620/8038/5163/products/11166.jpg?v=1706969969,Torre Tecidos,https://cdn.shopify.com/s/files/1/0620/8038/5163/products/11167.jpg?v=1706969969,100,100
7268044046475,Algodão Colorê Listras Rosa/Azul,"Algodão Colorê Listras Rosa/Azul com 1,45m de largura. Esse produto é tecido com fio tinto o que dificulta ainda mais o desbotamento e confere um acabamento melhor no desenho das estampas. Por ser 100% algodão é considerado um tecido fresco, ideal para ambientes quentes. Largura: 1,45m Peso: 191 gramas/m2 Composição: 100%Algodão gramas/m2",in stock,new,29.98 BRL,https://torretecidos.com.br/products/tecido-para-sofa-algodao-colore-listras-rosa-azul,https://cdn.shopify.com/s/files/1/0620/8038/5163/products/3875.jpg?v=1706970008,Torre Tecidos,"https://cdn.shopify.com/s/files/1/0620/8038/5163/products/3876.jpg?v=1706970008,https://cdn.shopify.com/s/files/1/0620/8038/5163/products/3877.jpg?v=1706970008,https://cdn.shopify.com/s/files/1/0620/8038/5163/products/3878.jpg?v=1706970008",100,100
7268044210315,Algodão Colorê Pink/Lilás,"Algodão Colorê Pink/Lilás com 1,45m de largura. Esse produto é tecido com fio tinto o que dificulta ainda mais o desbotamento e confere um acabamento melhor no desenho das estampas. Por ser 100% algodão é considerado um tecido fresco, ideal para ambientes quentes. Largura: 1,45m Peso: 191 gramas/m2 Composição: 100%Algodão gramas/m2",in stock,new,29.98 BRL,https://torretecidos.com.br/products/tecido-para-sofa-algodao-colore-pink-lilas,https://cdn.shopify.com/s/files/1/0620/8038/5163/products/3883.jpg?v=1706970027,Torre Tecidos,"https://cdn.shopify.com/s/files/1/0620/8038/5163/products/3884.jpg?v=1706970028,https://cdn.shopify.com/s/files/1/0620/8038/5163/products/3885.jpg?v=1706970028,https://cdn.shopify.com/s/files/1/0620/8038/5163/products/3886.jpg?v=1706970028",100,100
7268044308619,Algodão Colorê Listras Vermelho/Marrom,"Algodão Colorê Listras Vermelho/Marrom com 1,45m de largura. Esse produto é tecido com fio tinto o que dificulta ainda mais o desbotamento e confere um acabamento melhor no desenho das estampas. Por ser 100% algodão é considerado um tecido fresco, ideal para ambientes quentes. Largura: 1,45m Peso: 191 gramas/m2 Composição: 100%Algodão gramas/m2",in stock,new,29.98 BRL,https://torretecidos.com.br/products/tecido-para-sofa-algodao-colore-listras-vermelho-marrom,https://cdn.shopify.com/s/files/1/0620/8038/5163/products/3889.jpg?v=1706970053,Torre Tecidos,"https://cdn.shopify.com/s/files/1/0620/8038/5163/products/3891.jpg?v=1706970053,https://cdn.shopify.com/s/files/1/0620/8038/5163/products/3892.jpg?v=1706970053,https://cdn.shopify.com/s/files/1/0620/8038/5163/products/3893.jpg?v=1706970053",100,100
7268044374155,Algodão Colorê Xadrez Rosa/Azul,"Algodão Colorê Xadrez Rosa/Azul com 1,45m de largura. Esse produto é tecido com fio tinto o que dificulta ainda mais o desbotamento e confere um acabamento melhor no desenho das estampas. Por ser 100% algodão é considerado um tecido fresco, ideal para ambientes quentes. Largura: 1,45m Peso: 191 gramas/m2 Composição: 100%Algodão gramas/m2 É uma estampa versátil e pode ser usada em uma variedade de estilos de decoração, desde o clássico até o moderno. É uma estampa icônica que tem sido popular por décadas, o que significa que é fácil de encontrar em acessórios de decoração e tecidos. A estampa de xadrez pode ser usada para criar uma aparência rústica e acolhedora, especialmente quando combinada com cores quentes e materiais naturais. Pode ser usada para criar um contraste interessante com outras estampas ou cores mais fortes, adicionando profundidade e interesse visual ao espaço. Pode ser usada para adicionar um toque de personalidade e caráter a um espaço, especialmente quando combinada com peças vintage ou antigas.",in stock,new,29.98 BRL,https://torretecidos.com.br/products/tecido-para-sofa-algodao-colore-xadrez-rosa-azul,https://cdn.shopify.com/s/files/1/0620/8038/5163/products/3901.jpg?v=1706970068,Torre Tecidos,"https://cdn.shopify.com/s/files/1/0620/8038/5163/products/3898.jpg?v=1706970068,https://cdn.shopify.com/s/files/1/0620/8038/5163/products/3899.jpg?v=1706970068,https://cdn.shopify.com/s/files/1/0620/8038/5163/products/3900.jpg?v=1706970068",100,100
7268044505227,Tecido Para Sofá Jacquard Flores Tubique Preto,"Jacquard Flores Tubique Preto com 1,40m de largura. Tecido indicado para estofar sofás, poltronas e também para colar em paredes. Tecido à pronta entrega. Largura: 1,40m Peso: 250 gramas/m2 Composição: 74%Algodão 26%Poliester gramas/m2 • Design Complexo: O tecido Jacquard é conhecido por sua capacidade de criar desenhos e padrões complexos e detalhados. • Textura: Possui uma textura única e rica, o que pode adicionar profundidade e interesse visual ao espaço. • Durabilidade: É um tecido resistente e durável, o que o torna ideal para uso em móveis e decoração de interiores. • Versatilidade: Pode ser usado em uma variedade de aplicações, incluindo estofamento de móveis, cortinas, almofadas e até mesmo roupas. • Design elegante: Possui uma aparência elegante e sofisticada, que pode ser usada para dar um toque de luxo e sofisticação a qualquer espaço.",in stock,new,35.98 BRL,https://torretecidos.com.br/products/tecido-para-sofa-jacquard-flores-tubique-preto,https://cdn.shopify.com/s/files/1/0620/8038/5163/products/4003.jpg?v=1706970093,Torre Tecidos,"https://cdn.shopify.com/s/files/1/0620/8038/5163/products/4004.jpg?v=1706970093,https://cdn.shopify.com/s/files/1/0620/8038/5163/products/4005.jpg?v=1706970093",100,100
7268044603531,Tecido Para Sofá Veludo Vellus Pied Poule Pequeno,"Veludo Vellus Pied Poule Pequeno com 1,45m de largura. Tecido indicado para estofar e para colar em paredes. Esse veludo é estampado usando tecnologia alemã de transfer, o que garante altissíma definição na estampa. Peso: 280 gramas/m2 Composição: 100%Poliester gramas/m2 • Estampas personalizadas: Usando a estampa digital, é possível criar estampas personalizadas e exclusivas. • Alta qualidade de impressão: A estampa digital permite uma maior precisão e qualidade de impressão. • Opções de cores: A estampa digital oferece uma ampla gama de opções de cores, permitindo criar desenhos e padrões vibrantes e coloridos. • Versatilidade: O veludo estampado digitalmente pode ser usado em uma variedade de aplicações, incluindo estofamento de móveis, cortinas, almofadas e até mesmo roupas. • Durabilidade: O veludo é um tecido resistente, e a estampa digital garante que a cor e o desenho permaneçam vibrantes por muito tempo. ***VALOR REFERENTE A 1 METRO DE TECIDO*** Enviamos sempre sem cortes, 2 unidades serão 2 metros sem cortes.",in stock,new,54.98 BRL,https://torretecidos.com.br/products/tecido-para-sofa-veludo-vellus-pied-poule-pequeno,https://cdn.shopify.com/s/files/1/0620/8038/5163/products/4014.jpg?v=1706970110,Texpoint,"https://cdn.shopify.com/s/files/1/0620/8038/5163/products/4011.jpg?v=1706970110,https://cdn.shopify.com/s/files/1/0620/8038/5163/products/4012.jpg?v=1706970110,https://cdn.shopify.com/s/files/1/0620/8038/5163/products/4013.jpg?v=1706970110",100,100
7268044669067,"Tecido Para Cortina Voil 3,00m Azul Turquesa","Voil Liso Azul Tiffany com 3,00m de largura. Indicado para a confecção de cortinas e forros de mesa, possui transparência. Produto à pronta entrega. Largura: 3,00m Peso: 40 gramas/m2 Composição: 100%Poliester gramas/m2",in stock,new,10.99 BRL,https://torretecidos.com.br/products/tecido-para-cortina-voil-3-00m-azul-turquesa,https://cdn.shopify.com/s/files/1/0620/8038/5163/files/IMG_6177.jpg?v=1738243582,Torre Tecidos,https://cdn.shopify.com/s/files/1/0620/8038/5163/files/IMG_6178.jpg?v=1738243582,100,100
7268044701835,"Tecido Para Cortina Voil 3,00m Roxo","Voil Roxo com 3,00m de largura. Indicado para a confecção de cortinas e forros de mesa, possui transparência. Produto à pronta entrega. Largura: 3,00m Peso: 40 gramas/m2 Composição: 100%Poliester gramas/m2",in stock,new,10.99 BRL,https://torretecidos.com.br/products/tecido-para-cortina-voil-3-00m-roxo,https://cdn.shopify.com/s/files/1/0620/8038/5163/products/11262.jpg?v=1706970119,Torre Tecidos,,100,100
7268044800139,Tecido Para Sofá Gobelem Pixel Floral Crú,"Jacquard Pixel Floral Crú com 1,55m de largura. Tecido de gramatura pesada adequado para estofar. Tecido à pronta entrega. Largura: 1,45m Peso: 310 gramas/m2 Composição: 58%Poliester 42%Algodão gramas/m2 • Tradição: O uso do Gobelim na decoração remonta a muitos séculos atrás, e carrega consigo uma rica tradição de arte e artesanato. • Exclusividade: Os Gobelins são peças únicas e raras, e adicionar um ao seu espaço pode dar uma sensação de exclusividade e luxo. • Detalhes: Eles são conhecidos por sua precisão e detalhamento, o que os torna peças de arte verdadeiramente impressionantes. • Versatilidade: Eles podem ser usados para decorar diferentes ambientes, desde salas de estar até quartos de hotel de luxo. • Investimento: Os Gobelins são peças valiosas e podem ser consideradas um investimento a longo prazo.",in stock,new,66.98 BRL,https://torretecidos.com.br/products/tecido-para-sofa-gobelem-pixel-floral-cru-1,https://cdn.shopify.com/s/files/1/0620/8038/5163/files/891196f22ef67ef1e7858255b0f1b062_6b3dd77a-27bd-4a1f-ad75-2d06bee63cb8.jpg?v=1776361843,Meneghel Indústria Têxtil,"https://cdn.shopify.com/s/files/1/0620/8038/5163/files/4314.jpg?v=1776361844,https://cdn.shopify.com/s/files/1/0620/8038/5163/files/4312.jpg?v=1776361845,https://cdn.shopify.com/s/files/1/0620/8038/5163/files/4316.jpg?v=1776361845",100,100
7268044865675,Tecido Para Sofá Gobelem Pixel Preto,"Gobelem Pixel Preto com 1,55m de largura. Tecido de gramatura pesada adequado para estofar. Tecido à pronta entrega. Largura: 1,45m Peso: 310 gramas/m2 Composição: 58%Poliester 42%Algodão gramas/m2 • Tradição: O uso do Gobelim na decoração remonta a muitos séculos atrás, e carrega consigo uma rica tradição de arte e artesanato. • Exclusividade: Os Gobelins são peças únicas e raras, e adicionar um ao seu espaço pode dar uma sensação de exclusividade e luxo. • Detalhes: Eles são conhecidos por sua precisão e detalhamento, o que os torna peças de arte verdadeiramente impressionantes. • Versatilidade: Eles podem ser usados para decorar diferentes ambientes, desde salas de estar até quartos de hotel de luxo. • Investimento: Os Gobelins são peças valiosas e podem ser consideradas um investimento a longo prazo.",in stock,new,66.98 BRL,https://torretecidos.com.br/products/tecido-para-sofa-gobelem-pixel-preto,https://cdn.shopify.com/s/files/1/0620/8038/5163/files/d6b160aa5a11f2894497430ae92e38c5.jpg?v=1776363546,Meneghel Indústria Têxtil,"https://cdn.shopify.com/s/files/1/0620/8038/5163/products/4117.jpg?v=1776363547,https://cdn.shopify.com/s/files/1/0620/8038/5163/products/4113.jpg?v=1776363548,https://cdn.shopify.com/s/files/1/0620/8038/5163/products/4114.jpg?v=1776363549",100,100
7268044931211,Tecido Para Sofá Gobelem Pixel Crú,"Gobelem Pixel crú com 1,55m de largura. Tecido de gramatura pesada adequado para estofar. Tecido à pronta entrega. Largura: 1,45m Peso: 310 gramas/m2 Composição: 58%Poliester 42%Algodão gramas/m2 • Tradição: O uso do Gobelim na decoração remonta a muitos séculos atrás, e carrega consigo uma rica tradição de arte e artesanato. • Exclusividade: Os Gobelins são peças únicas e raras, e adicionar um ao seu espaço pode dar uma sensação de exclusividade e luxo. • Detalhes: Eles são conhecidos por sua precisão e detalhamento, o que os torna peças de arte verdadeiramente impressionantes. • Versatilidade: Eles podem ser usados para decorar diferentes ambientes, desde salas de estar até quartos de hotel de luxo. • Investimento: Os Gobelins são peças valiosas e podem ser consideradas um investimento a longo prazo.",in stock,new,66.98 BRL,https://torretecidos.com.br/products/tecido-para-sofa-gobelem-pixel-cru,https://cdn.shopify.com/s/files/1/0620/8038/5163/files/ec1119b18aff27c4d99d53bfc0b9261c.jpg?v=1776358006,Meneghel Indústria Têxtil,"https://cdn.shopify.com/s/files/1/0620/8038/5163/products/4119.jpg?v=1776358007,https://cdn.shopify.com/s/files/1/0620/8038/5163/products/4120.jpg?v=1776358008,https://cdn.shopify.com/s/files/1/0620/8038/5163/products/4121.jpg?v=1776358008",100,100
7268045029515,Tecido Para Sofá Gobelem Pixel Floral 2 Crú,"Gobelem Pixel Floral Crú com 1,55m de largura. Tecido de gramatura pesada adequado para estofar. Tecido à pronta entrega. Largura: 1,45m Peso: 310 gramas/m2 Composição: 58%Poliester 42%Algodão gramas/m2 • Tradição: O uso do Gobelim na decoração remonta a muitos séculos atrás, e carrega consigo uma rica tradição de arte e artesanato. • Exclusividade: Os Gobelins são peças únicas e raras, e adicionar um ao seu espaço pode dar uma sensação de exclusividade e luxo. • Detalhes: Eles são conhecidos por sua precisão e detalhamento, o que os torna peças de arte verdadeiramente impressionantes. • Versatilidade: Eles podem ser usados para decorar diferentes ambientes, desde salas de estar até quartos de hotel de luxo. • Investimento: Os Gobelins são peças valiosas e podem ser consideradas um investimento a longo prazo.",in stock,new,66.98 BRL,https://torretecidos.com.br/products/tecido-para-sofa-gobelem-pixel-floral-2-cru,https://cdn.shopify.com/s/files/1/0620/8038/5163/files/891196f22ef67ef1e7858255b0f1b062.jpg?v=1776359397,Meneghel Indústria Têxtil,"https://cdn.shopify.com/s/files/1/0620/8038/5163/products/4312.jpg?v=1776359398,https://cdn.shopify.com/s/files/1/0620/8038/5163/products/4311.jpg?v=1776359399,https://cdn.shopify.com/s/files/1/0620/8038/5163/products/4313.jpg?v=1776359400",100,100
7268045062283,Tecido Para Sofá Veludo Vellus Azul Tiffany,"Tecido Veludo Vellus Liso Azul Tiffany com 1,45m de largura. Tecido indicado para estofados e para colar em paredes. Esse veludo é estampado usando tecnologia alemã de transfer, o que garante altissíma definição na estampa. Largura: 1,45 Metros Peso: 280 gramas/m2 Composição: 100%Poliester gramas/m2 • Estampas personalizadas: Usando a estampa digital, é possível criar estampas personalizadas e exclusivas. • Alta qualidade de impressão: A estampa digital permite uma maior precisão e qualidade de impressão. • Opções de cores: A estampa digital oferece uma ampla gama de opções de cores, permitindo criar desenhos e padrões vibrantes e coloridos. • Versatilidade: O veludo estampado digitalmente pode ser usado em uma variedade de aplicações, incluindo estofamento de móveis, cortinas, almofadas e até mesmo roupas. • Durabilidade: O veludo é um tecido resistente, e a estampa digital garante que a cor e o desenho permaneçam vibrantes por muito tempo. ***VALOR REFERENTE A 1 METRO DE TECIDO*** Enviamos sempre sem cortes, 2 unidades serão 2 metros sem cortes.",in stock,new,63.98 BRL,https://torretecidos.com.br/products/tecido-para-sofa-veludo-vellus-azul-tiffany,https://cdn.shopify.com/s/files/1/0620/8038/5163/products/4386.jpg?v=1706970198,Texpoint,"https://cdn.shopify.com/s/files/1/0620/8038/5163/products/4388.jpg?v=1706970198,https://cdn.shopify.com/s/files/1/0620/8038/5163/products/4389.jpg?v=1706970198",100,100
7268045127819,Tecido Para Sofá Veludo Vellus Mandala,"Veludo Vellus Mandala com 1,45m de largura. Tecido indicado para estofados e para colar em paredes. Esse veludo é estampado usando tecnologia alemã de transfer, o que garante altissíma definição na estampa. Largura: 1,45 Metros Peso: 280 gramas/m2 Composição: 100%Poliester gramas/m2 • Estampas personalizadas: Usando a estampa digital, é possível criar estampas personalizadas e exclusivas. • Alta qualidade de impressão: A estampa digital permite uma maior precisão e qualidade de impressão. • Opções de cores: A estampa digital oferece uma ampla gama de opções de cores, permitindo criar desenhos e padrões vibrantes e coloridos. • Versatilidade: O veludo estampado digitalmente pode ser usado em uma variedade de aplicações, incluindo estofamento de móveis, cortinas, almofadas e até mesmo roupas. • Durabilidade: O veludo é um tecido resistente, e a estampa digital garante que a cor e o desenho permaneçam vibrantes por muito tempo. ***VALOR REFERENTE A 1 METRO DE TECIDO*** Enviamos sempre sem cortes, 2 unidades serão 2 metros sem cortes.",in stock,new,54.98 BRL,https://torretecidos.com.br/products/tecido-para-sofa-veludo-vellus-mandala,https://cdn.shopify.com/s/files/1/0620/8038/5163/products/4391.jpg?v=1706970214,Texpoint,"https://cdn.shopify.com/s/files/1/0620/8038/5163/products/4392.jpg?v=1706970214,https://cdn.shopify.com/s/files/1/0620/8038/5163/products/4393.jpg?v=1706970214,https://cdn.shopify.com/s/files/1/0620/8038/5163/products/4394.jpg?v=1706970214",100,100
7268045160587,Renda Color Azul Tiffany,"Renda Color Azul Tiffany com 3,00m de largura ideal para cortinas e para forro de mesas. Largura: 3,00m Peso: 168 gramas/m2 Composição: 100%Poliester gramas/m2",in stock,new,49.98 BRL,https://torretecidos.com.br/products/tecido-para-cortina-renda-color-azul-tiffany,https://cdn.shopify.com/s/files/1/0620/8038/5163/products/4802.jpg?v=1706970228,Torre Tecidos,"https://cdn.shopify.com/s/files/1/0620/8038/5163/products/4803.jpg?v=1706970228,https://cdn.shopify.com/s/files/1/0620/8038/5163/products/4804.jpg?v=1706970228,https://cdn.shopify.com/s/files/1/0620/8038/5163/products/4805.jpg?v=1706970228",100,100
7268045193355,Renda Color Marrom,"Renda Color Marrom com 3,00m de largura ideal para cortinas e para forro de mesas. Largura: 3,00m Peso: 168 gramas/m2 Composição: 100%Poliester gramas/m2",in stock,new,49.98 BRL,https://torretecidos.com.br/products/tecido-para-cortina-renda-color-marrom,https://cdn.shopify.com/s/files/1/0620/8038/5163/products/4807.jpg?v=1706970242,Torre Tecidos,"https://cdn.shopify.com/s/files/1/0620/8038/5163/products/4806.jpg?v=1706970242,https://cdn.shopify.com/s/files/1/0620/8038/5163/products/4808.jpg?v=1706970242,https://cdn.shopify.com/s/files/1/0620/8038/5163/products/4809.jpg?v=1706970242",100,100
7268045291659,Gorgurão Belize Floral Fendi,"Gorgurão Belize Floral Fendi com 1,40m de largura. Tecido indicado para estofados, poltronas, almofadas e também para colar em paredes. Tecido decoração resistentes à água. Peso: 170 gramas/m2 Composição: 70%algodão 30%poliester. Acabamento: Resitente à água gramas/m2",in stock,new,18.98 BRL,https://torretecidos.com.br/products/tecido-para-sofa-gorgurao-belize-floral-fendi,https://cdn.shopify.com/s/files/1/0620/8038/5163/products/4979.jpg?v=1706970258,Döhler,"https://cdn.shopify.com/s/files/1/0620/8038/5163/products/4981.jpg?v=1706970258,https://cdn.shopify.com/s/files/1/0620/8038/5163/products/4982.jpg?v=1706970258,https://cdn.shopify.com/s/files/1/0620/8038/5163/products/4983.jpg?v=1706970258",100,100
7268045324427,Suede Amassada Marfim,"Tecido Suede Amassada MArfim com 1,42m de largura. A Camurça é indicada para todos os tipos de estofados, incluindo sofás, cadeiras e poltronas ou para ser colada em paredes. Peso: 230 gramas/m2 Composição: 100%Poliester Cuidados: gramas/m2",in stock,new,19.98 BRL,https://torretecidos.com.br/products/tecido-para-sofa-suede-amassada-marfim,https://cdn.shopify.com/s/files/1/0620/8038/5163/products/11007.jpg?v=1706970266,Corttex Indústria Têxtil,,100,100
7268045422731,Tecido Para Sofá Veludo Liso Champagne,"Veludo Liso Champagne com 1,40m de largura. O veludo é indicado para todos os tipos de estofados, incluindo sofás, cadeiras e poltronas. Também fica lindo colado em paredes. Peso: 250 gramas/m2 Composição: 100%Poliester Cuidados: gramas/m2",in stock,new,18.98 BRL,https://torretecidos.com.br/products/tecido-para-sofa-veludo-liso-champagne,https://cdn.shopify.com/s/files/1/0620/8038/5163/products/5012.jpg?v=1706970286,Corttex Indústria Têxtil,"https://cdn.shopify.com/s/files/1/0620/8038/5163/products/5010.jpg?v=1706970286,https://cdn.shopify.com/s/files/1/0620/8038/5163/products/5011.jpg?v=1706970286",100,100
7268045553803,Tecido Para Sofá Veludo Liso Prata,"Veludo Liso Prata com 1,40m de largura. O veludo é indicado para todos os tipos de estofados, incluindo sofás, cadeiras e poltronas. Também fica lindo colado em paredes. Peso: 250 gramas/m2 Composição: 100%Poliester Cuidados: gramas/m2",in stock,new,18.98 BRL,https://torretecidos.com.br/products/tecido-para-sofa-veludo-liso-prata,https://cdn.shopify.com/s/files/1/0620/8038/5163/products/5020.jpg?v=1706970300,Corttex Indústria Têxtil,"https://cdn.shopify.com/s/files/1/0620/8038/5163/products/5018.jpg?v=1706970300,https://cdn.shopify.com/s/files/1/0620/8038/5163/products/5019.jpg?v=1706970300",100,100
7268045684875,Tecido Para Sofá Veludo Liso Lilás,"Tecido Veludo Liso Lilás com 1,40m de largura. O veludo é indicado para todos os tipos de estofados, incluindo sofás, cadeiras e poltronas ou para ser colado em paredes. Peso: 250 gramas/m2 Composição: 100%Poliester Cuidados: gramas/m2",in stock,new,18.98 BRL,https://torretecidos.com.br/products/tecido-para-sofa-veludo-liso-lilas,https://cdn.shopify.com/s/files/1/0620/8038/5163/products/5037.jpg?v=1706970313,Corttex Indústria Têxtil,"https://cdn.shopify.com/s/files/1/0620/8038/5163/products/5035.jpg?v=1706970313,https://cdn.shopify.com/s/files/1/0620/8038/5163/products/5036.jpg?v=1706970313",100,100
7268045783179,Tecido Para Sofá Veludo Liso Bege,"Veludo Liso Bege com 1,40m de largura. O este veludo é indicado para todos os tipos de estofados, incluindo sofás, cadeiras e poltronas ou para ser colado em paredes. Peso: 250 gramas/m2 Composição: 100%Poliester Cuidados: gramas/m2",in stock,new,18.98 BRL,https://torretecidos.com.br/products/tecido-para-sofa-veludo-liso-bege,https://cdn.shopify.com/s/files/1/0620/8038/5163/products/5053.jpg?v=1706970327,Corttex Indústria Têxtil,"https://cdn.shopify.com/s/files/1/0620/8038/5163/products/5051.jpg?v=1706970327,https://cdn.shopify.com/s/files/1/0620/8038/5163/products/5052.jpg?v=1706970327",100,100
7268045979787,Linho Misto Listras Azul/Amarelo,"Com 1,40m de largura. Tecido rústico indicado para sofás, poltronas e para colar em paredes. Largura: 1,40m Peso: 394 gramas/m2 Composição: 83%Poliester 17%Linho gramas/m2",in stock,new,67.98 BRL,https://torretecidos.com.br/products/tecido-para-sofa-linho-misto-listras-azul-amarelo,https://cdn.shopify.com/s/files/1/0620/8038/5163/products/5139.jpg?v=1706970343,Torre Tecidos,"https://cdn.shopify.com/s/files/1/0620/8038/5163/products/5136.jpg?v=1706970343,https://cdn.shopify.com/s/files/1/0620/8038/5163/products/5137.jpg?v=1706970343,https://cdn.shopify.com/s/files/1/0620/8038/5163/products/5138.jpg?v=1706970343",100,100
7268046078091,Linho Misto Mandala Azul,"Com 1,40m de largura. Tecido rústico indicado para sofás, poltronas e para colar em paredes. Largura: 1,40m Peso: 394 gramas/m2 Composição: 83%Poliester 17%Linho gramas/m2",in stock,new,67.98 BRL,https://torretecidos.com.br/products/tecido-para-sofa-linho-misto-mandala-azul,https://cdn.shopify.com/s/files/1/0620/8038/5163/products/5144.jpg?v=1706970360,Torre Tecidos,"https://cdn.shopify.com/s/files/1/0620/8038/5163/products/5141.jpg?v=1706970360,https://cdn.shopify.com/s/files/1/0620/8038/5163/products/5142.jpg?v=1706970360,https://cdn.shopify.com/s/files/1/0620/8038/5163/products/5143.jpg?v=1706970360",100,100
7268046241931,Linho Misto Kilim Azul,"Com 1,40m de largura. Tecido rústico indicado para sofás, poltronas e para colar em paredes. Largura: 1,40m Peso: 394 gramas/m2 Composição: 83%Poliester 17%Linho gramas/m2",in stock,new,67.98 BRL,https://torretecidos.com.br/products/tecido-para-sofa-linho-misto-kilim-azul,https://cdn.shopify.com/s/files/1/0620/8038/5163/products/5149.jpg?v=1706970377,Torre Tecidos,"https://cdn.shopify.com/s/files/1/0620/8038/5163/products/5146.jpg?v=1706970377,https://cdn.shopify.com/s/files/1/0620/8038/5163/products/5147.jpg?v=1706970377,https://cdn.shopify.com/s/files/1/0620/8038/5163/products/5148.jpg?v=1706970377",100,100
7268046373003,Linho Misto Mandala Laranja,"Com 1,40m de largura. Tecido rústico indicado para sofás, poltronas e para colar em paredes. Largura: 1,40m Peso: 394 gramas/m2 Composição: 83%Poliester 17%Linho gramas/m2",in stock,new,67.98 BRL,https://torretecidos.com.br/products/tecido-para-sofa-linho-misto-mandala-laranja,https://cdn.shopify.com/s/files/1/0620/8038/5163/products/5151.jpg?v=1706970394,Torre Tecidos,"https://cdn.shopify.com/s/files/1/0620/8038/5163/products/5152.jpg?v=1706970394,https://cdn.shopify.com/s/files/1/0620/8038/5163/products/5153.jpg?v=1706970394,https://cdn.shopify.com/s/files/1/0620/8038/5163/products/5154.jpg?v=1706970394",100,100
7268046536843,Linho Misto Quadriculado Tiffany/Lilás,"Com 1,40m de largura. Tecido rústico indicado para sofás, poltronas e para colar em paredes. Largura: 1,40m Peso: 394 gramas/m2 Composição: 83%Poliester 17%Linho gramas/m2",in stock,new,67.98 BRL,https://torretecidos.com.br/products/tecido-para-sofa-linho-misto-quadriculado-tiffany-lilas,https://cdn.shopify.com/s/files/1/0620/8038/5163/products/5157.jpg?v=1706970407,Torre Tecidos,"https://cdn.shopify.com/s/files/1/0620/8038/5163/products/5156.jpg?v=1706970407,https://cdn.shopify.com/s/files/1/0620/8038/5163/products/5155.jpg?v=1706970407",100,100
7268046667915,Linho Misto Gravataria Verde/Laranja,"Com 1,40m de largura. Tecido rústico indicado para sofás, poltronas e para colar em paredes. Largura: 1,40m Peso: 394 gramas/m2 Composição: 83%Poliester 17%Linho gramas/m2",in stock,new,67.98 BRL,https://torretecidos.com.br/products/tecido-para-sofa-linho-misto-gravataria-verde-laranja,https://cdn.shopify.com/s/files/1/0620/8038/5163/products/5188.jpg?v=1706970425,Torre Tecidos,"https://cdn.shopify.com/s/files/1/0620/8038/5163/products/5187.jpg?v=1706970425,https://cdn.shopify.com/s/files/1/0620/8038/5163/products/5185.jpg?v=1706970425,https://cdn.shopify.com/s/files/1/0620/8038/5163/products/5186.jpg?v=1706970425",100,100
7268046798987,Linho Misto Cobra,"Com 1,40m de largura. Tecido rústico indicado para sofás, poltronas e para colar em paredes. Largura: 1,40m Peso: 394 gramas/m2 Composição: 83%Poliester 17%Linho gramas/m2",in stock,new,67.98 BRL,https://torretecidos.com.br/products/tecido-para-sofa-linho-misto-cobra,https://cdn.shopify.com/s/files/1/0620/8038/5163/products/5203.jpg?v=1706970442,Torre Tecidos,"https://cdn.shopify.com/s/files/1/0620/8038/5163/products/5200.jpg?v=1706970442,https://cdn.shopify.com/s/files/1/0620/8038/5163/products/5201.jpg?v=1706970442,https://cdn.shopify.com/s/files/1/0620/8038/5163/products/5202.jpg?v=1706970442",100,100
7268046930059,Tecido Para Cortina Semi Blackout Preto,"Black-Out Preto com 2,80M de largura. Tecido indicado para a confecção de cortinas, possui a propriedade de bloquear a luz solar. Veda 70% da luminosidade. Peso: 230 gramas/m2 Composição: 100%POLIESTER Desenho: liso gramas/m2",in stock,new,28.98 BRL,https://torretecidos.com.br/products/tecido-para-cortina-semi-blackout-preto,https://cdn.shopify.com/s/files/1/0620/8038/5163/products/5234.jpg?v=1706970452,Torre Tecidos,"https://cdn.shopify.com/s/files/1/0620/8038/5163/products/5235.jpg?v=1706970453,https://cdn.shopify.com/s/files/1/0620/8038/5163/products/5236.jpg?v=1706970453",100,100
7268046995595,Tecido Para Cortina Semi Blackout Marrom,"Black-Out Marrom com 2,80M de largura. Tecido indicado para a confecção de cortinas, possui a propriedade de bloquear a luz solar. Veda 70% da luminosidade. Peso: 230 gramas/m2 Composição: 100%POLIESTER Desenho: liso gramas/m2",in stock,new,28.98 BRL,https://torretecidos.com.br/products/tecido-para-cortina-semi-blackout-marrom,https://cdn.shopify.com/s/files/1/0620/8038/5163/products/5237.jpg?v=1706970463,Torre Tecidos,"https://cdn.shopify.com/s/files/1/0620/8038/5163/products/5238.jpg?v=1706970463,https://cdn.shopify.com/s/files/1/0620/8038/5163/products/5239.jpg?v=1706970463",100,100
7268047093899,Tecido Para Cortina Oxford Liso Branco,"Oxford Liso branco com 3,00m de largura Largura: 3,00m Peso: 140 gramas/m2 Composição: 100%Poliester gramas/m2",in stock,new,23.98 BRL,https://torretecidos.com.br/products/tecido-para-cortina-oxford-liso-branco,https://cdn.shopify.com/s/files/1/0620/8038/5163/products/5243.jpg?v=1706970470,Torre Tecidos,https://cdn.shopify.com/s/files/1/0620/8038/5163/products/5245.jpg?v=1706970470,100,100
7268047159435,Tecido Para Cortina Oxford Liso Marrom,"Oxford Liso marrom com 3,00m de largura Largura: 3,00m Peso: 140 gramas/m2 Composição: 100%Poliester gramas/m2",in stock,new,23.98 BRL,https://torretecidos.com.br/products/tecido-para-cortina-oxford-liso-marrom,https://cdn.shopify.com/s/files/1/0620/8038/5163/products/5246.jpg?v=1706970478,Torre Tecidos,https://cdn.shopify.com/s/files/1/0620/8038/5163/products/5248.jpg?v=1706970478,100,100
7268047257739,Tecido Para Cortina Semi Blackout Rosa Bebê,"Black-Out Rosa Bebê com 2,80M de largura. Tecido indicado para a confecção de cortinas, possui a propriedade de bloquear a luz solar. Veda 70% da luminosidade. Veda 70% da luminosidade. Peso: 230 gramas/m2 Composição: 100%POLIESTER Desenho: liso gramas/m2",in stock,new,28.98 BRL,https://torretecidos.com.br/products/tecido-para-cortina-semi-blackout-rosa-bebe,https://cdn.shopify.com/s/files/1/0620/8038/5163/products/10748.jpg?v=1706970484,Torre Tecidos,https://cdn.shopify.com/s/files/1/0620/8038/5163/products/10747.jpg?v=1706970484,100,100
7268047323275,Tecido Para Cortina Voil Rústico Tela Natural,"Voil Rústico Tela Natural com 2,95m de largura. Indicado para a confecção de cortinas e forros de mesa, possui transparência. Produto à pronta entrega. Largura: 2,80m Peso: 110 gramas/m2 Composição: 11,4%Linho 88,66%Poliester. gramas/m2",in stock,new,44.98 BRL,https://torretecidos.com.br/products/tecido-para-cortina-voil-rustico-tela-natural,https://cdn.shopify.com/s/files/1/0620/8038/5163/files/6a08fc348ec31e840b211aec821d3abd.jpg?v=1749662204,Torre Tecidos,"https://cdn.shopify.com/s/files/1/0620/8038/5163/files/ca341d927fa278af14a3e4caf8430012.jpg?v=1749662208,https://cdn.shopify.com/s/files/1/0620/8038/5163/files/a24d9ed3e4775501d1e6cb56a5d3434d.jpg?v=1749662212",100,100
7268047585419,Tecido Para Cortina Voil Rústico Tela Fendi,"Voil Rústico Tela Fendi com 2,95m de largura. Indicado para a confecção de cortinas e forros de mesa, possui transparência. Produto à pronta entrega. Largura: 2,80m Peso: 110 gramas/m2 Composição: 11,4%Linho 88,66%Poliester. gramas/m2",in stock,new,39.98 BRL,https://torretecidos.com.br/products/tecido-para-cortina-voil-rustico-tela-fendi,https://cdn.shopify.com/s/files/1/0620/8038/5163/products/11009.jpg?v=1706970520,Torre Tecidos,https://cdn.shopify.com/s/files/1/0620/8038/5163/products/11010.jpg?v=1706970520,100,100
7268047683723,Tecido Para Área Externa Gorgurão Waterblock Liso Vermelho,"Gorgurão Waterblock Liso Vermelho com 1,40m de largura. Tecido para decoração indicado para estofados, poltronas e também para colar em paredes. O Waterblock da é um tecido resinado ideal para áreas externas, pois é impermeável. Fabricado pela Dolher. Largura: 1,40m Peso: 170 gramas/m2 Composição: 70%Algodão 30%Poliester Acabamento: Emborrachado(impermeável) gramas/m2 • É resistente à água, o que o torna adequado para uso como externas ou com risco de umidade. • É fácil de limpar e manter, o que o torna uma boa opção para áreas de uso frequente. • Projetado para bloqueio de luz e UV, o que o torna adequado para uso como cobertura. • É resistente a rasgos e abrasão, o que o torna adequado para uso como de tráfego intenso. • Pode ser projetado para resistir a fungos e bactérias, o que o torna adequado para uso como de saúde.",in stock,new,49.98 BRL,https://torretecidos.com.br/products/tecido-waterblock-liso-vermelho,https://cdn.shopify.com/s/files/1/0620/8038/5163/files/9c14740d8b45f6680cde40c0a915a8bb.jpg?v=1776452286,Döhler,"https://cdn.shopify.com/s/files/1/0620/8038/5163/products/5405.jpg?v=1776452287,https://cdn.shopify.com/s/files/1/0620/8038/5163/products/5404.jpg?v=1776452288,https://cdn.shopify.com/s/files/1/0620/8038/5163/products/5406.jpg?v=1776452288",100,100
7268047814795,Tecido Para Área Externa Gorgurão Waterblock Liso Azul Tiffany,"Gorgurão Waterblock Liso Azul Tiffany com 1,40m de largura. Tecido para decoração indicado para estofados, poltronas e também para colar em paredes. O Waterblock da é um tecido resinado ideal para áreas externas, pois é impermeável. Fabricado pela Dolher. Largura: 1,40m Peso: 170 gramas/m2 Composição: 70%Algodão 30%Poliester Acabamento: Emborrachado(impermeável) gramas/m2 • É resistente à água, o que o torna adequado para uso como externas ou com risco de umidade. • É fácil de limpar e manter, o que o torna uma boa opção para áreas de uso frequente. • Projetado para bloqueio de luz e UV, o que o torna adequado para uso como cobertura. • É resistente a rasgos e abrasão, o que o torna adequado para uso como de tráfego intenso. • Pode ser projetado para resistir a fungos e bactérias, o que o torna adequado para uso como de saúde.",in stock,new,49.98 BRL,https://torretecidos.com.br/products/tecido-waterblock-liso-azul-tiffany,https://cdn.shopify.com/s/files/1/0620/8038/5163/products/10794.jpg?v=1706970544,Döhler,"https://cdn.shopify.com/s/files/1/0620/8038/5163/products/10795.jpg?v=1715780807,https://cdn.shopify.com/s/files/1/0620/8038/5163/files/poltrona_less_reflection_6c1c7fe9-d906-472f-8761-80abc8df1157.jpg?v=1728486102",100,100
7268047880331,"Tecido Para Cortina Jacquard 2,80 Medalhão Azul Royal","Jacquard 2,80 Medalhão Azul Royal com 2,80m de largura. Indicado para a confecção de cortinas e forros de mesa. O jacquard possui uma trama sofisticada. Produto à pronta entrega. Peso: 150 gramas/m2 Composição: 100%Poliester gramas/m2 • Design Complexo: O tecido Jacquard é conhecido por sua capacidade de criar desenhos e padrões complexos e detalhados. • Textura: Possui uma textura única e rica, o que pode adicionar profundidade e interesse visual ao espaço. • Durabilidade: É um tecido resistente e durável, o que o torna ideal para uso em móveis e decoração de interiores. • Versatilidade: Pode ser usado em uma variedade de aplicações, incluindo estofamento de móveis, cortinas, almofadas e até mesmo roupas. • Design elegante: Possui uma aparência elegante e sofisticada, que pode ser usada para dar um toque de luxo e sofisticação a qualquer espaço.",in stock,new,33.98 BRL,https://torretecidos.com.br/products/tecido-para-cortina-jacquard-2-80-medalhao-azul-royal,https://cdn.shopify.com/s/files/1/0620/8038/5163/products/11170.jpg?v=1706970551,Torre Tecidos,https://cdn.shopify.com/s/files/1/0620/8038/5163/products/11171.jpg?v=1706970551,100,100
7268047978635,Tecido Para Sofá Veludo Liso Marsala,"Com 1,40m de largura. O este veludo é indicado para todos os tipos de estofados, incluindo sofás, cadeiras e poltronas ou para ser colado em paredes. Peso: 250 gramas/m2 Composição: 100%Poliester Cuidados: gramas/m2",in stock,new,18.98 BRL,https://torretecidos.com.br/products/tecido-para-sofa-veludo-liso-marsala,https://cdn.shopify.com/s/files/1/0620/8038/5163/products/10175.jpg?v=1706970560,Corttex Indústria Têxtil,https://cdn.shopify.com/s/files/1/0620/8038/5163/products/10176.jpg?v=1706970560,100,100
7268048011403,Tecido Para Sofá Veludo Liso Mostarda,"Com 1,40m de largura. O este veludo é indicado para todos os tipos de estofados, incluindo sofás, cadeiras e poltronas ou para ser colado em paredes. Peso: 250 gramas/m2 Composição: 100%Poliester Cuidados: gramas/m2",in stock,new,18.98 BRL,https://torretecidos.com.br/products/tecido-para-sofa-veludo-liso-mostarda,https://cdn.shopify.com/s/files/1/0620/8038/5163/files/f5cc74cc18721d8fc8c73d9ec16da16d.jpg?v=1753366714,Corttex Indústria Têxtil,https://cdn.shopify.com/s/files/1/0620/8038/5163/files/c66cf5ff276b9b9805a6f95076bc1a2e.jpg?v=1753366717,100,100
7268048076939,Tecido Para Sofá Linho Sintético Bege,"Com 1,40m de largura. Este tecido para decoração é indicado para estofados em geral e para colar em paredes. gramas/m2 Largura: 1,40m Peso: 244 gramas/m2 Composição: 100% Poliéster Cuidados: • Resistência: O linho sintético é resistente e durável, o que o torna ideal para uso em móveis e decoração de interiores. • Fácil de manter: É fácil de limpar e manter, o que o torna uma boa escolha para áreas de alto tráfego. • Design elegante: Possui uma aparência elegante e sofisticada, que pode ser usada para dar um toque de luxo e sofisticação a qualquer espaço. • Versatilidade: Pode ser usado em uma variedade de aplicações, incluindo estofamento de móveis, cortinas, almofadas e até mesmo roupas. • Opções de cores: Possui uma ampla gama de opções de cores, permitindo criar desenhos e padrões vibrantes e coloridos.",in stock,new,24.98 BRL,https://torretecidos.com.br/products/tecido-para-sofa-linho-sintetico-bege,https://cdn.shopify.com/s/files/1/0620/8038/5163/files/39eff35b836a6ef9591aebdde79d823c.jpg?v=1776969516,Corttex Indústria Têxtil,"https://cdn.shopify.com/s/files/1/0620/8038/5163/products/10913.jpg?v=1706970578,https://cdn.shopify.com/s/files/1/0620/8038/5163/products/10914.jpg?v=1706970578",100,100
7268048142475,Tecido Para Sofá Linho Sintético Caramelo,"Com 1,40m de largura. Este tecido para decoração é indicado para estofados em geral e para colar em paredes. gramas/m2 Largura: 1,40m Peso: 244 gramas/m2 Composição: 100% Poliéster Cuidados: • Resistência: O linho sintético é resistente e durável, o que o torna ideal para uso em móveis e decoração de interiores. • Fácil de manter: É fácil de limpar e manter, o que o torna uma boa escolha para áreas de alto tráfego. • Design elegante: Possui uma aparência elegante e sofisticada, que pode ser usada para dar um toque de luxo e sofisticação a qualquer espaço. • Versatilidade: Pode ser usado em uma variedade de aplicações, incluindo estofamento de móveis, cortinas, almofadas e até mesmo roupas. • Opções de cores: Possui uma ampla gama de opções de cores, permitindo criar desenhos e padrões vibrantes e coloridos.",in stock,new,24.98 BRL,https://torretecidos.com.br/products/tecido-para-sofa-linho-sintetico-caramelo,https://cdn.shopify.com/s/files/1/0620/8038/5163/files/5e2b0152163a448e7f1a2c13ee66b9c4.jpg?v=1776969569,Corttex Indústria Têxtil,"https://cdn.shopify.com/s/files/1/0620/8038/5163/files/0f517b464b46dc8c5dbada67e71f9d81.jpg?v=1749587359,https://cdn.shopify.com/s/files/1/0620/8038/5163/files/f8d3457fa15d5cd92df98e54122ce5c1.jpg?v=1749587363",100,100
7268048240779,Tecido Para Sofá Linho Sintético Cinza,"Com 1,40m de largura. Este tecido para decoração é indicado para estofados em geral e para colar em paredes. gramas/m2 Largura: 1,40m Peso: 244 gramas/m2 Composição: 100% Poliéster Cuidados: • Resistência: O linho sintético é resistente e durável, o que o torna ideal para uso em móveis e decoração de interiores. • Fácil de manter: É fácil de limpar e manter, o que o torna uma boa escolha para áreas de alto tráfego. • Design elegante: Possui uma aparência elegante e sofisticada, que pode ser usada para dar um toque de luxo e sofisticação a qualquer espaço. • Versatilidade: Pode ser usado em uma variedade de aplicações, incluindo estofamento de móveis, cortinas, almofadas e até mesmo roupas. • Opções de cores: Possui uma ampla gama de opções de cores, permitindo criar desenhos e padrões vibrantes e coloridos.",in stock,new,24.98 BRL,https://torretecidos.com.br/products/tecido-para-sofa-linho-sintetico-cinza,https://cdn.shopify.com/s/files/1/0620/8038/5163/files/21c989204749fd61318f841709ed7216.jpg?v=1775851346,Corttex Indústria Têxtil,"https://cdn.shopify.com/s/files/1/0620/8038/5163/files/aa319f8d96b7d6260da9de9d4bd15045.jpg?v=1775851347,https://cdn.shopify.com/s/files/1/0620/8038/5163/files/d1fbf95e7805c7c9b003f3353a580bde.jpg?v=1775851348,https://cdn.shopify.com/s/files/1/0620/8038/5163/files/9afc72ab21c92caea1f69ac28470808a.jpg?v=1775851348",100,100
7268048339083,Tecido Para Sofá Linho Sintético Grafite,"Com 1,40m de largura. Este tecido para decoração é indicado para estofados em geral e para colar em paredes. gramas/m2 Largura: 1,40m Peso: 244 gramas/m2 Composição: 100% Poliéster Cuidados: • Resistência: O linho sintético é resistente e durável, o que o torna ideal para uso em móveis e decoração de interiores. • Fácil de manter: É fácil de limpar e manter, o que o torna uma boa escolha para áreas de alto tráfego. • Design elegante: Possui uma aparência elegante e sofisticada, que pode ser usada para dar um toque de luxo e sofisticação a qualquer espaço. • Versatilidade: Pode ser usado em uma variedade de aplicações, incluindo estofamento de móveis, cortinas, almofadas e até mesmo roupas. • Opções de cores: Possui uma ampla gama de opções de cores, permitindo criar desenhos e padrões vibrantes e coloridos.",in stock,new,24.98 BRL,https://torretecidos.com.br/products/tecido-para-sofa-linho-sintetico-grafite,https://cdn.shopify.com/s/files/1/0620/8038/5163/files/7722f5e0c259b6aed1f5566f37c24094.jpg?v=1776969622,Corttex Indústria Têxtil,"https://cdn.shopify.com/s/files/1/0620/8038/5163/files/fcf1424a4a4b865ba43cfc9553ea7175.jpg?v=1749587697,https://cdn.shopify.com/s/files/1/0620/8038/5163/files/fe3fe2be7984a8caa0f85f8adc6e3dee.jpg?v=1749587702,https://cdn.shopify.com/s/files/1/0620/8038/5163/files/65e2802b333117ab12056368ab5bb668.jpg?v=1749587707",100,100
7268048404619,Tecido Para Sofá Linho Sintético Marfim,"Com 1,40m de largura. Este tecido para decoração é indicado para estofados em geral e para colar em paredes. gramas/m2 Largura: 1,40m Peso: 244 gramas/m2 Composição: 100% Poliéster Cuidados: • Resistência: O linho sintético é resistente e durável, o que o torna ideal para uso em móveis e decoração de interiores. • Fácil de manter: É fácil de limpar e manter, o que o torna uma boa escolha para áreas de alto tráfego. • Design elegante: Possui uma aparência elegante e sofisticada, que pode ser usada para dar um toque de luxo e sofisticação a qualquer espaço. • Versatilidade: Pode ser usado em uma variedade de aplicações, incluindo estofamento de móveis, cortinas, almofadas e até mesmo roupas. • Opções de cores: Possui uma ampla gama de opções de cores, permitindo criar desenhos e padrões vibrantes e coloridos.",in stock,new,24.98 BRL,https://torretecidos.com.br/products/tecido-para-sofa-linho-sintetico-marfim,https://cdn.shopify.com/s/files/1/0620/8038/5163/files/84e662c5bab243ecadfc9cd4f1d006a3.jpg?v=1776969750,Corttex Indústria Têxtil,"https://cdn.shopify.com/s/files/1/0620/8038/5163/products/10011.jpg?v=1706970618,https://cdn.shopify.com/s/files/1/0620/8038/5163/products/10012.jpg?v=1706970618",100,100
7268048601227,Tecido Para Sofá Linho Sintético Marrom,"Com 1,40m de largura. Este tecido para decoração é indicado para estofados em geral e para colar em paredes. gramas/m2 Largura: 1,40m Peso: 244 gramas/m2 Composição: 100% Poliéster Cuidados: • Resistência: O linho sintético é resistente e durável, o que o torna ideal para uso em móveis e decoração de interiores. • Fácil de manter: É fácil de limpar e manter, o que o torna uma boa escolha para áreas de alto tráfego. • Design elegante: Possui uma aparência elegante e sofisticada, que pode ser usada para dar um toque de luxo e sofisticação a qualquer espaço. • Versatilidade: Pode ser usado em uma variedade de aplicações, incluindo estofamento de móveis, cortinas, almofadas e até mesmo roupas. • Opções de cores: Possui uma ampla gama de opções de cores, permitindo criar desenhos e padrões vibrantes e coloridos.",in stock,new,24.98 BRL,https://torretecidos.com.br/products/tecido-para-sofa-linho-sintetico-marrom,https://cdn.shopify.com/s/files/1/0620/8038/5163/files/6033483b8fd99406ea06fd62df3bb0a7.jpg?v=1749587173,Corttex Indústria Têxtil,"https://cdn.shopify.com/s/files/1/0620/8038/5163/files/f4224b804622eb5021c26ea456e97fa4.jpg?v=1749587177,https://cdn.shopify.com/s/files/1/0620/8038/5163/files/fdd5acb543fb44fff5998c4fddd1010c.jpg?v=1749587181",100,100
7268048732299,Tecido Para Sofá Linho Sintético Azul,"Com 1,40m de largura. Este tecido para decoração é indicado para estofados em geral e para colar em paredes. gramas/m2 Largura: 1,40m Peso: 244 gramas/m2 Composição: 100% Poliéster Cuidados: • Resistência: O linho sintético é resistente e durável, o que o torna ideal para uso em móveis e decoração de interiores. • Fácil de manter: É fácil de limpar e manter, o que o torna uma boa escolha para áreas de alto tráfego. • Design elegante: Possui uma aparência elegante e sofisticada, que pode ser usada para dar um toque de luxo e sofisticação a qualquer espaço. • Versatilidade: Pode ser usado em uma variedade de aplicações, incluindo estofamento de móveis, cortinas, almofadas e até mesmo roupas. • Opções de cores: Possui uma ampla gama de opções de cores, permitindo criar desenhos e padrões vibrantes e coloridos.",in stock,new,24.98 BRL,https://torretecidos.com.br/products/tecido-para-sofa-linho-sintetico-azul,https://cdn.shopify.com/s/files/1/0620/8038/5163/files/13f4c86e05f582705e4dc400f0ee1825.jpg?v=1776968981,Corttex Indústria Têxtil,"https://cdn.shopify.com/s/files/1/0620/8038/5163/files/19a254a9f3452c20818b37c62aacdfab.jpg?v=1776968387,https://cdn.shopify.com/s/files/1/0620/8038/5163/files/2445253654ea826d90de8f9fa9d845fc.jpg?v=1776968390",100,100
7268048863371,Tecido Para Sofá Veludo Naturale Chocolate,"Com 1,40m de largura. O este veludo é indicado para todos os tipos de estofados, incluindo sofás, cadeiras e poltronas ou para ser colado em paredes. Peso: 250 gramas/m2 Composição: 100%Poliester Cuidados: gramas/m2",in stock,new,23.98 BRL,https://torretecidos.com.br/products/tecido-para-sofa-veludo-naturale-chocolate,https://cdn.shopify.com/s/files/1/0620/8038/5163/products/5740.jpg?v=1706970651,Tellaio,"https://cdn.shopify.com/s/files/1/0620/8038/5163/products/5738.jpg?v=1706970651,https://cdn.shopify.com/s/files/1/0620/8038/5163/products/5741.jpg?v=1706970652",100,100
7268048961675,Tecido Para Sofá Veludo Naturale Preto,"Com 1,40m de largura. O este veludo é indicado para todos os tipos de estofados, incluindo sofás, cadeiras e poltronas ou para ser colado em paredes. Peso: 250 gramas/m2 Composição: 100%Poliester Cuidados: gramas/m2",in stock,new,23.98 BRL,https://torretecidos.com.br/products/tecido-para-sofa-veludo-naturale-preto,https://cdn.shopify.com/s/files/1/0620/8038/5163/products/5752.jpg?v=1706970661,Torre Tecidos,"https://cdn.shopify.com/s/files/1/0620/8038/5163/products/5753.jpg?v=1706970661,https://cdn.shopify.com/s/files/1/0620/8038/5163/products/5754.jpg?v=1706970661",100,100
7268049125515,Tecido Para Sofá Veludo Naturale Cinza,"Com 1,40m de largura. O este veludo é indicado para todos os tipos de estofados, incluindo sofás, cadeiras e poltronas ou para ser colado em paredes. Peso: 250 gramas/m2 Composição: 100%Poliester Cuidados: gramas/m2",in stock,new,23.98 BRL,https://torretecidos.com.br/products/tecido-para-sofa-veludo-naturale-cinza,https://cdn.shopify.com/s/files/1/0620/8038/5163/products/5755.jpg?v=1706970674,Tellaio,"https://cdn.shopify.com/s/files/1/0620/8038/5163/products/5756.jpg?v=1706970674,https://cdn.shopify.com/s/files/1/0620/8038/5163/files/5757.jpg?v=1717166469",100,100
7268049322123,Tecido Para Área Externa Gorgurão Waterblock Ramos de Folhas Crú/Marrom,"Gorgurão Waterblock com 1,40m de largura. Tecido indicado para estofados, poltronas, almofadas e também para colar em paredes. O Waterblock é um tecido resinado ideal para áreas externas, pois é impermeável. Peso: 170 gramas/m2 Composição: 70%algodão 30%poliester. Acabamento: Emborrachado(impermeável) Desenho: Falso liso gramas/m2 • É resistente à água, o que o torna adequado para uso como externas ou com risco de umidade. • É fácil de limpar e manter, o que o torna uma boa opção para áreas de uso frequente. • Projetado para bloqueio de luz e UV, o que o torna adequado para uso como cobertura. • É resistente a rasgos e abrasão, o que o torna adequado para uso como de tráfego intenso. • Pode ser projetado para resistir a fungos e bactérias, o que o torna adequado para uso como de saúde.",in stock,new,49.98 BRL,https://torretecidos.com.br/products/tecido-para-area-externa-waterblock-ramos-de-folhas-cru-marrom,https://cdn.shopify.com/s/files/1/0620/8038/5163/files/a9f850158a3421a90864b7412c9ada8c.jpg?v=1776453707,Döhler,"https://cdn.shopify.com/s/files/1/0620/8038/5163/products/5776.jpg?v=1776453708,https://cdn.shopify.com/s/files/1/0620/8038/5163/products/5777.jpg?v=1776453708,https://cdn.shopify.com/s/files/1/0620/8038/5163/products/5778.jpg?v=1776453709",100,100
7268049453195,Algodão Est. Egípicio C/ Proteção,"Algodão Est. egípicios com 1,40m de largura. Tecido indicado para estofados, poltronas, almofadas e também para colar em paredes. Seleção de tecidos resistentes à água ou impermeáveis, de cores vivas e preço acessível, fabricação nacional. Peso: 180 gramas/m2 Composição: 100%algodão. Acabamento: Resitente à água gramas/m2",in stock,new,26.98 BRL,https://torretecidos.com.br/products/tecido-para-sofa-algodao-est-egipicio,https://cdn.shopify.com/s/files/1/0620/8038/5163/products/5785.jpg?v=1706970701,Torre Tecidos,"https://cdn.shopify.com/s/files/1/0620/8038/5163/products/5786.jpg?v=1706970701,https://cdn.shopify.com/s/files/1/0620/8038/5163/products/5787.jpg?v=1706970701",100,100
7268049584267,Tecido Para Cortina Semi Blackout Rústico Branco,"Semi Black-out Rústico Branco com 2,80m de largura. Tecido indicado para a confecção de cortinas, possui a propriedade de bloquear a luz solar. Tecido disponível à pronta entrega. Peso: 270 gramas/m2 Composição: 100%Poliester gramas/m2",in stock,new,59.98 BRL,https://torretecidos.com.br/products/tecido-para-cortina-semi-blackout-rustico-branco,https://cdn.shopify.com/s/files/1/0620/8038/5163/products/5840.jpg?v=1709757980,Torre Tecidos,"https://cdn.shopify.com/s/files/1/0620/8038/5163/products/5838.jpg?v=1709757980,https://cdn.shopify.com/s/files/1/0620/8038/5163/products/5839.jpg?v=1709757980",100,100
7268049682571,Tecido Para Cortina Semi Blackout Rústico Pérola,"Semi Black-out Rústico Pérola com 2,80m de largura. Tecido indicado para a confecção de cortinas, possui a propriedade de bloquear a luz solar. Tecido disponível à pronta entrega. Peso: 270 gramas/m2 Composição: 100%Poliester gramas/m2",in stock,new,59.98 BRL,https://torretecidos.com.br/products/tecido-para-cortina-semi-blackout-rustico-perola,https://cdn.shopify.com/s/files/1/0620/8038/5163/files/a12337ad7c2a196ed7ea43a4c926a2ca.jpg?v=1749660917,Torre Tecidos,https://cdn.shopify.com/s/files/1/0620/8038/5163/files/0e94e5ac6462755228b08a9306db8a11.jpg?v=1749660951,100,100
7268049780875,Tecido Para Cortina Semi Blackout Rústico Cinza,"Semi Black-out Rústico Cinza com 2,80m de largura. Tecido indicado para a confecção de cortinas, possui a propriedade de bloquear a luz solar. Tecido disponível à pronta entrega. Peso: 270 gramas/m2 Composição: 100%Poliester gramas/m2",in stock,new,59.98 BRL,https://torretecidos.com.br/products/tecido-para-cortina-semi-blackout-rustico-cinza,https://cdn.shopify.com/s/files/1/0620/8038/5163/products/5846.jpg?v=1709757993,Torre Tecidos,"https://cdn.shopify.com/s/files/1/0620/8038/5163/products/5844.jpg?v=1709757993,https://cdn.shopify.com/s/files/1/0620/8038/5163/products/5845.jpg?v=1709757993",100,100
7268049944715,Tecido Para Área Externa Gorgurão Waterblock Pensamentos,"Gorgurão Waterblock Pensamentos com 1,40m de largura. Tecido indicado para estofados, poltronas, almofadas e também para colar em paredes. O Waterblock é um tecido resinado ideal para áreas externas, pois é impermeável. Peso: 170 gramas/m2 Composição: 70%algodão 30%poliester. Acabamento: Emborrachado(impermeável) gramas/m2 • É resistente à água, o que o torna adequado para uso como externas ou com risco de umidade. • É fácil de limpar e manter, o que o torna uma boa opção para áreas de uso frequente. • Projetado para bloqueio de luz e UV, o que o torna adequado para uso como cobertura. • É resistente a rasgos e abrasão, o que o torna adequado para uso como de tráfego intenso. • Pode ser projetado para resistir a fungos e bactérias, o que o torna adequado para uso como de saúde.",in stock,new,49.98 BRL,https://torretecidos.com.br/products/tecido-para-area-externa-waterblock-pensamentos,https://cdn.shopify.com/s/files/1/0620/8038/5163/files/f7bc30dd159945f778bfe49d3f64e072.jpg?v=1776453321,Döhler,"https://cdn.shopify.com/s/files/1/0620/8038/5163/products/5857.jpg?v=1776453322,https://cdn.shopify.com/s/files/1/0620/8038/5163/products/5858.jpg?v=1776453323,https://cdn.shopify.com/s/files/1/0620/8038/5163/products/5859.jpg?v=1776453323",100,100
7268050043019,Rústico Dobby Natural,"Rústico Dobby Natural com 3,00m de largura. Tecido indicado para a confecção de cortinas. Tecido à pronta entrega. Largura: 3,00m Peso: 150 gramas/m2 Composição: 100%Poliester gramas/m2",in stock,new,21.98 BRL,https://torretecidos.com.br/products/tecido-para-cortina-rustico-dobby-natural,https://cdn.shopify.com/s/files/1/0620/8038/5163/products/11210.jpg?v=1706970760,Torre Tecidos,https://cdn.shopify.com/s/files/1/0620/8038/5163/products/11211.jpg?v=1706970760,100,100
7268050141323,Rústico Dobby Branco,"Rústico Dobby Branco com 3,00m de largura. Tecido indicado para a confecção de cortinas. Tecido à pronta entrega. Largura: 3,00m Peso: 150 gramas/m2 Composição: 100%Poliester gramas/m2",in stock,new,21.98 BRL,https://torretecidos.com.br/products/tecido-para-cortina-rustico-dobby-branco,https://cdn.shopify.com/s/files/1/0620/8038/5163/products/11218.jpg?v=1706970768,Torre Tecidos,https://cdn.shopify.com/s/files/1/0620/8038/5163/products/11219.jpg?v=1706970768,100,100
7268050469003,Tecido Para Cortina Voil Rústico Tela Pesado Crú,"Voil Rústico Tela Pesado Crú com 3,00m de largura. Indicado para a confecção de cortinas e forros de mesa, possui transparência. Produto à pronta entrega. Largura: 3,00m Peso: 190 gramas/m2 Composição: 90%Poliester 10%Linho gramas/m2",in stock,new,59.98 BRL,https://torretecidos.com.br/products/tecido-para-cortina-voil-rustico-tela-pesado-cru,https://cdn.shopify.com/s/files/1/0620/8038/5163/files/194f557af0ddc4b271c7bbbe96b73e86.jpg?v=1749662111,Torre Tecidos,"https://cdn.shopify.com/s/files/1/0620/8038/5163/files/d3a9727206d173f8ae375b8bef93d8f5.jpg?v=1749662115,https://cdn.shopify.com/s/files/1/0620/8038/5163/files/79a27f132d81cfb8aebcfccd15b90708.jpg?v=1749662119",100,100
7268050993291,Tecido Para Sofá Veludo Provence Cinza com Azul,"Com 1,40m de largura. Este veludo é indicado para todos os tipos de estofados, incluindo sofás, cadeiras e poltronas ou para ser colado em paredes. Peso: 209 gramas/m2 Composição: 100%Poliester Cuidados: gramas/m2",in stock,new,22.90 BRL,https://torretecidos.com.br/products/tecido-para-sofa-veludo-provence-cinzaazul,https://cdn.shopify.com/s/files/1/0620/8038/5163/products/5919.jpg?v=1706970792,Tellaio,"https://cdn.shopify.com/s/files/1/0620/8038/5163/products/5918.jpg?v=1706970792,https://cdn.shopify.com/s/files/1/0620/8038/5163/products/5920.jpg?v=1706970792",100,100
7268051288203,Tecido Para Sofá Veludo Provence Tifanny com Crú,"Com 1,40m de largura. Este veludo é indicado para todos os tipos de estofados, incluindo sofás, cadeiras e poltronas ou para ser colado em paredes. Peso: 209 gramas/m2 Composição: 100%Poliester Cuidados: gramas/m2",in stock,new,22.90 BRL,https://torretecidos.com.br/products/tecido-para-sofa-veludo-provence-tifannycru,https://cdn.shopify.com/s/files/1/0620/8038/5163/products/5922.jpg?v=1706970803,Tellaio,"https://cdn.shopify.com/s/files/1/0620/8038/5163/products/5921.jpg?v=1706970803,https://cdn.shopify.com/s/files/1/0620/8038/5163/products/5923.jpg?v=1706970803",100,100
7268051648651,Tecido Para Sofá Veludo Provence Preto com Cinza,"Com 1,40m de largura. Este veludo é indicado para todos os tipos de estofados, incluindo sofás, cadeiras e poltronas ou para ser colado em paredes. Peso: 209 gramas/m2 Composição: 100%Poliester Cuidados: gramas/m2",in stock,new,22.90 BRL,https://torretecidos.com.br/products/tecido-para-sofa-veludo-provence-pretocinza,https://cdn.shopify.com/s/files/1/0620/8038/5163/products/10005.jpg?v=1706970812,Tellaio,https://cdn.shopify.com/s/files/1/0620/8038/5163/products/10006.jpg?v=1706970812,100,100
7268051910795,Tecido Para Sofá Jacquard Adamascado Monarca Verde Esmeralda,"Jacquard Adamascado Monarca Verde Esmeralda com 2,80m de largura. Muito utilizado como forros de mesa para festas de casamentos e outras cerimônias. Peso: 220 gramas/m2 Composição: 58%Algodão 42%Poliester gramas/m2 • Design Complexo: O tecido Jacquard é conhecido por sua capacidade de criar desenhos e padrões complexos e detalhados. • Textura: Possui uma textura única e rica, o que pode adicionar profundidade e interesse visual ao espaço. • Durabilidade: É um tecido resistente e durável, o que o torna ideal para uso em móveis e decoração de interiores. • Versatilidade: Pode ser usado em uma variedade de aplicações, incluindo estofamento de móveis, cortinas, almofadas e até mesmo roupas. • Design elegante: Possui uma aparência elegante e sofisticada, que pode ser usada para dar um toque de luxo e sofisticação a qualquer espaço.",in stock,new,37.50 BRL,https://torretecidos.com.br/products/tecido-para-cortina-jacquard-adamascado-monarca-verde-esmeralda,https://cdn.shopify.com/s/files/1/0620/8038/5163/products/11188.jpg?v=1706970823,Torre Tecidos,"https://cdn.shopify.com/s/files/1/0620/8038/5163/products/11186.jpg?v=1706970823,https://cdn.shopify.com/s/files/1/0620/8038/5163/products/11187.jpg?v=1706970823",100,100
7268052238475,Tecido Para Sofá Jacquard Adamascado Monarca Verde Água /Dourado,"Jacquard Adamascado Monarca Verde Água c/ Dourado com 2,80m de largura. Muito utilizado como forros de mesa para festas de casamentos e outras cerimônias. Peso: 220 gramas/m2 Composição: 58%Algodão 42%Poliester gramas/m2 • Design Complexo: O tecido Jacquard é conhecido por sua capacidade de criar desenhos e padrões complexos e detalhados. • Textura: Possui uma textura única e rica, o que pode adicionar profundidade e interesse visual ao espaço. • Durabilidade: É um tecido resistente e durável, o que o torna ideal para uso em móveis e decoração de interiores. • Versatilidade: Pode ser usado em uma variedade de aplicações, incluindo estofamento de móveis, cortinas, almofadas e até mesmo roupas. • Design elegante: Possui uma aparência elegante e sofisticada, que pode ser usada para dar um toque de luxo e sofisticação a qualquer espaço.",in stock,new,37.50 BRL,https://torretecidos.com.br/products/tecido-para-cortina-jacquard-adamascado-monarca-verde-agua-dourado,https://cdn.shopify.com/s/files/1/0620/8038/5163/products/11191.jpg?v=1706970834,Torre Tecidos,"https://cdn.shopify.com/s/files/1/0620/8038/5163/products/11192.jpg?v=1706970834,https://cdn.shopify.com/s/files/1/0620/8038/5163/products/11193.jpg?v=1706970834,https://cdn.shopify.com/s/files/1/0620/8038/5163/products/11194.jpg?v=1706970834",100,100
7268053254283,Tecido Para Sofá Veludo Velvet Molhado Marrom,"Com 1,45m de largura, tecido pouco com brilho. Este veludo é indicado para todos os tipos de estofados, incluindo sofás, cadeiras e poltronas ou para ser colado em paredes. Peso: 280 gramas/m2 Composição: 100%Poliester Largua: 1,45M Cuidados: gramas/m2",in stock,new,23.50 BRL,https://torretecidos.com.br/products/tecido-para-sofa-veludo-velvet-molhado-marrom,https://cdn.shopify.com/s/files/1/0620/8038/5163/products/6030.jpg?v=1706970872,Tellaio,"https://cdn.shopify.com/s/files/1/0620/8038/5163/products/6027.jpg?v=1706970872,https://cdn.shopify.com/s/files/1/0620/8038/5163/products/6028.jpg?v=1706970872,https://cdn.shopify.com/s/files/1/0620/8038/5163/products/6029.jpg?v=1706970872",100,100
7268053385355,Tecido Para Cortina Voil Xadrez Branco,"Voil Xadrex Branco com 2,80M de largura. Indicado para a confecção de cortinas e forros de mesa, possui transparência. Produto à pronta entrega. Peso: 40 gramas/m2 Composição: 100% POLIESTER Desenho: Xadrez gramas/m2",in stock,new,12.98 BRL,https://torretecidos.com.br/products/tecido-para-cortina-voil-xadrez-branco,https://cdn.shopify.com/s/files/1/0620/8038/5163/products/6071.jpg?v=1706970885,Torre Tecidos,"https://cdn.shopify.com/s/files/1/0620/8038/5163/products/6069.jpg?v=1706970885,https://cdn.shopify.com/s/files/1/0620/8038/5163/products/6068.jpg?v=1706970885,https://cdn.shopify.com/s/files/1/0620/8038/5163/products/6070.jpg?v=1706970885",100,100
7268053516427,Tecido Para Área Externa Gorgurão Waterblock Orquídeas Preto,"Gorgurão Waterblock Orquídeas Preto 1,40m de largura. Tecido indicado para estofados, poltronas, almofadas e também para colar em paredes. O Waterblock é um tecido resinado ideal para áreas externas, pois é impermeável. Largura: 1,40 Metros Peso: 170 gramas/m2 Composição: 70% algodão 30% poliester Acabamento: Emborrachado(impermeável) Desenho: Floral gramas/m2 • É resistente à água, o que o torna adequado para uso como externas ou com risco de umidade. • É fácil de limpar e manter, o que o torna uma boa opção para áreas de uso frequente. • Projetado para bloqueio de luz e UV, o que o torna adequado para uso como cobertura. • É resistente a rasgos e abrasão, o que o torna adequado para uso como de tráfego intenso. • Pode ser projetado para resistir a fungos e bactérias, o que o torna adequado para uso como de saúde.",in stock,new,49.98 BRL,https://torretecidos.com.br/products/tecido-para-area-externa-waterblock-orquideas-preto,https://cdn.shopify.com/s/files/1/0620/8038/5163/products/6161.jpg?v=1706970898,Döhler,"https://cdn.shopify.com/s/files/1/0620/8038/5163/products/6091.jpg?v=1715691584,https://cdn.shopify.com/s/files/1/0620/8038/5163/products/6092.jpg?v=1715691584,https://cdn.shopify.com/s/files/1/0620/8038/5163/files/poltrona_less_reflection_6e36a35b-5911-4229-82d7-927e6fda278d.jpg?v=1728486272",100,100
7268053614731,Algodão Bali Artes Urbanas,"CTecido para decoração indicado para estofados como sofás, poltronas, almofadas e também para colar em paredes. Largura: 1,40m Peso: 188 gramas/m2 Composição: 100%Algodão/ Resistente a água. gramas/m2",in stock,new,26.98 BRL,https://torretecidos.com.br/products/tecido-para-sofa-algodao-bali-artes-urbanas,https://cdn.shopify.com/s/files/1/0620/8038/5163/products/6280.jpg?v=1706970911,Torre Tecidos,"https://cdn.shopify.com/s/files/1/0620/8038/5163/products/6281.jpg?v=1706970911,https://cdn.shopify.com/s/files/1/0620/8038/5163/products/6282.jpg?v=1706970911",100,100
7268053680267,Tecido Para Sofá Veludo Liso Fuggi,"Com 1,40m de largura. Este veludo é indicado para todos os tipos de estofados, incluindo sofás, cadeiras e poltronas. Peso: 193 gramas/m2 Composição: 100%Poliester Largua: 1,40M Cuidados: gramas/m2",in stock,new,18.98 BRL,https://torretecidos.com.br/products/tecido-para-sofa-veludo-liso-fuggi,https://cdn.shopify.com/s/files/1/0620/8038/5163/products/6309.jpg?v=1706970919,Corttex Indústria Têxtil,https://cdn.shopify.com/s/files/1/0620/8038/5163/products/6310.jpg?v=1706970919,100,100
7268053778571,Tecido Para Sofá Veludo Liso Cinza,"Com 1,40m de largura. Este veludo é indicado para todos os tipos de estofados, incluindo sofás, cadeiras e poltronas. Peso: 193 gramas/m2 Composição: 100%Poliester Largua: 1,40M Cuidados: gramas/m2",in stock,new,18.98 BRL,https://torretecidos.com.br/products/tecido-para-sofa-veludo-liso-cinza,https://cdn.shopify.com/s/files/1/0620/8038/5163/products/10700.jpg?v=1706970925,Corttex Indústria Têxtil,https://cdn.shopify.com/s/files/1/0620/8038/5163/products/10701.jpg?v=1706970925,100,100
7268053844107,Tecido Para Sofá Veludo Liso Marrom,"Com 1,40m de largura. Este veludo é indicado para todos os tipos de estofados, incluindo sofás, cadeiras e poltronas. Peso: 193 gramas/m2 Composição: 100%Poliester Largua: 1,40M Cuidados: gramas/m2",in stock,new,18.98 BRL,https://torretecidos.com.br/products/tecido-para-sofa-veludo-liso-marrom,https://cdn.shopify.com/s/files/1/0620/8038/5163/products/6321.jpg?v=1706970933,Corttex Indústria Têxtil,https://cdn.shopify.com/s/files/1/0620/8038/5163/products/6322.jpg?v=1706970933,100,100
7268054040715,Tecido Para Área Externa Gorgurão Waterblock Barcos Tiffany,"Tecido indicado para estofados, poltronas, almofadas e também para colar em paredes. O Waterblock é um tecido resinado ideal para áreas externas, pois é impermeável. Largura: 1,40 Metros Peso: 170 gramas/m2 Composição: 70% algodão 30% poliester Acabamento: Emborrachado(impermeável) gramas/m2 • É resistente à água, o que o torna adequado para uso como externas ou com risco de umidade. • É fácil de limpar e manter, o que o torna uma boa opção para áreas de uso frequente. • Projetado para bloqueio de luz e UV, o que o torna adequado para uso como cobertura. • É resistente a rasgos e abrasão, o que o torna adequado para uso como de tráfego intenso. • Pode ser projetado para resistir a fungos e bactérias, o que o torna adequado para uso como de saúde.",in stock,new,49.98 BRL,https://torretecidos.com.br/products/tecido-para-area-externa-waterblock-barcos-tiffany,https://cdn.shopify.com/s/files/1/0620/8038/5163/files/e41ec46e0e706ba90858627187887b8d.jpg?v=1776371580,Döhler,"https://cdn.shopify.com/s/files/1/0620/8038/5163/products/6328.jpg?v=1776371581,https://cdn.shopify.com/s/files/1/0620/8038/5163/products/6327.jpg?v=1776371582,https://cdn.shopify.com/s/files/1/0620/8038/5163/products/6329.jpg?v=1776371582",100,100
7268054106251,Tecido Para Área Externa Gorgurão Waterblock Barcos Azul,"Tecido indicado para estofados, poltronas, almofadas e também para colar em paredes. O Waterblock é um tecido resinado ideal para áreas externas, pois é impermeável. Largura: 1,40 Metros Peso: 170 gramas/m2 Composição: 70% algodão 30% poliester Acabamento: Emborrachado(impermeável) gramas/m2 • É resistente à água, o que o torna adequado para uso como externas ou com risco de umidade. • É fácil de limpar e manter, o que o torna uma boa opção para áreas de uso frequente. • Projetado para bloqueio de luz e UV, o que o torna adequado para uso como cobertura. • É resistente a rasgos e abrasão, o que o torna adequado para uso como de tráfego intenso. • Pode ser projetado para resistir a fungos e bactérias, o que o torna adequado para uso como de saúde.",in stock,new,49.98 BRL,https://torretecidos.com.br/products/tecido-para-area-externa-waterblock-barcos-azul,https://cdn.shopify.com/s/files/1/0620/8038/5163/products/6340.jpg?v=1706970960,Döhler,"https://cdn.shopify.com/s/files/1/0620/8038/5163/products/6341.jpg?v=1715691852,https://cdn.shopify.com/s/files/1/0620/8038/5163/products/6586.jpg?v=1715691852",100,100
7268054270091,Tecido Para Sofá Veludo Couro Bege Rosado,"Com 1,40m de largura. Este veludo é indicado para todos os tipos de estofados, incluindo sofás, cadeiras e poltronas ou para ser colado em paredes. Peso: 250 gramas/m2 Composição: 100%Poliester Cuidados: gramas/m2",in stock,new,23.98 BRL,https://torretecidos.com.br/products/tecido-para-sofa-veludo-couro-bege-rosado,https://cdn.shopify.com/s/files/1/0620/8038/5163/products/6374.jpg?v=1706970976,Tellaio,"https://cdn.shopify.com/s/files/1/0620/8038/5163/products/6375.jpg?v=1706970976,https://cdn.shopify.com/s/files/1/0620/8038/5163/products/6376.jpg?v=1706970976,https://cdn.shopify.com/s/files/1/0620/8038/5163/products/6377.jpg?v=1706970976",100,100
7268054368395,Tecido Para Sofá Veludo Couro Bege,"Com 1,40m de largura. Este veludo é indicado para todos os tipos de estofados, incluindo sofás, cadeiras e poltronas ou para ser colado em paredes. Peso: 250 gramas/m2 Composição: 100%Poliester Cuidados: gramas/m2",in stock,new,23.98 BRL,https://torretecidos.com.br/products/tecido-para-sofa-veludo-couro-bege,https://cdn.shopify.com/s/files/1/0620/8038/5163/products/6378.jpg?v=1706970993,Tellaio,"https://cdn.shopify.com/s/files/1/0620/8038/5163/products/6379.jpg?v=1706970993,https://cdn.shopify.com/s/files/1/0620/8038/5163/products/6380.jpg?v=1706970993,https://cdn.shopify.com/s/files/1/0620/8038/5163/products/6381.jpg?v=1706970993",100,100
7268054433931,Tecido Para Sofá Veludo Couro Marrom,"Com 1,40m de largura. Este veludo é indicado para todos os tipos de estofados, incluindo sofás, cadeiras e poltronas ou para ser colado em paredes. Peso: 250 gramas/m2 Composição: 100%Poliester Cuidados: gramas/m2",in stock,new,23.98 BRL,https://torretecidos.com.br/products/tecido-para-sofa-veludo-couro-marron,https://cdn.shopify.com/s/files/1/0620/8038/5163/products/6382.jpg?v=1706971008,Tellaio,"https://cdn.shopify.com/s/files/1/0620/8038/5163/products/6383.jpg?v=1706971008,https://cdn.shopify.com/s/files/1/0620/8038/5163/products/6384.jpg?v=1706971008,https://cdn.shopify.com/s/files/1/0620/8038/5163/products/6385.jpg?v=1706971008",100,100
7268054532235,Tecido Para Sofá Veludo Couro Preto,"Com 1,40m de largura. Este veludo é indicado para todos os tipos de estofados, incluindo sofás, cadeiras e poltronas ou para ser colado em paredes. Peso: 250 gramas/m2 Composição: 100%Poliester Cuidados: gramas/m2",in stock,new,23.98 BRL,https://torretecidos.com.br/products/tecido-para-sofa-veludo-couro-preto,https://cdn.shopify.com/s/files/1/0620/8038/5163/products/6386.jpg?v=1706971023,Tellaio,"https://cdn.shopify.com/s/files/1/0620/8038/5163/products/6387.jpg?v=1706971023,https://cdn.shopify.com/s/files/1/0620/8038/5163/products/6388.jpg?v=1706971023,https://cdn.shopify.com/s/files/1/0620/8038/5163/products/6389.jpg?v=1706971023",100,100
7268054630539,Tecido Para Sofá Veludo Couro Marrom Café,"Com 1,40m de largura. Este veludo é indicado para todos os tipos de estofados, incluindo sofás, cadeiras e poltronas ou para ser colado em paredes. Peso: 250 gramas/m2 Composição: 100%Poliester Cuidados: gramas/m2",in stock,new,23.98 BRL,https://torretecidos.com.br/products/tecido-para-sofa-veludo-couro-marron-cafe,https://cdn.shopify.com/s/files/1/0620/8038/5163/products/6390.jpg?v=1706971036,Tellaio,"https://cdn.shopify.com/s/files/1/0620/8038/5163/products/6391.jpg?v=1706971037,https://cdn.shopify.com/s/files/1/0620/8038/5163/products/6392.jpg?v=1706971037,https://cdn.shopify.com/s/files/1/0620/8038/5163/products/6393.jpg?v=1706971037",100,100
7268054728843,Panamá Chumbo,"Com 1,45m de largura. Este tecido para decoração é indicado para estofados em geral e para colar em paredes. gramas/m2 Largura: 1,40m Peso: 244 gramas/m2 Composição: 100% Poliéster Cuidados:",in stock,new,30.95 BRL,https://torretecidos.com.br/products/tecido-para-sofa-panama-chumbo,https://cdn.shopify.com/s/files/1/0620/8038/5163/products/11023.jpg?v=1706971044,Torre Tecidos,https://cdn.shopify.com/s/files/1/0620/8038/5163/products/11024.jpg?v=1706971044,100,100
7268054892683,Panamá Lilás,"Com 1,45m de largura. Este tecido para decoração é indicado para estofados em geral e para colar em paredes. gramas/m2 Largura: 1,40m Peso: 244 gramas/m2 Composição: 100% Poliéster Cuidados:",in stock,new,30.95 BRL,https://torretecidos.com.br/products/tecido-para-sofa-panama-lilas,https://cdn.shopify.com/s/files/1/0620/8038/5163/products/11021.jpg?v=1706971051,Torre Tecidos,https://cdn.shopify.com/s/files/1/0620/8038/5163/products/11022.jpg?v=1706971051,100,100
7268055154827,Tecido Para Cortina Voil Linho Listras Maquinetado,"Indicado para a confecção de cortinas e forros de mesa, possui transparência. Produto à pronta entrega. Peso: 40 gramas/m2 Composição: 95% POLIESTER 5% Linho Largura: 2,80M gramas/m2",in stock,new,24.98 BRL,https://torretecidos.com.br/products/tecido-para-cortina-voil-linho-listras-maquinetado,https://cdn.shopify.com/s/files/1/0620/8038/5163/products/6416.jpg?v=1706971059,Torre Tecidos,https://cdn.shopify.com/s/files/1/0620/8038/5163/products/6417.jpg?v=1706971059,100,100
7268055220363,Tecido Para Cortina Voil 5 Listras Com Brilho,"Indicado para a confecção de cortinas e forros de mesa, possui transparência. Produto à pronta entrega. Peso: 40 gramas/m2 Composição: 95% POLIESTER 5% Linho Largura: 2,80M gramas/m2",in stock,new,24.98 BRL,https://torretecidos.com.br/products/tecido-para-cortina-voil-5-listrasbrilho,https://cdn.shopify.com/s/files/1/0620/8038/5163/products/6418.jpg?v=1706971069,Torre Tecidos,"https://cdn.shopify.com/s/files/1/0620/8038/5163/products/6419.jpg?v=1706971069,https://cdn.shopify.com/s/files/1/0620/8038/5163/products/6420.jpg?v=1706971069",100,100
7268055285899,Tecido Para Cortina Voil Linho Listras Gases Mariana,"Indicado para a confecção de cortinas e forros de mesa, possui transparência. Produto à pronta entrega. Peso: 40 gramas/m2 Composição: 95% POLIESTER 5% Linho Largura: 2,80M gramas/m2",in stock,new,24.98 BRL,https://torretecidos.com.br/products/tecido-para-cortina-voil-linho-listras-gases-mariana,https://cdn.shopify.com/s/files/1/0620/8038/5163/products/6434.jpg?v=1706971077,Torre Tecidos,https://cdn.shopify.com/s/files/1/0620/8038/5163/products/6437.jpg?v=1706971077,100,100
7268055351435,Tecido Para Cortina Voil Linho Branco Listras Marrom,"Indicado para a confecção de cortinas e forros de mesa, possui transparência. Produto à pronta entrega. Peso: 40 gramas/m2 Composição: 95% POLIESTER 5% Linho Largura: 2,80M gramas/m2",in stock,new,24.98 BRL,https://torretecidos.com.br/products/tecido-para-cortina-voil-linho-branco-listras-marron,https://cdn.shopify.com/s/files/1/0620/8038/5163/products/6441.jpg?v=1706971085,Torre Tecidos,https://cdn.shopify.com/s/files/1/0620/8038/5163/products/6443.jpg?v=1706971085,100,100
7268055449739,Tecido Para Cortina Voil Linho Branco Listra Mariana,"Indicado para a confecção de cortinas e forros de mesa, possui transparência. Produto à pronta entrega. Peso: 40 gramas/m2 Composição: 95% POLIESTER 5% Linho Largura: 2,80M gramas/m2",in stock,new,24.98 BRL,https://torretecidos.com.br/products/tecido-para-cortina-voil-linho-branco-listra-mariana,https://cdn.shopify.com/s/files/1/0620/8038/5163/products/6444.jpg?v=1706971093,Torre Tecidos,https://cdn.shopify.com/s/files/1/0620/8038/5163/products/6446.jpg?v=1706971093,100,100
7268055482507,Tecido Para Cortina Voil Linho Listras Prata,"Indicado para a confecção de cortinas e forros de mesa, possui transparência. Produto à pronta entrega. Peso: 40 gramas/m2 Composição: 95% POLIESTER 5% Linho Largura: 2,80M gramas/m2",in stock,new,23.98 BRL,https://torretecidos.com.br/products/tecido-para-cortina-voil-linho-listras-prata,https://cdn.shopify.com/s/files/1/0620/8038/5163/products/6447.jpg?v=1706971100,Torre Tecidos,https://cdn.shopify.com/s/files/1/0620/8038/5163/products/6451.jpg?v=1706971100,100,100
7268055580811,Tecido Para Sofá Jacquard Marble Harmonia Verde Escuro,"Tecido indicado para estofar sofás, poltronas, almofadas e colar em paredes, excelente custo-benefício. Largura: 1,40M Peso: 288 gramas/m2 Composição: 42%Poliester 58%Algodão gramas/m2 • Design Complexo: O tecido Jacquard é conhecido por sua capacidade de criar desenhos e padrões complexos e detalhados. • Textura: Possui uma textura única e rica, o que pode adicionar profundidade e interesse visual ao espaço. • Durabilidade: É um tecido resistente e durável, o que o torna ideal para uso em móveis e decoração de interiores. • Versatilidade: Pode ser usado em uma variedade de aplicações, incluindo estofamento de móveis, cortinas, almofadas e até mesmo roupas. • Design elegante: Possui uma aparência elegante e sofisticada, que pode ser usada para dar um toque de luxo e sofisticação a qualquer espaço.",in stock,new,24.98 BRL,https://torretecidos.com.br/products/tecido-para-sofa-jacquard-marble-harmonia-verde-escuro,https://cdn.shopify.com/s/files/1/0620/8038/5163/products/6534.jpg?v=1706971114,Imetextil - Textil Irineu Meneghel Ltda.,"https://cdn.shopify.com/s/files/1/0620/8038/5163/products/6535.jpg?v=1706971114,https://cdn.shopify.com/s/files/1/0620/8038/5163/products/6536.jpg?v=1706971114",100,100
7268055646347,Tecido Para Sofá Jacquard Marble Mandala Falarmônica,"Tecido indicado para estofar sofás, poltronas, almofadas e colar em paredes, excelente custo-benefício. Largura: 1,40M Peso: 288 gramas/m2 Composição: 42%Poliester 58%Algodão gramas/m2 • Design Complexo: O tecido Jacquard é conhecido por sua capacidade de criar desenhos e padrões complexos e detalhados. • Textura: Possui uma textura única e rica, o que pode adicionar profundidade e interesse visual ao espaço. • Durabilidade: É um tecido resistente e durável, o que o torna ideal para uso em móveis e decoração de interiores. • Versatilidade: Pode ser usado em uma variedade de aplicações, incluindo estofamento de móveis, cortinas, almofadas e até mesmo roupas. • Design elegante: Possui uma aparência elegante e sofisticada, que pode ser usada para dar um toque de luxo e sofisticação a qualquer espaço.",in stock,new,24.98 BRL,https://torretecidos.com.br/products/tecido-para-sofa-jacquard-marble-mandala-filarmonica,https://cdn.shopify.com/s/files/1/0620/8038/5163/products/6540.jpg?v=1706971128,Imetextil - Textil Irineu Meneghel Ltda.,"https://cdn.shopify.com/s/files/1/0620/8038/5163/products/6541.jpg?v=1706971128,https://cdn.shopify.com/s/files/1/0620/8038/5163/products/6542.jpg?v=1706971128",100,100
7268055711883,Tecido Para Sofá Sarja de Algodão Peletizada Azul Noite,"Sarja de Algodão Peletizada Crú com 1,60m de largura. A Sarja é muito indicada para estofar sofás, cadeiras, almofadas e poltronas. Tecido para uso em áreas internas. Tecido à pronta entrega. Peso: 330 gramas/m2 Composição: 100%Algodão Desenho: liso gramas/m2",in stock,new,48.98 BRL,https://torretecidos.com.br/products/tecido-para-sofa-sarja-de-algodao-peletizada-azul-noite,https://cdn.shopify.com/s/files/1/0620/8038/5163/products/11294.jpg?v=1706971134,Torre Tecidos,https://cdn.shopify.com/s/files/1/0620/8038/5163/products/11295.jpg?v=1706971134,100,100
7268055777419,Tecido Para Sofá Gobelem Floral Azul,"com 1,55m de largura. Tecido de gramatura pesada adequado para estofar. Tecido à pronta entrega. Largura: 1,55m Peso: 310 gramas/m2 Composição: 58%Poliester 42%Algodão gramas/m2 • Tradição: O uso do Gobelim na decoração remonta a muitos séculos atrás, e carrega consigo uma rica tradição de arte e artesanato. • Exclusividade: Os Gobelins são peças únicas e raras, e adicionar um ao seu espaço pode dar uma sensação de exclusividade e luxo. • Detalhes: Eles são conhecidos por sua precisão e detalhamento, o que os torna peças de arte verdadeiramente impressionantes. • Versatilidade: Eles podem ser usados para decorar diferentes ambientes, desde salas de estar até quartos de hotel de luxo. • Investimento: Os Gobelins são peças valiosas e podem ser consideradas um investimento a longo prazo.",in stock,new,38.72 BRL,https://torretecidos.com.br/products/tecido-para-sofa-gobelem-floral-azul,https://cdn.shopify.com/s/files/1/0620/8038/5163/products/6708.jpg?v=1706971153,Torre Tecidos,"https://cdn.shopify.com/s/files/1/0620/8038/5163/products/6709.jpg?v=1706971153,https://cdn.shopify.com/s/files/1/0620/8038/5163/products/6710.jpg?v=1706971153,https://cdn.shopify.com/s/files/1/0620/8038/5163/products/6711.jpg?v=1706971153",100,100
7268055875723,Tecido Para Área Externa Gorgurão Waterblock Listras Finas Azul,"Tecido indicado para estofados, poltronas, almofadas e também para colar em paredes. O Waterblock é um tecido resinado ideal para áreas externas, pois é impermeável. Largura: 1,40 Metros Peso: 170 gramas/m2 Composição: 70% algodão 30% poliester Acabamento: Emborrachado(impermeável) gramas/m2 • É resistente à água, o que o torna adequado para uso como externas ou com risco de umidade. • É fácil de limpar e manter, o que o torna uma boa opção para áreas de uso frequente. • Projetado para bloqueio de luz e UV, o que o torna adequado para uso como cobertura. • É resistente a rasgos e abrasão, o que o torna adequado para uso como de tráfego intenso. • Pode ser projetado para resistir a fungos e bactérias, o que o torna adequado para uso como de saúde.",in stock,new,49.98 BRL,https://torretecidos.com.br/products/tecido-para-area-externa-waterblock-listras-finas-azul,https://cdn.shopify.com/s/files/1/0620/8038/5163/products/6887.jpg?v=1706971177,Döhler,"https://cdn.shopify.com/s/files/1/0620/8038/5163/products/6888.jpg?v=1715691997,https://cdn.shopify.com/s/files/1/0620/8038/5163/products/6889.jpg?v=1715691997,https://cdn.shopify.com/s/files/1/0620/8038/5163/products/6890.jpg?v=1715691997",100,100
7268055908491,Tecido Para Área Externa Gorgurão Waterblock Liso Amarelo Canario,"Tecido indicado para estofados, poltronas, almofadas e também para colar em paredes. O Waterblock é um tecido resinado ideal para áreas externas, pois é impermeável. Largura: 1,40 Metros Peso: 170 gramas/m2 Composição: 70% algodão 30% poliester Acabamento: Emborrachado(impermeável) gramas/m2 • É resistente à água, o que o torna adequado para uso como externas ou com risco de umidade. • É fácil de limpar e manter, o que o torna uma boa opção para áreas de uso frequente. • Projetado para bloqueio de luz e UV, o que o torna adequado para uso como cobertura. • É resistente a rasgos e abrasão, o que o torna adequado para uso como de tráfego intenso. • Pode ser projetado para resistir a fungos e bactérias, o que o torna adequado para uso como de saúde.",in stock,new,49.98 BRL,https://torretecidos.com.br/products/tecido-para-area-externa-waterblock-liso-amarelo-canario,https://cdn.shopify.com/s/files/1/0620/8038/5163/products/6902.jpg?v=1776451726,Döhler,https://cdn.shopify.com/s/files/1/0620/8038/5163/products/6903.jpg?v=1776451727,100,100
7268056006795,Tecido Para Área Externa Gorgurão Waterblock Liso Azul Marinho,"Tecido indicado para estofados, poltronas, almofadas e também para colar em paredes. O Waterblock é um tecido resinado ideal para áreas externas, pois é impermeável. Largura: 1,40 Metros Peso: 170 gramas/m2 Composição: 70% algodão 30% poliester Acabamento: Emborrachado(impermeável) gramas/m2 • É resistente à água, o que o torna adequado para uso como externas ou com risco de umidade. • É fácil de limpar e manter, o que o torna uma boa opção para áreas de uso frequente. • Projetado para bloqueio de luz e UV, o que o torna adequado para uso como cobertura. • É resistente a rasgos e abrasão, o que o torna adequado para uso como de tráfego intenso. • Pode ser projetado para resistir a fungos e bactérias, o que o torna adequado para uso como de saúde.",in stock,new,49.98 BRL,https://torretecidos.com.br/products/tecido-para-area-externa-waterblock-liso-azul-marinho,https://cdn.shopify.com/s/files/1/0620/8038/5163/files/7320d07c7e82cd3f059d879328e44900.jpg?v=1776434812,Döhler,"https://cdn.shopify.com/s/files/1/0620/8038/5163/products/6905.jpg?v=1776434813,https://cdn.shopify.com/s/files/1/0620/8038/5163/products/6908.jpg?v=1776434813",100,100
7268056039563,Tecido Para Sofá Corino Branco,"Com 1,40m de largura. Tecido indicado para estofar sofás, poltronas e puffs. Possui leve brilho e tem como característica ser fácil limpar. Imita a textura de couro natural. Composição da Superfície: 100%PVC(Policloreto de Vinila) Composição da Base: Manta 100% POLIESTER Gravação: Jakarta Largura: 1,40 Metro Peso: 428 gramas/m2 gramas/m2",in stock,new,18.98 BRL,https://torretecidos.com.br/products/tecido-para-sofa-corino-branco,https://cdn.shopify.com/s/files/1/0620/8038/5163/products/10843.jpg?v=1706971215,Romplas,https://cdn.shopify.com/s/files/1/0620/8038/5163/products/10844.jpg?v=1706971215,100,100
7268056105099,Tecido Para Sofá Corino Vermelho,"Com 1,40m de largura. Tecido indicado para estofar sofás, poltronas e puffs. Possui leve brilho e tem como característica ser fácil limpar. Imita a textura de couro natural. Composição da Superfície: 100%PVC(Policloreto de Vinila) Composição da Base: Manta 100% POLIESTER Gravação: Jakarta Largura: 1,40 Metro Peso: 428 gramas/m2 gramas/m2",in stock,new,18.98 BRL,https://torretecidos.com.br/products/tecido-para-sofa-corino-vermelho,https://cdn.shopify.com/s/files/1/0620/8038/5163/products/6962.jpg?v=1706971223,Torre Tecidos,,100,100
7268056137867,Tecido Para Sofá Corino Azul Marinho,"Com 1,40m de largura. Tecido indicado para estofar sofás, poltronas e puffs. Possui leve brilho e tem como característica ser fácil limpar. Imita a textura de couro natural. Composição da Superfície: 100%PVC(Policloreto de Vinila) Composição da Base: Manta 100% POLIESTER Gravação: Jakarta Largura: 1,40 Metro Peso: 428 gramas/m2 gramas/m2",in stock,new,18.98 BRL,https://torretecidos.com.br/products/tecido-para-sofa-corino-azul-marinho,https://cdn.shopify.com/s/files/1/0620/8038/5163/products/6963.jpg?v=1706971230,Romplas,,100,100
7268056203403,Tecido Para Sofá Corino Café,"Com 1,40m de largura. Tecido indicado para estofar sofás, poltronas e puffs. Possui leve brilho e tem como característica ser fácil limpar. Imita a textura de couro natural. Composição da Superfície: 100%PVC(Policloreto de Vinila) Composição da Base: Manta 100% POLIESTER Gravação: Jakarta Largura: 1,40 Metro Peso: 428 gramas/m2 gramas/m2",in stock,new,18.98 BRL,https://torretecidos.com.br/products/tecido-para-sofa-corino-cafe,https://cdn.shopify.com/s/files/1/0620/8038/5163/products/10837.jpg?v=1706971239,Romplas,,100,100
7268056236171,Tecido Para Área Externa Courvin Nautico Branco,"Com 1,40m de largura. Usado para estofar móveis de áreas externas, barcos, iates, lanchas, cadeiras, sofás e poltronas. Resistente a chuvas, sol e maresia. Contém proteção UV Contém proteção anti-mofo Imita a textura de couro natural. Composição: Manta 100% POLIURETANO Largura: 1,40 Metro Peso: 790 gramas/m2 gramas/m2 • Resistência: O courvim náutico é altamente resistente à água e ao desgaste, o que o torna ideal para uso em ambientes marinhos. • Durabilidade: É um tecido muito durável, capaz de suportar as condições adversas do mar e do clima. • Fácil de limpar: Pode ser limpo facilmente com água e sabão. • Design elegante: Possui uma aparência elegante e sofisticada, que pode ser usada para dar um toque de luxo e sofisticação a qualquer espaço. • Flexibilidade: Pode ser utilizado em diversos tipos de aplicações, como estofamento de barcos, cadeiras e sofás.",in stock,new,66.98 BRL,https://torretecidos.com.br/products/tecido-para-area-externa-courvin-nautico-branco,https://cdn.shopify.com/s/files/1/0620/8038/5163/products/6974.jpg?v=1706971249,Romplas,"https://cdn.shopify.com/s/files/1/0620/8038/5163/products/6973.jpg?v=1706971249,https://cdn.shopify.com/s/files/1/0620/8038/5163/files/poltrona_less_reflection_cd19765c-26ed-4e83-9a2d-ae824a5a3ef7.jpg?v=1728993556",100,100
7268056367243,Tecido Para Área Externa Courvin Nautico Preto,"Com 1,40m de largura. Usado para estofar móveis de áreas externas, barcos, iates, lanchas, cadeiras, sofás e poltronas. Resistente a chuvas, sol e maresia. Contém proteção UV Contém proteção anti-mofo Imita a textura de couro natural. Composição: Manta 100% POLIURETANO Largura: 1,40 Metro Peso: 790 gramas/m2 gramas/m2 • Resistência: O courvim náutico é altamente resistente à água e ao desgaste, o que o torna ideal para uso em ambientes marinhos. • Durabilidade: É um tecido muito durável, capaz de suportar as condições adversas do mar e do clima. • Fácil de limpar: Pode ser limpo facilmente com água e sabão. • Design elegante: Possui uma aparência elegante e sofisticada, que pode ser usada para dar um toque de luxo e sofisticação a qualquer espaço. • Flexibilidade: Pode ser utilizado em diversos tipos de aplicações, como estofamento de barcos, cadeiras e sofás.",in stock,new,66.98 BRL,https://torretecidos.com.br/products/tecido-para-area-externa-courvin-nautico-preto,https://cdn.shopify.com/s/files/1/0620/8038/5163/products/10160.jpg?v=1706971255,Torre Tecidos,https://cdn.shopify.com/s/files/1/0620/8038/5163/products/10161.jpg?v=1706971255,100,100
7268056432779,Tecido Para Área Externa Courvin Nautico Bege,"Com 1,40m de largura. Usado para estofar móveis de áreas externas, barcos, iates, lanchas, cadeiras, sofás e poltronas. Resistente a chuvas, sol e maresia. Contém proteção UV Contém proteção anti-mofo Imita a textura de couro natural. Composição: Manta 100% POLIURETANO Largura: 1,40 Metro Peso: 790 gramas/m2 gramas/m2 • Resistência: O courvim náutico é altamente resistente à água e ao desgaste, o que o torna ideal para uso em ambientes marinhos. • Durabilidade: É um tecido muito durável, capaz de suportar as condições adversas do mar e do clima. • Fácil de limpar: Pode ser limpo facilmente com água e sabão. • Design elegante: Possui uma aparência elegante e sofisticada, que pode ser usada para dar um toque de luxo e sofisticação a qualquer espaço. • Flexibilidade: Pode ser utilizado em diversos tipos de aplicações, como estofamento de barcos, cadeiras e sofás.",in stock,new,66.98 BRL,https://torretecidos.com.br/products/tecido-para-area-externa-courvin-nautico-bege,https://cdn.shopify.com/s/files/1/0620/8038/5163/files/facedd813a2705eab9742674c61ad16c.jpg?v=1749489547,Romplas,"https://cdn.shopify.com/s/files/1/0620/8038/5163/files/1f2e0f4936c93f1408e75191e9e479aa.jpg?v=1749489547,https://cdn.shopify.com/s/files/1/0620/8038/5163/files/dad8ce0d33fa0e5208e03a3213b3a6c0.jpg?v=1749489547,https://cdn.shopify.com/s/files/1/0620/8038/5163/files/8c400575d1ad2e88a7c6ac39a4b73753.jpg?v=1749489547",100,100
7268056498315,Tecido Para Cortina Oxford Liso Vermelho,"Com 3,00m de largura, indicado para forrar mesas e cortinas. Largura: 3,00m Peso: 140 gramas/m2 Composição: 100%Poliester gramas/m2",in stock,new,23.98 BRL,https://torretecidos.com.br/products/tecido-para-cortina-oxford-liso-vermelho,https://cdn.shopify.com/s/files/1/0620/8038/5163/products/11245.jpg?v=1706971272,Torre Tecidos,https://cdn.shopify.com/s/files/1/0620/8038/5163/products/11246.jpg?v=1706971272,100,100
7268056531083,Tecido Para Área Externa Gorgurão Waterblock Ramos De Folhas Verde,"Tecido indicado para estofados, poltronas, almofadas e também para colar em paredes. O Waterblock é um tecido resinado ideal para áreas externas, pois é impermeável e emborrachado. Possui Proteção UV e anti-mofo. Largura: 1,40 Metros Peso: 170 gramas/m2 Composição: 70% algodão 30% poliester Acabamento: Emborrachado(impermeável) gramas/m2 • É resistente à água, o que o torna adequado para uso como externas ou com risco de umidade. • É fácil de limpar e manter, o que o torna uma boa opção para áreas de uso frequente. • Projetado para bloqueio de luz e UV, o que o torna adequado para uso como cobertura. • É resistente a rasgos e abrasão, o que o torna adequado para uso como de tráfego intenso. • Pode ser projetado para resistir a fungos e bactérias, o que o torna adequado para uso como de saúde.",in stock,new,49.98 BRL,https://torretecidos.com.br/products/tecido-para-area-externa-waterblock-ramos-de-folhas-verde,https://cdn.shopify.com/s/files/1/0620/8038/5163/files/993558d63b4994746b2f2fa79fa363c9.jpg?v=1776453906,Döhler,"https://cdn.shopify.com/s/files/1/0620/8038/5163/products/7023.jpg?v=1776453907,https://cdn.shopify.com/s/files/1/0620/8038/5163/products/7025.jpg?v=1776453907,https://cdn.shopify.com/s/files/1/0620/8038/5163/products/7022.jpg?v=1776453908",100,100
7268056596619,Tecido Para Área Externa Gorgurão Waterblock Liso Cinza,"Tecido indicado para estofados, poltronas, almofadas e também para colar em paredes. O Waterblock é um tecido resinado ideal para áreas externas, pois é impermeável e emborrachado. Possui Proteção UV e anti-mofo. Cor de referência: Pantone 2051 C Largura: 1,40 Metros Peso: 170 gramas/m2 Composição: 70% algodão 30% poliester Acabamento: Emborrachado(impermeável) gramas/m2 • É resistente à água, o que o torna adequado para uso como externas ou com risco de umidade. • É fácil de limpar e manter, o que o torna uma boa opção para áreas de uso frequente. • Projetado para bloqueio de luz e UV, o que o torna adequado para uso como cobertura. • É resistente a rasgos e abrasão, o que o torna adequado para uso como de tráfego intenso. • Pode ser projetado para resistir a fungos e bactérias, o que o torna adequado para uso como de saúde.",in stock,new,49.98 BRL,https://torretecidos.com.br/products/tecido-para-area-externa-waterblock-liso-cinza,https://cdn.shopify.com/s/files/1/0620/8038/5163/files/b9dc833110a83c51eb9895e15f4dc554.jpg?v=1776371100,Döhler,"https://cdn.shopify.com/s/files/1/0620/8038/5163/products/10784.jpg?v=1776371101,https://cdn.shopify.com/s/files/1/0620/8038/5163/products/10786.jpg?v=1776371101",100,100
7268056662155,Tecido Para Área Externa Gorgurão Waterblock Madeira Bege,"Tecido indicado para estofados, poltronas, almofadas e também para colar em paredes. O Waterblock é um tecido resinado ideal para áreas externas, pois é impermeável e emborrachado. Possui Proteção UV e anti-mofo. Largura: 1,40 Metros Peso: 170 gramas/m2 Composição: 70% algodão 30% poliester Acabamento: Emborrachado(impermeável) gramas/m2 • É resistente à água, o que o torna adequado para uso como externas ou com risco de umidade. • É fácil de limpar e manter, o que o torna uma boa opção para áreas de uso frequente. • Projetado para bloqueio de luz e UV, o que o torna adequado para uso como cobertura. • É resistente a rasgos e abrasão, o que o torna adequado para uso como de tráfego intenso. • Pode ser projetado para resistir a fungos e bactérias, o que o torna adequado para uso como de saúde.",in stock,new,49.98 BRL,https://torretecidos.com.br/products/tecido-para-area-externa-waterblock-madeira-bege,https://cdn.shopify.com/s/files/1/0620/8038/5163/files/2aa2028ad3fc5c635ac45cacefaa154d.jpg?v=1776452474,Döhler,"https://cdn.shopify.com/s/files/1/0620/8038/5163/products/7070.jpg?v=1776452474,https://cdn.shopify.com/s/files/1/0620/8038/5163/products/7071.jpg?v=1776452475,https://cdn.shopify.com/s/files/1/0620/8038/5163/products/7072.jpg?v=1776452476",100,100
7268056727691,Tecido Para Área Externa Gorgurão Waterblock Floral Verde,"Tecido indicado para estofados, poltronas, almofadas e também para colar em paredes. O Waterblock é um tecido resinado ideal para áreas externas, pois é impermeável e emborrachado. Possui Proteção UV e anti-mofo. Largura: 1,40 Metros Peso: 170 gramas/m2 Composição: 70% algodão 30% poliester Acabamento: Emborrachado(impermeável) gramas/m2 • É resistente à água, o que o torna adequado para uso como externas ou com risco de umidade. • É fácil de limpar e manter, o que o torna uma boa opção para áreas de uso frequente. • Projetado para bloqueio de luz e UV, o que o torna adequado para uso como cobertura. • É resistente a rasgos e abrasão, o que o torna adequado para uso como de tráfego intenso. • Pode ser projetado para resistir a fungos e bactérias, o que o torna adequado para uso como de saúde.",in stock,new,49.98 BRL,https://torretecidos.com.br/products/tecido-para-area-externa-waterblock-floral-verde,https://cdn.shopify.com/s/files/1/0620/8038/5163/files/1aa4586516a6f952415872531816cb4c.jpg?v=1776447193,Döhler,"https://cdn.shopify.com/s/files/1/0620/8038/5163/products/7121.jpg?v=1776447194,https://cdn.shopify.com/s/files/1/0620/8038/5163/products/7122.jpg?v=1776447195,https://cdn.shopify.com/s/files/1/0620/8038/5163/products/7123.jpg?v=1776447195",100,100
7268056793227,Tecido Para Área Externa Gorgurão Waterblock Floral Coral,"Tecido indicado para estofados, poltronas, almofadas e também para colar em paredes. O Waterblock é um tecido resinado ideal para áreas externas, pois é impermeável e emborrachado. Possui Proteção UV e anti-mofo. Largura: 1,40 Metros Peso: 170 gramas/m2 Composição: 70% algodão 30% poliester Acabamento: Emborrachado(impermeável) gramas/m2 • É resistente à água, o que o torna adequado para uso como externas ou com risco de umidade. • É fácil de limpar e manter, o que o torna uma boa opção para áreas de uso frequente. • Projetado para bloqueio de luz e UV, o que o torna adequado para uso como cobertura. • É resistente a rasgos e abrasão, o que o torna adequado para uso como de tráfego intenso. • Pode ser projetado para resistir a fungos e bactérias, o que o torna adequado para uso como de saúde.",in stock,new,49.98 BRL,https://torretecidos.com.br/products/tecido-para-area-externa-waterblock-floral-coral,https://cdn.shopify.com/s/files/1/0620/8038/5163/files/d30cd542d8289fffeedff123ac06dbb4.jpg?v=1776447277,Döhler,"https://cdn.shopify.com/s/files/1/0620/8038/5163/products/7128.jpg?v=1776447277,https://cdn.shopify.com/s/files/1/0620/8038/5163/products/7129.jpg?v=1776447278,https://cdn.shopify.com/s/files/1/0620/8038/5163/products/7130.jpg?v=1776447279",100,100
7268056858763,Tecido Para Área Externa Gorgurão Waterblock Falso Liso Marfim,"Tecido indicado para estofados, poltronas, almofadas e também para colar em paredes. O Waterblock é um tecido resinado ideal para áreas externas, pois é impermeável e emborrachado. Possui Proteção UV e anti-mofo. Largura: 1,40 Metros Peso: 170 gramas/m2 Composição: 70% algodão 30% poliester Acabamento: Emborrachado(impermeável) gramas/m2 • É resistente à água, o que o torna adequado para uso como externas ou com risco de umidade. • É fácil de limpar e manter, o que o torna uma boa opção para áreas de uso frequente. • Projetado para bloqueio de luz e UV, o que o torna adequado para uso como cobertura. • É resistente a rasgos e abrasão, o que o torna adequado para uso como de tráfego intenso. • Pode ser projetado para resistir a fungos e bactérias, o que o torna adequado para uso como de saúde.",in stock,new,49.98 BRL,https://torretecidos.com.br/products/tecido-para-area-externa-waterblock-falso-liso-marfim,https://cdn.shopify.com/s/files/1/0620/8038/5163/files/a837f97c3f58fb885c2a88776e54b102.jpg?v=1776372151,Döhler,"https://cdn.shopify.com/s/files/1/0620/8038/5163/products/7134.jpg?v=1776372152,https://cdn.shopify.com/s/files/1/0620/8038/5163/products/7133.jpg?v=1776372152",100,100
7268056924299,Tecido Para Área Externa Gorgurão Waterblock Palmeiras Areca Verde,"Tecido indicado para estofados, poltronas, almofadas e também para colar em paredes. O Waterblock é um tecido resinado ideal para áreas externas, pois é impermeável e emborrachado. Possui Proteção UV e anti-mofo. Largura: 1,40 Metros Peso: 170 gramas/m2 Composição: 70% algodão 30% poliester Acabamento: Emborrachado(impermeável) gramas/m2 • É resistente à água, o que o torna adequado para uso como externas ou com risco de umidade. • É fácil de limpar e manter, o que o torna uma boa opção para áreas de uso frequente. • Projetado para bloqueio de luz e UV, o que o torna adequado para uso como cobertura. • É resistente a rasgos e abrasão, o que o torna adequado para uso como de tráfego intenso. • Pode ser projetado para resistir a fungos e bactérias, o que o torna adequado para uso como de saúde.",in stock,new,49.98 BRL,https://torretecidos.com.br/products/tecido-para-area-externa-waterblock-palmeiras-areca-verde,https://cdn.shopify.com/s/files/1/0620/8038/5163/products/7153.jpg?v=1706971362,Döhler,"https://cdn.shopify.com/s/files/1/0620/8038/5163/products/7154.jpg?v=1715692676,https://cdn.shopify.com/s/files/1/0620/8038/5163/products/7155.jpg?v=1715692676,https://cdn.shopify.com/s/files/1/0620/8038/5163/files/poltrona_less_reflection_31ef3e8f-5130-437d-bf7f-16337c882ec7.jpg?v=1728486757",100,100
7268057055371,Tecido Para Área Externa Gorgurão Waterblock Hibisco e Samambaia,"Tecido indicado para estofados, poltronas, almofadas e também para colar em paredes. O Waterblock é um tecido resinado ideal para áreas externas, pois é impermeável e emborrachado. Possui Proteção UV e anti-mofo. Largura: 1,40 Metros Peso: 170 gramas/m2 Composição: 70% algodão 30% poliester Acabamento: Emborrachado(impermeável) gramas/m2 • É resistente à água, o que o torna adequado para uso como externas ou com risco de umidade. • É fácil de limpar e manter, o que o torna uma boa opção para áreas de uso frequente. • Projetado para bloqueio de luz e UV, o que o torna adequado para uso como cobertura. • É resistente a rasgos e abrasão, o que o torna adequado para uso como de tráfego intenso. • Pode ser projetado para resistir a fungos e bactérias, o que o torna adequado para uso como de saúde.",in stock,new,49.98 BRL,https://torretecidos.com.br/products/tecido-para-area-externa-waterblock-hibisco-e-samambaia,https://cdn.shopify.com/s/files/1/0620/8038/5163/files/c447d53282aff2f286335195fff89dcd.jpg?v=1776445512,Döhler,"https://cdn.shopify.com/s/files/1/0620/8038/5163/products/7172.jpg?v=1776445512,https://cdn.shopify.com/s/files/1/0620/8038/5163/products/7173.jpg?v=1776445513,https://cdn.shopify.com/s/files/1/0620/8038/5163/products/7174.jpg?v=1776445514",100,100
7268057186443,Tecido Para Área Externa Gorgurão Waterblock Madeira Marrom,"O Tecido Vem Inteiro? • SIM Tecido indicado para estofados, poltronas, almofadas e também para colar em paredes. O Waterblock é um tecido resinado ideal para áreas externas, pois é impermeável e emborrachado. Possui Proteção UV e anti-mofo. Largura: 1,40 Metros Peso: 170 gramas/m2 Composição: 70% algodão 30% poliester Acabamento: Emborrachado(impermeável) gramas/m2 • É resistente à água, o que o torna adequado para uso como externas ou com risco de umidade. • É fácil de limpar e manter, o que o torna uma boa opção para áreas de uso frequente. • Projetado para bloqueio de luz e UV, o que o torna adequado para uso como cobertura. • É resistente a rasgos e abrasão, o que o torna adequado para uso como de tráfego intenso. • Pode ser projetado para resistir a fungos e bactérias, o que o torna adequado para uso como de saúde.",in stock,new,49.98 BRL,https://torretecidos.com.br/products/tecido-para-area-externa-waterblock-madeira-marrom,https://cdn.shopify.com/s/files/1/0620/8038/5163/files/bc4056e9950d4ef53c39c467019a5cd7.jpg?v=1776453039,Döhler,"https://cdn.shopify.com/s/files/1/0620/8038/5163/products/7218.jpg?v=1776453040,https://cdn.shopify.com/s/files/1/0620/8038/5163/products/7219.jpg?v=1776453041,https://cdn.shopify.com/s/files/1/0620/8038/5163/products/7220.jpg?v=1776453042",100,100
7268057284747,Tecido Para Sofá Veludo Vellus Gobelem Mostarda,"Com 1,45m de largura. Tecido indicado para estofados. Esse veludo é estampado usando tecnologia alemã de transfer, o que garante altissíma definição na estampa. Largura: 1,45 Metros Peso: 280 gramas/m2 Composição: 100%Poliester gramas/m2 • Estampas personalizadas: Usando a estampa digital, é possível criar estampas personalizadas e exclusivas. • Alta qualidade de impressão: A estampa digital permite uma maior precisão e qualidade de impressão. • Opções de cores: A estampa digital oferece uma ampla gama de opções de cores, permitindo criar desenhos e padrões vibrantes e coloridos. • Versatilidade: O veludo estampado digitalmente pode ser usado em uma variedade de aplicações, incluindo estofamento de móveis, cortinas, almofadas e até mesmo roupas. • Durabilidade: O veludo é um tecido resistente, e a estampa digital garante que a cor e o desenho permaneçam vibrantes por muito tempo. ***VALOR REFERENTE A 1 METRO DE TECIDO*** Enviamos sempre sem cortes, 2 unidades serão 2 metros sem cortes.",in stock,new,54.98 BRL,https://torretecidos.com.br/products/tecido-para-sofa-veludo-vellus-gobelem-mostarda,https://cdn.shopify.com/s/files/1/0620/8038/5163/products/11328.jpg?v=1706971396,Texpoint,"https://cdn.shopify.com/s/files/1/0620/8038/5163/products/11329.jpg?v=1706971396,https://cdn.shopify.com/s/files/1/0620/8038/5163/products/11331.jpg?v=1706971396,https://cdn.shopify.com/s/files/1/0620/8038/5163/files/poltrona_less_reflection_f23fee5b-d878-45d2-834e-2bbfd7f40114.jpg?v=1728502138",100,100
7268057448587,Tecido Para Sofá Veludo Vellus Cravo Preto,"Com 1,45m de largura. Tecido indicado para estofados. Esse veludo é estampado usando tecnologia alemã de transfer, o que garante altissíma definição na estampa. Largura: 1,45 Metros Peso: 280 gramas/m2 Composição: 100%Poliester gramas/m2 • Estampas personalizadas: Usando a estampa digital, é possível criar estampas personalizadas e exclusivas. • Alta qualidade de impressão: A estampa digital permite uma maior precisão e qualidade de impressão. • Opções de cores: A estampa digital oferece uma ampla gama de opções de cores, permitindo criar desenhos e padrões vibrantes e coloridos. • Versatilidade: O veludo estampado digitalmente pode ser usado em uma variedade de aplicações, incluindo estofamento de móveis, cortinas, almofadas e até mesmo roupas. • Durabilidade: O veludo é um tecido resistente, e a estampa digital garante que a cor e o desenho permaneçam vibrantes por muito tempo. ***VALOR REFERENTE A 1 METRO DE TECIDO*** Enviamos sempre sem cortes, 2 unidades serão 2 metros sem cortes.",in stock,new,54.98 BRL,https://torretecidos.com.br/products/tecido-para-sofa-veludo-vellus-cravo-preto,https://cdn.shopify.com/s/files/1/0620/8038/5163/products/7275.jpg?v=1706971409,Texpoint,"https://cdn.shopify.com/s/files/1/0620/8038/5163/products/7276.jpg?v=1706971409,https://cdn.shopify.com/s/files/1/0620/8038/5163/products/7277.jpg?v=1706971409,https://cdn.shopify.com/s/files/1/0620/8038/5163/files/poltrona_less_reflection_e14d6d4f-8425-47fc-9236-bb597a4cdd2b.jpg?v=1728502233",100,100
7268057612427,Tecido Para Sofá Veludo Vellus Gobelem Claro,"Com 1,45m de largura. Tecido indicado para estofados. Esse veludo é estampado usando tecnologia alemã de transfer, o que garante altissíma definição na estampa. Largura: 1,45 Metros Peso: 280 gramas/m2 Composição: 100%Poliester gramas/m2 • Estampas personalizadas: Usando a estampa digital, é possível criar estampas personalizadas e exclusivas. • Alta qualidade de impressão: A estampa digital permite uma maior precisão e qualidade de impressão. • Opções de cores: A estampa digital oferece uma ampla gama de opções de cores, permitindo criar desenhos e padrões vibrantes e coloridos. • Versatilidade: O veludo estampado digitalmente pode ser usado em uma variedade de aplicações, incluindo estofamento de móveis, cortinas, almofadas e até mesmo roupas. • Durabilidade: O veludo é um tecido resistente, e a estampa digital garante que a cor e o desenho permaneçam vibrantes por muito tempo. ***VALOR REFERENTE A 1 METRO DE TECIDO*** Enviamos sempre sem cortes, 2 unidades serão 2 metros sem cortes.",in stock,new,54.98 BRL,https://torretecidos.com.br/products/tecido-para-sofa-veludo-vellus-gobelem-claro,https://cdn.shopify.com/s/files/1/0620/8038/5163/products/7278.jpg?v=1706971423,Texpoint,"https://cdn.shopify.com/s/files/1/0620/8038/5163/products/7279.jpg?v=1706971423,https://cdn.shopify.com/s/files/1/0620/8038/5163/products/7280.jpg?v=1706971423",100,100
7268057677963,Tecido Para Sofá Veludo Vellus Favo,"Com 1,45m de largura. Tecido indicado para estofados. Esse veludo é estampado usando tecnologia alemã de transfer, o que garante altissíma definição na estampa. Largura: 1,45 Metros Peso: 280 gramas/m2 Composição: 100%Poliester gramas/m2 • Estampas personalizadas: Usando a estampa digital, é possível criar estampas personalizadas e exclusivas. • Alta qualidade de impressão: A estampa digital permite uma maior precisão e qualidade de impressão. • Opções de cores: A estampa digital oferece uma ampla gama de opções de cores, permitindo criar desenhos e padrões vibrantes e coloridos. • Versatilidade: O veludo estampado digitalmente pode ser usado em uma variedade de aplicações, incluindo estofamento de móveis, cortinas, almofadas e até mesmo roupas. • Durabilidade: O veludo é um tecido resistente, e a estampa digital garante que a cor e o desenho permaneçam vibrantes por muito tempo. ***VALOR REFERENTE A 1 METRO DE TECIDO*** Enviamos sempre sem cortes, 2 unidades serão 2 metros sem cortes.",in stock,new,54.98 BRL,https://torretecidos.com.br/products/tecido-para-sofa-veludo-vellus-favo,https://cdn.shopify.com/s/files/1/0620/8038/5163/products/7283.jpg?v=1706971436,Texpoint,"https://cdn.shopify.com/s/files/1/0620/8038/5163/products/7281.jpg?v=1706971436,https://cdn.shopify.com/s/files/1/0620/8038/5163/products/7282.jpg?v=1706971436",100,100
7268057809035,Rústico Tela Ecologico Rosa,"Com 1,40m de largura. Tecido indicado para estofados, poltronas, almofadas com preço acessível, fabricação nacional. Tecido à pronta entrega. Peso: 250 gramas/m2 Composição: 56%Algodão 44%Poliester. gramas/m2",in stock,new,24.00 BRL,https://torretecidos.com.br/products/tecido-para-sofa-rustico-tela-ecologico-rosa,https://cdn.shopify.com/s/files/1/0620/8038/5163/products/7299.jpg?v=1706971446,Torre Tecidos,"https://cdn.shopify.com/s/files/1/0620/8038/5163/products/7300.jpg?v=1706971446,https://cdn.shopify.com/s/files/1/0620/8038/5163/products/7301.jpg?v=1706971446",100,100
7268057907339,Tecido Para Cortina Rústico Flame Cinza,"Com 2,80m de largura. Tecido indicado para a confecção de cortinas. Tecido à pronta entrega. Peso: 100 gramas/m2 Composição: 100%poliester. Desenho: liso gramas/m2",in stock,new,26.98 BRL,https://torretecidos.com.br/products/tecido-para-cortina-rustico-flame-cinza,https://cdn.shopify.com/s/files/1/0620/8038/5163/files/9799d993d3dcfd90e3caba130aef4fa2.jpg?v=1750178015,Corttex Indústria Têxtil,"https://cdn.shopify.com/s/files/1/0620/8038/5163/files/79044efe6bb2d273e9cc1d37a8db6a08.jpg?v=1750178020,https://cdn.shopify.com/s/files/1/0620/8038/5163/files/95c07a78d4a838c0824ef5b3cab980e6.jpg?v=1750178024",100,100
7268057972875,Tecido Para Cortina Oxford Liso Preto,"Oxford Liso com 3,00m de largura Largura: 3,00m Peso: 140 gramas/m2 Composição: 100%Poliester gramas/m2",in stock,new,23.98 BRL,https://torretecidos.com.br/products/tecido-para-cortina-oxford-liso-preto,https://cdn.shopify.com/s/files/1/0620/8038/5163/products/7343.jpg?v=1706971462,Torre Tecidos,https://cdn.shopify.com/s/files/1/0620/8038/5163/products/7342.jpg?v=1706971462,100,100
7268058071179,Gorgurão Verona Liso Duplo Rosa Seco,"Com 2,90m de largura .É um tecido indicado para confecção de cortinas, forros de mesa, almofadas e colchas de cama, é amplamente utilizado por dispensar o uso do forro quando em uma cortina, pois já bloqueia grande parte da luz por não ser transparente. Peso: 180 gramas/m2 Composição: 60%algodão 40%Poliester Desenho: liso gramas/m2",in stock,new,36.98 BRL,https://torretecidos.com.br/products/tecido-para-cortina-verona-liso-duplo-rosa-seco,https://cdn.shopify.com/s/files/1/0620/8038/5163/files/10593.jpg?v=1732564380,Torre Tecidos,,100,100
7268058103947,Gorgurao Verona Liso Duplo Azul Royal,"Com 2,90m de largura .É um tecido indicado para confecção de cortinas, forros de mesa, almofadas e colchas de cama, é amplamente utilizado por dispensar o uso do forro quando em uma cortina, pois já bloqueia grande parte da luz por não ser transparente. Peso: 180 gramas/m2 Composição: 60%algodão 40%Poliester Desenho: liso gramas/m2",in stock,new,36.98 BRL,https://torretecidos.com.br/products/tecido-para-cortina-gorgurao-verona-liso-duplo-azul-royal,https://cdn.shopify.com/s/files/1/0620/8038/5163/products/7349.jpg?v=1706971476,Torre Tecidos,https://cdn.shopify.com/s/files/1/0620/8038/5163/products/7348.jpg?v=1706971476,100,100
7268058169483,Tecido Para Sofá Veludo Olinda Listra Azul Claro,"Veludo Olinda com 1,40m de largura. Tecido indicado para estofar. Tecido à pronta entrega. Peso: 190 gramas/m2 Composição: 100%Poliester gramas/m2",in stock,new,23.98 BRL,https://torretecidos.com.br/products/tecido-para-sofa-veludo-olinda-azul-claro,https://cdn.shopify.com/s/files/1/0620/8038/5163/products/7369.jpg?v=1706971486,Torre Tecidos,"https://cdn.shopify.com/s/files/1/0620/8038/5163/products/7370.jpg?v=1706971486,https://cdn.shopify.com/s/files/1/0620/8038/5163/products/7371.jpg?v=1706971486",100,100
7268058300555,Tecido Para Cortina Oxford Liso Azul Bic,"Oxford Liso Azul Bic com 3,00m de largura. Largura: 3,00m Peso: 140 gramas/m2 Composição: 100%Poliester gramas/m2",in stock,new,23.98 BRL,https://torretecidos.com.br/products/tecido-para-cortina-oxford-liso-azul-bic,https://cdn.shopify.com/s/files/1/0620/8038/5163/products/7441.jpg?v=1706971506,Torre Tecidos,https://cdn.shopify.com/s/files/1/0620/8038/5163/products/7440.jpg?v=1706971506,100,100
7268058333323,Tecido Para Sofá Veludo Liso Rosa Seco,"Com 1,40m de largura. Este veludo é indicado para todos os tipos de estofados, incluindo sofás, cadeiras e poltronas. Peso: 260 gramas/m2 Composição: 100%Poliester Largua: 1,40M Cuidados: gramas/m2",in stock,new,18.98 BRL,https://torretecidos.com.br/products/tecido-para-sofa-veludo-liso-rosa-seco,https://cdn.shopify.com/s/files/1/0620/8038/5163/products/10384.jpg?v=1706971516,Corttex Indústria Têxtil,https://cdn.shopify.com/s/files/1/0620/8038/5163/products/10385.jpg?v=1706971516,100,100
7268058398859,Tecido Para Sofá Veludo Liso Verde Água,"Com 1,40m de largura. Este veludo é indicado para todos os tipos de estofados, incluindo sofás, cadeiras e poltronas. Peso: 260 gramas/m2 Composição: 100%Poliester Largua: 1,40M Cuidados: gramas/m2",in stock,new,18.98 BRL,https://torretecidos.com.br/products/tecido-para-sofa-veludo-liso-verde-agua,https://cdn.shopify.com/s/files/1/0620/8038/5163/products/10173.jpg?v=1706971522,Corttex Indústria Têxtil,,100,100
7268058431627,"Tecido Para Sofá Jacquard Adamascado Monarca Cinza  2,80m","Jacquard Adamascado Monarca Cinza com 2,80m de largura. Muito utilizado como forros de mesa para festas de casamentos e outras cerimônias. Peso: 218 gramas/m2 Composição: 56%algodão 44%Poliester gramas/m2 • Design Complexo: O tecido Jacquard é conhecido por sua capacidade de criar desenhos e padrões complexos e detalhados. • Textura: Possui uma textura única e rica, o que pode adicionar profundidade e interesse visual ao espaço. • Durabilidade: É um tecido resistente e durável, o que o torna ideal para uso em móveis e decoração de interiores. • Versatilidade: Pode ser usado em uma variedade de aplicações, incluindo estofamento de móveis, cortinas, almofadas e até mesmo roupas. • Design elegante: Possui uma aparência elegante e sofisticada, que pode ser usada para dar um toque de luxo e sofisticação a qualquer espaço.",in stock,new,37.50 BRL,https://torretecidos.com.br/products/tecido-para-cortina-jacquard-adamascado-monarca-cinza-2-80m,https://cdn.shopify.com/s/files/1/0620/8038/5163/products/11189.jpg?v=1706971529,Torre Tecidos,https://cdn.shopify.com/s/files/1/0620/8038/5163/products/11190.jpg?v=1706971529,100,100
7268058562699,Napa  Azul Royal,"Com 1,40m de largura. Tecido indicado para estofar sofás, poltronas e puffs. Possui leve brilho e tem como característica ser fácil limpar. Composição: 70%PVC 30% Substrato Largura: 1,40 Metro Peso: 270 gramas/m2 gramas/m2",in stock,new,19.98 BRL,https://torretecidos.com.br/products/tecido-para-sofa-napa-azul-royal,https://cdn.shopify.com/s/files/1/0620/8038/5163/products/7456.jpg?v=1706971540,Torre Tecidos,"https://cdn.shopify.com/s/files/1/0620/8038/5163/products/7454.jpg?v=1706971540,https://cdn.shopify.com/s/files/1/0620/8038/5163/products/7455.jpg?v=1706971540",100,100
7268058628235,Tecido Para Sofá Corino Grafite,"Com 1,40m de largura. Tecido indicado para estofar sofás, poltronas e puffs. Possui leve brilho e tem como característica ser fácil limpar. Imita a textura de couro natural. Composição da Superfície: 100%PVC(Policloreto de Vinila) Composição da Base: Manta 100% POLIESTER Gravação: Jakarta Largura: 1,40 Metro Peso: 428 gramas/m2 gramas/m2",in stock,new,18.98 BRL,https://torretecidos.com.br/products/tecido-para-sofa-corino-grafite,https://cdn.shopify.com/s/files/1/0620/8038/5163/products/10829.jpg?v=1706971549,Romplas,"https://cdn.shopify.com/s/files/1/0620/8038/5163/products/10830.jpg?v=1706971549,https://cdn.shopify.com/s/files/1/0620/8038/5163/files/poltrona_less_reflection_f986c376-5629-42f1-803f-280f10e665a5.jpg?v=1728994071",100,100
7268058693771,Tecido Para Sofá Veludo Liso Cru,"Com 1,40m de largura. Este veludo é indicado para todos os tipos de estofados, incluindo sofás, cadeiras e poltronas. Peso: 260 gramas/m2 Composição: 100%Poliester Largua: 1,40M Cuidados: gramas/m2",in stock,new,18.98 BRL,https://torretecidos.com.br/products/tecido-para-sofa-veludo-liso-cru,https://cdn.shopify.com/s/files/1/0620/8038/5163/products/7478.jpg?v=1706971559,Corttex Indústria Têxtil,https://cdn.shopify.com/s/files/1/0620/8038/5163/products/7479.jpg?v=1706971559,100,100
7268058759307,Tecido Para Sofá Gobelem Pixel Floral Fendi,"O Gobelem com 1,40m de largura é um dos mais tradicionais tecidos de decoração.O tecido Gobelem, também conhecido como tecido gobelin é ideal para revestimento de sofás, poltronas e cadeiras.Tecido à pronta entrega. Largura: 1,45m Peso: 200 gramas/m2 Composição: 58%Poliester 42%Algodão gramas/m2 • Tradição: O uso do Gobelim na decoração remonta a muitos séculos atrás, e carrega consigo uma rica tradição de arte e artesanato. • Exclusividade: Os Gobelins são peças únicas e raras, e adicionar um ao seu espaço pode dar uma sensação de exclusividade e luxo. • Detalhes: Eles são conhecidos por sua precisão e detalhamento, o que os torna peças de arte verdadeiramente impressionantes. • Versatilidade: Eles podem ser usados para decorar diferentes ambientes, desde salas de estar até quartos de hotel de luxo. • Investimento: Os Gobelins são peças valiosas e podem ser consideradas um investimento a longo prazo.",in stock,new,66.98 BRL,https://torretecidos.com.br/products/tecido-para-sofa-gobelem-pixel-floral-fendi,https://cdn.shopify.com/s/files/1/0620/8038/5163/files/02e2e0bdc05dd57be481d98742fccf43.jpg?v=1776363467,Meneghel Indústria Têxtil,"https://cdn.shopify.com/s/files/1/0620/8038/5163/products/11163.jpg?v=1776363468,https://cdn.shopify.com/s/files/1/0620/8038/5163/products/11164.jpg?v=1776363469",100,100
7268058824843,Tecido Para Sofá Gobelem Pixel Floral Azul,"O Gobelem com 1,40m de largura é um dos mais tradicionais tecidos de decoração.O tecido Gobelem, também conhecido como tecido gobelin é ideal para revestimento de sofás, poltronas e cadeiras.Tecido à pronta entrega. Largura: 1,45m Peso: 200 gramas/m2 Composição: 58%Poliester 42%Algodão gramas/m2 • Tradição: O uso do Gobelim na decoração remonta a muitos séculos atrás, e carrega consigo uma rica tradição de arte e artesanato. • Exclusividade: Os Gobelins são peças únicas e raras, e adicionar um ao seu espaço pode dar uma sensação de exclusividade e luxo. • Detalhes: Eles são conhecidos por sua precisão e detalhamento, o que os torna peças de arte verdadeiramente impressionantes. • Versatilidade: Eles podem ser usados para decorar diferentes ambientes, desde salas de estar até quartos de hotel de luxo. • Investimento: Os Gobelins são peças valiosas e podem ser consideradas um investimento a longo prazo.",in stock,new,66.98 BRL,https://torretecidos.com.br/products/tecido-para-sofa-gobelem-pixel-floral-azul,https://cdn.shopify.com/s/files/1/0620/8038/5163/files/e73b68271eacef0c8125da1f325aeafc.jpg?v=1776359058,Meneghel Indústria Têxtil,"https://cdn.shopify.com/s/files/1/0620/8038/5163/products/7496.jpg?v=1776359059,https://cdn.shopify.com/s/files/1/0620/8038/5163/products/7497.jpg?v=1776359059,https://cdn.shopify.com/s/files/1/0620/8038/5163/products/7498.jpg?v=1776359060",100,100
7268058890379,Tecido Para Sofá Veludo Vellus Turin Azul,"Veludo Vellus Turín com 1,45m de largura. Tecido indicado para estofados e para colar em paredes. Esse veludo é estampado usando tecnologia alemã de transfer, o que garante altissíma definição na estampa. Largura: 1,45 Metros Peso: 280 gramas/m2 Composição: 100%Poliester gramas/m2 • Estampas personalizadas: Usando a estampa digital, é possível criar estampas personalizadas e exclusivas. • Alta qualidade de impressão: A estampa digital permite uma maior precisão e qualidade de impressão. • Opções de cores: A estampa digital oferece uma ampla gama de opções de cores, permitindo criar desenhos e padrões vibrantes e coloridos. • Versatilidade: O veludo estampado digitalmente pode ser usado em uma variedade de aplicações, incluindo estofamento de móveis, cortinas, almofadas e até mesmo roupas. • Durabilidade: O veludo é um tecido resistente, e a estampa digital garante que a cor e o desenho permaneçam vibrantes por muito tempo. ***VALOR REFERENTE A 1 METRO DE TECIDO*** Enviamos sempre sem cortes, 2 unidades serão 2 metros sem cortes.",in stock,new,49.98 BRL,https://torretecidos.com.br/products/tecido-para-sofa-veludo-vellus-turin-azul,https://cdn.shopify.com/s/files/1/0620/8038/5163/products/7534.jpg?v=1706971594,Texpoint,"https://cdn.shopify.com/s/files/1/0620/8038/5163/products/7532.jpg?v=1706971594,https://cdn.shopify.com/s/files/1/0620/8038/5163/products/7533.jpg?v=1706971594,https://cdn.shopify.com/s/files/1/0620/8038/5163/files/poltrona_less_reflection_2ef90f01-87e0-43dd-9ea2-8429127c7a7c.jpg?v=1728502275",100,100
7268058955915,Tecido Para Cortina Voil Tela Turquia Branco,"Voil Tela Turquia com 3,00M de largura. Indicado para a confecção de cortinas, possui transparência. Produto à pronta entrega. Peso: 40 gramas/m2 Composição: 100% POLIESTER gramas/m2",in stock,new,44.98 BRL,https://torretecidos.com.br/products/tecido-para-cortina-voil-tela-turquia-branco,https://cdn.shopify.com/s/files/1/0620/8038/5163/products/7536.jpg?v=1706971602,Torre Tecidos,https://cdn.shopify.com/s/files/1/0620/8038/5163/products/7535.jpg?v=1706971602,100,100
7268059054219,Tecido Para Cortina Voil Tela Turquia Bege,"Voil Tela Turquia com 3,00M de largura. Indicado para a confecção de cortinas, possui transparência. Produto à pronta entrega. Peso: 40 gramas/m2 Composição: 100% POLIESTER gramas/m2",in stock,new,44.98 BRL,https://torretecidos.com.br/products/tecido-para-cortina-voil-tela-turquia-bege,https://cdn.shopify.com/s/files/1/0620/8038/5163/products/7538.jpg?v=1706971610,Torre Tecidos,https://cdn.shopify.com/s/files/1/0620/8038/5163/products/7537.jpg?v=1706971610,100,100
7268059119755,Napa Preta,"Com 1,40m de largura. Tecido indicado para estofar sofás, poltronas e puffs. Possui leve brilho e tem como característica ser fácil limpar. Composição: 70%PVC 30% Substrato Largura: 1,40 Metro Peso: 270 gramas/m2 gramas/m2",in stock,new,19.98 BRL,https://torretecidos.com.br/products/tecido-para-sofa-napa-preto,https://cdn.shopify.com/s/files/1/0620/8038/5163/products/7563.jpg?v=1706971619,Torre Tecidos,"https://cdn.shopify.com/s/files/1/0620/8038/5163/products/7561.jpg?v=1706971619,https://cdn.shopify.com/s/files/1/0620/8038/5163/products/7562.jpg?v=1706971619",100,100
7268059218059,Tecido Para Sofá Linho Sintético Pesado Natural,"Com 1,40m de largura. Tecido resistente e ideal para estofados em geral, toque macio. gramas/m2 Largura: 1,40m Peso: 244 gramas/m2 Composição: 100% Poliéster Cuidados: • Resistência: O linho sintético é resistente e durável, o que o torna ideal para uso em móveis e decoração de interiores. • Fácil de manter: É fácil de limpar e manter, o que o torna uma boa escolha para áreas de alto tráfego. • Design elegante: Possui uma aparência elegante e sofisticada, que pode ser usada para dar um toque de luxo e sofisticação a qualquer espaço. • Versatilidade: Pode ser usado em uma variedade de aplicações, incluindo estofamento de móveis, cortinas, almofadas e até mesmo roupas. • Opções de cores: Possui uma ampla gama de opções de cores, permitindo criar desenhos e padrões vibrantes e coloridos.",in stock,new,45.98 BRL,https://torretecidos.com.br/products/tecido-para-sofa-linho-sintetico-pesado-natural,https://cdn.shopify.com/s/files/1/0620/8038/5163/products/7568.jpg?v=1706971634,Corttex Indústria Têxtil,"https://cdn.shopify.com/s/files/1/0620/8038/5163/products/7569.jpg?v=1706971634,https://cdn.shopify.com/s/files/1/0620/8038/5163/products/7570.jpg?v=1706971634",100,100
7268059283595,Tecido Para Sofá Linho Sintético Pesado Tiffany,"Com 1,40m de largura. Tecido resistente e ideal para estofados em geral, toque macio. gramas/m2 Largura: 1,40m Peso: 244 gramas/m2 Composição: 100% Poliéster Cuidados: • Resistência: O linho sintético é resistente e durável, o que o torna ideal para uso em móveis e decoração de interiores. • Fácil de manter: É fácil de limpar e manter, o que o torna uma boa escolha para áreas de alto tráfego. • Design elegante: Possui uma aparência elegante e sofisticada, que pode ser usada para dar um toque de luxo e sofisticação a qualquer espaço. • Versatilidade: Pode ser usado em uma variedade de aplicações, incluindo estofamento de móveis, cortinas, almofadas e até mesmo roupas. • Opções de cores: Possui uma ampla gama de opções de cores, permitindo criar desenhos e padrões vibrantes e coloridos.",in stock,new,45.98 BRL,https://torretecidos.com.br/products/tecido-para-sofa-linho-sintetico-pesado-tiffany,https://cdn.shopify.com/s/files/1/0620/8038/5163/products/7571.jpg?v=1706971648,Corttex Indústria Têxtil,"https://cdn.shopify.com/s/files/1/0620/8038/5163/products/7572.jpg?v=1706971648,https://cdn.shopify.com/s/files/1/0620/8038/5163/products/7573.jpg?v=1706971648",100,100
7268059414667,Tecido Para Sofá Linho Sintético Pesado Cinza,"Com 1,40m de largura. Tecido resistente e ideal para estofados em geral, toque macio. gramas/m2 Largura: 1,40m Peso: 244 gramas/m2 Composição: 100% Poliéster Cuidados: • Resistência: O linho sintético é resistente e durável, o que o torna ideal para uso em móveis e decoração de interiores. • Fácil de manter: É fácil de limpar e manter, o que o torna uma boa escolha para áreas de alto tráfego. • Design elegante: Possui uma aparência elegante e sofisticada, que pode ser usada para dar um toque de luxo e sofisticação a qualquer espaço. • Versatilidade: Pode ser usado em uma variedade de aplicações, incluindo estofamento de móveis, cortinas, almofadas e até mesmo roupas. • Opções de cores: Possui uma ampla gama de opções de cores, permitindo criar desenhos e padrões vibrantes e coloridos.",in stock,new,45.98 BRL,https://torretecidos.com.br/products/tecido-para-sofa-linho-sintetico-pesado-cinza,https://cdn.shopify.com/s/files/1/0620/8038/5163/products/7574.jpg?v=1706971661,Corttex Indústria Têxtil,"https://cdn.shopify.com/s/files/1/0620/8038/5163/products/7575.jpg?v=1706971661,https://cdn.shopify.com/s/files/1/0620/8038/5163/products/7576.jpg?v=1706971661",100,100
7268059512971,Tecido Para Sofá Linho Sintético Pesado Grafite,"Com 1,40m de largura. Tecido resistente e ideal para estofados em geral, toque macio. gramas/m2 Largura: 1,40m Peso: 244 gramas/m2 Composição: 100% Poliéster Cuidados: • Resistência: O linho sintético é resistente e durável, o que o torna ideal para uso em móveis e decoração de interiores. • Fácil de manter: É fácil de limpar e manter, o que o torna uma boa escolha para áreas de alto tráfego. • Design elegante: Possui uma aparência elegante e sofisticada, que pode ser usada para dar um toque de luxo e sofisticação a qualquer espaço. • Versatilidade: Pode ser usado em uma variedade de aplicações, incluindo estofamento de móveis, cortinas, almofadas e até mesmo roupas. • Opções de cores: Possui uma ampla gama de opções de cores, permitindo criar desenhos e padrões vibrantes e coloridos.",in stock,new,45.98 BRL,https://torretecidos.com.br/products/tecido-para-sofa-linho-sintetico-pesado-grafite,https://cdn.shopify.com/s/files/1/0620/8038/5163/products/7577.jpg?v=1706971674,Corttex Indústria Têxtil,"https://cdn.shopify.com/s/files/1/0620/8038/5163/products/7578.jpg?v=1706971674,https://cdn.shopify.com/s/files/1/0620/8038/5163/products/7579.jpg?v=1706971674",100,100
7268059676811,Tecido Para Sofá Linho Sintético Pesado Chumbo,"Com 1,40m de largura. Tecido resistente e ideal para estofados em geral, toque macio. gramas/m2 Largura: 1,40m Peso: 244 gramas/m2 Composição: 100% Poliéster Cuidados: • Resistência: O linho sintético é resistente e durável, o que o torna ideal para uso em móveis e decoração de interiores. • Fácil de manter: É fácil de limpar e manter, o que o torna uma boa escolha para áreas de alto tráfego. • Design elegante: Possui uma aparência elegante e sofisticada, que pode ser usada para dar um toque de luxo e sofisticação a qualquer espaço. • Versatilidade: Pode ser usado em uma variedade de aplicações, incluindo estofamento de móveis, cortinas, almofadas e até mesmo roupas. • Opções de cores: Possui uma ampla gama de opções de cores, permitindo criar desenhos e padrões vibrantes e coloridos.",in stock,new,45.98 BRL,https://torretecidos.com.br/products/tecido-para-sofa-linho-sintetico-pesado-chumbo,https://cdn.shopify.com/s/files/1/0620/8038/5163/files/32d3abe500d071e2a74c03f41baf2ba3.jpg?v=1776969829,Corttex Indústria Têxtil,"https://cdn.shopify.com/s/files/1/0620/8038/5163/products/10596.jpg?v=1706971687,https://cdn.shopify.com/s/files/1/0620/8038/5163/products/10595.jpg?v=1706971687,https://cdn.shopify.com/s/files/1/0620/8038/5163/products/10597.jpg?v=1706971687",100,100
7268059807883,Tecido Para Sofá Veludo Liso Caramelo,"Com 1,40m de largura. Este veludo é indicado para todos os tipos de estofados, incluindo sofás, cadeiras e poltronas. Peso: 260 gramas/m2 Composição: 100%Poliester Largua: 1,40M Cuidados: gramas/m2",in stock,new,18.98 BRL,https://torretecidos.com.br/products/tecido-para-sofa-veludo-liso-caramelo,https://cdn.shopify.com/s/files/1/0620/8038/5163/files/ab37790807a6306b54ae2bf073704747_e31ae883-7c54-49db-8f8a-1435a6f61b12.jpg?v=1777377820,Corttex Indústria Têxtil,https://cdn.shopify.com/s/files/1/0620/8038/5163/files/fdd4833b6e331b2b2b528e6f5d3d5a14_f6289a51-40cb-4893-949f-bf1b4f3c47ba.jpg?v=1777377822,100,100
7268059906187,Tecido Para Sofá Veludo Pavia Bege,"Com 1,40m de largura. Este veludo é indicado para todos os tipos de estofados, incluindo sofás, cadeiras e poltronas. Peso: 260 gramas/m2 Composição: 100%Poliester Largua: 1,40M Cuidados: gramas/m2",in stock,new,13.50 BRL,https://torretecidos.com.br/products/tecido-para-sofa-veludo-pavia-bege,https://cdn.shopify.com/s/files/1/0620/8038/5163/files/7597.jpg?v=1747073731,Tellaio,https://cdn.shopify.com/s/files/1/0620/8038/5163/files/7596.jpg?v=1747073731,100,100
7268060037259,Tecido Para Sofá Veludo Liso Ferrugem,"Com 1,40m de largura. Este veludo é indicado para todos os tipos de estofados, incluindo sofás, cadeiras e poltronas. Peso: 260 gramas/m2 Composição: 100%Poliester Largua: 1,40M Cuidados: gramas/m2",in stock,new,18.98 BRL,https://torretecidos.com.br/products/tecido-para-sofa-veludo-liso-ferrugem,https://cdn.shopify.com/s/files/1/0620/8038/5163/files/e856a4232245df4575446a9a6b0d1dd6.jpg?v=1749478802,Corttex Indústria Têxtil,"https://cdn.shopify.com/s/files/1/0620/8038/5163/files/8cf3904a59e88b766ed9bdaa19c14540.jpg?v=1749478805,https://cdn.shopify.com/s/files/1/0620/8038/5163/files/9c8cb8d75a3d7264eb7f5aea2e8c96c1.jpg?v=1749478808",100,100
7268060201099,Tecido Para Área Externa Gorgurão Waterblock Liso Verde Pistache,"Tecido indicado para estofados, poltronas, almofadas e também para colar em paredes. O Waterblock é um tecido resinado ideal para áreas externas, pois é impermeável e emborrachado. Possui Proteção UV e anti-mofo. Largura: 1,40 Metros Peso: 170 gramas/m2 Composição: 70% algodão 30% poliester Acabamento: Emborrachado(impermeável) gramas/m2 • É resistente à água, o que o torna adequado para uso como externas ou com risco de umidade. • É fácil de limpar e manter, o que o torna uma boa opção para áreas de uso frequente. • Projetado para bloqueio de luz e UV, o que o torna adequado para uso como cobertura. • É resistente a rasgos e abrasão, o que o torna adequado para uso como de tráfego intenso. • Pode ser projetado para resistir a fungos e bactérias, o que o torna adequado para uso como de saúde.",in stock,new,49.98 BRL,https://torretecidos.com.br/products/tecido-para-area-externa-waterblock-liso-verde-pistache,https://cdn.shopify.com/s/files/1/0620/8038/5163/products/7605.jpg?v=1706971725,Döhler,"https://cdn.shopify.com/s/files/1/0620/8038/5163/products/7606.jpg?v=1715776467,https://cdn.shopify.com/s/files/1/0620/8038/5163/files/poltrona_less_reflection_c395b7d4-62cf-48e2-8433-3fe133a7dfb7.jpg?v=1728487178",100,100
7268060299403,Tecido Para Área Externa Gorgurão Waterblock Orquídeas Verde,"Tecido indicado para estofados, poltronas, almofadas e também para colar em paredes. O Waterblock é um tecido resinado ideal para áreas externas, pois é impermeável e emborrachado. Possui Proteção UV e anti-mofo. Largura: 1,40 Metros Peso: 170 gramas/m2 Composição: 70% algodão 30% poliester Acabamento: Emborrachado(impermeável) São elegantes e sofisticadas, e podem adicionar um toque de refinamento a qualquer espaço. São versáteis e podem ser usadas em uma variedade de estilos de decoração, desde o clássico até o moderno. As orquídeas são flores que simbolizam amor, luxúria, beleza e riqueza, por isso, podem ser usadas para criar um ambiente romântico e luxuoso. A estampa de orquídea pode ser usada para criar um tema de decoração inteiro, como um jardim tropical ou um quarto de hóspedes. Pode ser usada para criar um contraste interessante com outras estampas ou cores mais fortes, adicionando profundidade e interesse visual ao espaço. gramas/m2 • É resistente à água, o que o torna adequado para uso como externas ou com risco de umidade. • É fácil de limpar e manter, o que o torna uma boa opção para áreas de uso frequente. • Projetado para bloqueio de luz e UV, o que o torna adequado para uso como cobertura. • É resistente a rasgos e abrasão, o que o torna adequado para uso como de tráfego intenso. • Pode ser projetado para resistir a fungos e bactérias, o que o torna adequado para uso como de saúde.",in stock,new,49.98 BRL,https://torretecidos.com.br/products/tecido-para-area-externa-waterblock-orquideas-verde,https://cdn.shopify.com/s/files/1/0620/8038/5163/files/83968cee9a03527738ccd178c46b73c2.jpg?v=1776453007,Döhler,"https://cdn.shopify.com/s/files/1/0620/8038/5163/products/7608.jpg?v=1776453008,https://cdn.shopify.com/s/files/1/0620/8038/5163/products/7607.jpg?v=1776453009,https://cdn.shopify.com/s/files/1/0620/8038/5163/products/7609.jpg?v=1776453009",100,100
7268060430475,Tecido Para Área Externa Gorgurão Waterblock Aquarela Rosa/ Amarelo,"Tecido indicado para estofados, poltronas, almofadas e também para colar em paredes. O Waterblock é um tecido resinado ideal para áreas externas, pois é impermeável e emborrachado. Possui Proteção UV e anti-mofo. Largura: 1,40 Metros Peso: 170 gramas/m2 Composição: 70% algodão 30% poliester Acabamento: Emborrachado(impermeável) gramas/m2 • É resistente à água, o que o torna adequado para uso como externas ou com risco de umidade. • É fácil de limpar e manter, o que o torna uma boa opção para áreas de uso frequente. • Projetado para bloqueio de luz e UV, o que o torna adequado para uso como cobertura. • É resistente a rasgos e abrasão, o que o torna adequado para uso como de tráfego intenso. • Pode ser projetado para resistir a fungos e bactérias, o que o torna adequado para uso como de saúde.",in stock,new,49.98 BRL,https://torretecidos.com.br/products/tecido-para-area-externa-waterblock-aquarela-rosa-amarelo,https://cdn.shopify.com/s/files/1/0620/8038/5163/products/7612.jpg?v=1706971753,Döhler,"https://cdn.shopify.com/s/files/1/0620/8038/5163/products/7610.jpg?v=1715693771,https://cdn.shopify.com/s/files/1/0620/8038/5163/products/7611.jpg?v=1715693771,https://cdn.shopify.com/s/files/1/0620/8038/5163/files/poltrona_less_reflection_77724fec-fa0f-4d76-8aef-8ca862ce8459.jpg?v=1728487264",100,100
7268060594315,Tecido Para Área Externa Gorgurão Waterblock Cashmere Vermelho,"Tecido indicado para estofados, poltronas, almofadas e também para colar em paredes. O Waterblock é um tecido resinado ideal para áreas externas, pois é impermeável e emborrachado. Possui Proteção UV e anti-mofo. Largura: 1,40 Metros Peso: 170 gramas/m2 Composição: 70% algodão 30% poliester Acabamento: Emborrachado(impermeável) gramas/m2 • É resistente à água, o que o torna adequado para uso como externas ou com risco de umidade. • É fácil de limpar e manter, o que o torna uma boa opção para áreas de uso frequente. • Projetado para bloqueio de luz e UV, o que o torna adequado para uso como cobertura. • É resistente a rasgos e abrasão, o que o torna adequado para uso como de tráfego intenso. • Pode ser projetado para resistir a fungos e bactérias, o que o torna adequado para uso como de saúde.",in stock,new,49.98 BRL,https://torretecidos.com.br/products/tecido-para-area-externa-waterblock-cashmere-vermelho,https://cdn.shopify.com/s/files/1/0620/8038/5163/products/7617.jpg?v=1706971766,Döhler,"https://cdn.shopify.com/s/files/1/0620/8038/5163/products/7616.jpg?v=1715694467,https://cdn.shopify.com/s/files/1/0620/8038/5163/products/7618.jpg?v=1715694467,https://cdn.shopify.com/s/files/1/0620/8038/5163/files/poltrona_less_reflection_0c97e667-5c33-4eb0-b5c9-c405cb83043c.jpg?v=1728487296",100,100
7268060627083,Tecido Para Área Externa Gorgurão Waterblock Arara Vermelha,"Tecido indicado para estofados, poltronas, almofadas e também para colar em paredes. O Waterblock é um tecido resinado ideal para áreas externas, pois é impermeável e emborrachado. Possui Proteção UV e anti-mofo. Largura: 1,40 Metros Peso: 170 gramas/m2 Composição: 70% algodão 30% poliester Acabamento: Emborrachado(impermeável) gramas/m2 • É resistente à água, o que o torna adequado para uso como externas ou com risco de umidade. • É fácil de limpar e manter, o que o torna uma boa opção para áreas de uso frequente. • Projetado para bloqueio de luz e UV, o que o torna adequado para uso como cobertura. • É resistente a rasgos e abrasão, o que o torna adequado para uso como de tráfego intenso. • Pode ser projetado para resistir a fungos e bactérias, o que o torna adequado para uso como de saúde.",in stock,new,49.98 BRL,https://torretecidos.com.br/products/tecido-para-area-externa-waterblock-arara-vermelha,https://cdn.shopify.com/s/files/1/0620/8038/5163/files/2dd2ff7c2384af04b2aec68c48414de2.jpg?v=1776371548,Döhler,"https://cdn.shopify.com/s/files/1/0620/8038/5163/products/7624.jpg?v=1776371549,https://cdn.shopify.com/s/files/1/0620/8038/5163/products/7622.jpg?v=1776371550,https://cdn.shopify.com/s/files/1/0620/8038/5163/products/7623.jpg?v=1776371551",100,100
7268060725387,Tecido Para Área Externa Gorgurão Waterblock Lírio Amarelo/Folhas,"Tecido indicado para estofados, poltronas, almofadas e também para colar em paredes. O Waterblock é um tecido resinado ideal para áreas externas, pois é impermeável e emborrachado. Possui Proteção UV e anti-mofo. Largura: 1,40 Metros Peso: 170 gramas/m2 Composição: 70% algodão 30% poliester Acabamento: Emborrachado(impermeável) gramas/m2 • É resistente à água, o que o torna adequado para uso como externas ou com risco de umidade. • É fácil de limpar e manter, o que o torna uma boa opção para áreas de uso frequente. • Projetado para bloqueio de luz e UV, o que o torna adequado para uso como cobertura. • É resistente a rasgos e abrasão, o que o torna adequado para uso como de tráfego intenso. • Pode ser projetado para resistir a fungos e bactérias, o que o torna adequado para uso como de saúde.",in stock,new,49.98 BRL,https://torretecidos.com.br/products/tecido-para-area-externa-waterblock-lirio-amarelo-folhas,https://cdn.shopify.com/s/files/1/0620/8038/5163/files/e6055191c52eb1710309fb611e8554ed.jpg?v=1776454028,Döhler,"https://cdn.shopify.com/s/files/1/0620/8038/5163/products/7626.jpg?v=1776454028,https://cdn.shopify.com/s/files/1/0620/8038/5163/products/7625.jpg?v=1776454029,https://cdn.shopify.com/s/files/1/0620/8038/5163/products/7627.jpg?v=1776454030",100,100
7268060823691,Tecido Para Área Externa Gorgurão Waterblock Estrelícia Rosa,"Tecido indicado para estofados, poltronas, almofadas e também para colar em paredes. O Waterblock é um tecido resinado ideal para áreas externas, pois é impermeável e emborrachado. Possui Proteção UV e anti-mofo. Largura: 1,40 Metros Peso: 170 gramas/m2 Composição: 70% algodão 30% poliester Acabamento: Emborrachado(impermeável) gramas/m2 • É resistente à água, o que o torna adequado para uso como externas ou com risco de umidade. • É fácil de limpar e manter, o que o torna uma boa opção para áreas de uso frequente. • Projetado para bloqueio de luz e UV, o que o torna adequado para uso como cobertura. • É resistente a rasgos e abrasão, o que o torna adequado para uso como de tráfego intenso. • Pode ser projetado para resistir a fungos e bactérias, o que o torna adequado para uso como de saúde.",in stock,new,49.98 BRL,https://torretecidos.com.br/products/tecido-para-area-externa-waterblock-estrelicia-rosa,https://cdn.shopify.com/s/files/1/0620/8038/5163/files/8e642a62c7708ae307ddf7869146e4ac.jpg?v=1776371945,Döhler,"https://cdn.shopify.com/s/files/1/0620/8038/5163/products/7633.jpg?v=1776371946,https://cdn.shopify.com/s/files/1/0620/8038/5163/products/7631.jpg?v=1776371947,https://cdn.shopify.com/s/files/1/0620/8038/5163/products/7632.jpg?v=1776371947",100,100
7268060921995,Tecido Para Área Externa Gorgurão Waterblock Folhas de Café  Verde,"Tecido indicado para estofados, poltronas, almofadas e também para colar em paredes. O Waterblock é um tecido resinado ideal para áreas externas, pois é impermeável e emborrachado. Possui Proteção UV e anti-mofo. Largura: 1,40 Metros Peso: 170 gramas/m2 Composição: 70% algodão 30% poliester Acabamento: Emborrachado(impermeável) gramas/m2 • É resistente à água, o que o torna adequado para uso como externas ou com risco de umidade. • É fácil de limpar e manter, o que o torna uma boa opção para áreas de uso frequente. • Projetado para bloqueio de luz e UV, o que o torna adequado para uso como cobertura. • É resistente a rasgos e abrasão, o que o torna adequado para uso como de tráfego intenso. • Pode ser projetado para resistir a fungos e bactérias, o que o torna adequado para uso como de saúde.",in stock,new,49.98 BRL,https://torretecidos.com.br/products/tecido-para-area-externa-waterblock-folhas-de-cafe-verde,https://cdn.shopify.com/s/files/1/0620/8038/5163/products/7651.jpg?v=1715696671,Döhler,"https://cdn.shopify.com/s/files/1/0620/8038/5163/products/7649.jpg?v=1715696671,https://cdn.shopify.com/s/files/1/0620/8038/5163/products/7650.jpg?v=1715696670,https://cdn.shopify.com/s/files/1/0620/8038/5163/files/poltrona_less_reflection_f04d8a70-8e60-40ed-9a42-374da1663171.jpg?v=1728487503",100,100
7268060987531,Tecido Para Área Externa Gorgurão Waterblock Samambaia Cru Folhas/Verde,"Tecido indicado para estofados, poltronas, almofadas e também para colar em paredes. O Waterblock é um tecido resinado ideal para áreas externas, pois é impermeável e emborrachado. Possui Proteção UV e anti-mofo. Largura: 1,40 Metros Peso: 170 gramas/m2 Composição: 70% algodão 30% poliester Acabamento: Emborrachado(impermeável) A estampa de samambaias é uma tendência popular na decoração de interiores, especialmente no estilo tropical ou ""jungle look"". Ela pode ser usada em uma variedade de itens, como papel de parede, cortinas, almofadas, tapetes e até mesmo móveis. A estampa de samambaias pode ser usada para adicionar um toque verde e fresco a qualquer espaço, e pode ser combinada com outros elementos da natureza, como flores e frutas, para criar um ambiente ainda mais natural e acolhedor. Além disso, a estampa de samambaias também pode ser usada para criar contraste e interesse visual em espaços mais minimalistas. gramas/m2 • É resistente à água, o que o torna adequado para uso como externas ou com risco de umidade. • É fácil de limpar e manter, o que o torna uma boa opção para áreas de uso frequente. • Projetado para bloqueio de luz e UV, o que o torna adequado para uso como cobertura. • É resistente a rasgos e abrasão, o que o torna adequado para uso como de tráfego intenso. • Pode ser projetado para resistir a fungos e bactérias, o que o torna adequado para uso como de saúde.",in stock,new,49.98 BRL,https://torretecidos.com.br/products/tecido-para-area-externa-waterblock-samambaia-cru-folhas-verde,https://cdn.shopify.com/s/files/1/0620/8038/5163/files/64d75a2c5825a1a3c5c0bac90dba4254.jpg?v=1776454012,Döhler,"https://cdn.shopify.com/s/files/1/0620/8038/5163/products/7658.jpg?v=1776454013,https://cdn.shopify.com/s/files/1/0620/8038/5163/products/7656.jpg?v=1776454013,https://cdn.shopify.com/s/files/1/0620/8038/5163/products/7657.jpg?v=1776454014",100,100
7268061118603,Tecido Para Área Externa Gorgurão Waterblock Liso Marrom,"Tecido indicado para estofados, poltronas, almofadas e também para colar em paredes. O Waterblock é um tecido resinado ideal para áreas externas, pois é impermeável e emborrachado. Possui Proteção UV e anti-mofo. Largura: 1,40 Metros Peso: 170 gramas/m2 Composição: 70% algodão 30% poliester Acabamento: Emborrachado(impermeável) gramas/m2 • É resistente à água, o que o torna adequado para uso como externas ou com risco de umidade. • É fácil de limpar e manter, o que o torna uma boa opção para áreas de uso frequente. • Projetado para bloqueio de luz e UV, o que o torna adequado para uso como cobertura. • É resistente a rasgos e abrasão, o que o torna adequado para uso como de tráfego intenso. • Pode ser projetado para resistir a fungos e bactérias, o que o torna adequado para uso como de saúde.",in stock,new,49.98 BRL,https://torretecidos.com.br/products/tecido-para-area-externa-waterblock-liso-marrom,https://cdn.shopify.com/s/files/1/0620/8038/5163/files/7b44f0e5d5b1bbfa7770b0ddd47687a7.jpg?v=1776371015,Döhler,"https://cdn.shopify.com/s/files/1/0620/8038/5163/products/7663.jpg?v=1776371015,https://cdn.shopify.com/s/files/1/0620/8038/5163/products/7664.jpg?v=1776371016",100,100
7268061216907,Tecido Para Área Externa Gorgurão Waterblock Hibisco e Rosas Verde,"Tecido indicado para estofados, poltronas, almofadas e também para colar em paredes. O Waterblock é um tecido resinado ideal para áreas externas, pois é impermeável e emborrachado. Possui Proteção UV e anti-mofo. Largura: 1,40 Metros Peso: 170 gramas/m2 Composição: 70% algodão 30% poliester Acabamento: Emborrachado(impermeável) gramas/m2 • É resistente à água, o que o torna adequado para uso como externas ou com risco de umidade. • É fácil de limpar e manter, o que o torna uma boa opção para áreas de uso frequente. • Projetado para bloqueio de luz e UV, o que o torna adequado para uso como cobertura. • É resistente a rasgos e abrasão, o que o torna adequado para uso como de tráfego intenso. • Pode ser projetado para resistir a fungos e bactérias, o que o torna adequado para uso como de saúde.",in stock,new,49.98 BRL,https://torretecidos.com.br/products/tecido-para-area-externa-waterblock-hibisco-e-rosas-verde,https://cdn.shopify.com/s/files/1/0620/8038/5163/products/7670.jpg?v=1715696976,Döhler,"https://cdn.shopify.com/s/files/1/0620/8038/5163/products/7669.jpg?v=1715696976,https://cdn.shopify.com/s/files/1/0620/8038/5163/products/7668.jpg?v=1715696976,https://cdn.shopify.com/s/files/1/0620/8038/5163/files/poltrona_less_reflection_34456827-2458-4f41-939b-c0c11a7df21f.jpg?v=1728487589",100,100
7268061315211,Tecido Para Área Externa Gorgurão Waterblock Trançado Verde,"Tecido indicado para estofados, poltronas, almofadas e também para colar em paredes. O Waterblock é um tecido resinado ideal para áreas externas, pois é impermeável e emborrachado. Possui Proteção UV e anti-mofo. Largura: 1,40 Metros Peso: 170 gramas/m2 Composição: 70% algodão 30% poliester Acabamento: Emborrachado(impermeável) gramas/m2 • É resistente à água, o que o torna adequado para uso como externas ou com risco de umidade. • É fácil de limpar e manter, o que o torna uma boa opção para áreas de uso frequente. • Projetado para bloqueio de luz e UV, o que o torna adequado para uso como cobertura. • É resistente a rasgos e abrasão, o que o torna adequado para uso como de tráfego intenso. • Pode ser projetado para resistir a fungos e bactérias, o que o torna adequado para uso como de saúde.",in stock,new,49.98 BRL,https://torretecidos.com.br/products/tecido-para-area-externa-waterblock-trancado-verde,https://cdn.shopify.com/s/files/1/0620/8038/5163/products/7673.jpg?v=1715697082,Döhler,https://cdn.shopify.com/s/files/1/0620/8038/5163/products/7674.jpg?v=1715697105,100,100
7268061380747,Tecido Para Área Externa Gorgurão Waterblock Anêmona Preto,"Tecido indicado para estofados, poltronas, almofadas e também para colar em paredes. O Waterblock é um tecido resinado ideal para áreas externas, pois é impermeável e emborrachado. Possui Proteção UV e anti-mofo. Largura: 1,40 Metros Peso: 170 gramas/m2 Composição: 70% algodão 30% poliester Acabamento: Emborrachado(impermeável) Peso: 0.24 gramas/m2 • É resistente à água, o que o torna adequado para uso como externas ou com risco de umidade. • É fácil de limpar e manter, o que o torna uma boa opção para áreas de uso frequente. • Projetado para bloqueio de luz e UV, o que o torna adequado para uso como cobertura. • É resistente a rasgos e abrasão, o que o torna adequado para uso como de tráfego intenso. • Pode ser projetado para resistir a fungos e bactérias, o que o torna adequado para uso como de saúde.",in stock,new,49.98 BRL,https://torretecidos.com.br/products/tecido-para-area-externa-waterblock-anemona-preto,https://cdn.shopify.com/s/files/1/0620/8038/5163/files/4761f34feac27f05e8215bc7af98ad28.jpg?v=1776371460,Döhler,"https://cdn.shopify.com/s/files/1/0620/8038/5163/products/7683.jpg?v=1776371461,https://cdn.shopify.com/s/files/1/0620/8038/5163/products/7681.jpg?v=1776371462,https://cdn.shopify.com/s/files/1/0620/8038/5163/products/7682.jpg?v=1776371462",100,100
7268061577355,Gorgurão falso liso verde ardosia,"Com 1,40m de largura. Tecido indicado para estofados, poltronas, almofadas e também para colar em paredes. Fabricado pela Jolitex. Peso: 200 gramas/m2 Composição: 82% algodão 18% poliester Acabamento: Resitente à água gramas/m2",in stock,new,21.98 BRL,https://torretecidos.com.br/products/tecido-para-sofa-gorgurao-falso-liso-verde-ardosia,https://cdn.shopify.com/s/files/1/0620/8038/5163/files/7695.jpg?v=1731606857,Tecelagem Jolitex,https://cdn.shopify.com/s/files/1/0620/8038/5163/files/7694.jpg?v=1731606862,100,100
7268061642891,Gorgurão listras finas azul,"Com 1,40m de largura. Tecido indicado para estofados, poltronas, almofadas e também para colar em paredes. Fabricado pela Jolitex. Peso: 200 gramas/m2 Composição: 82% algodão 18% poliester Acabamento: Resitente à água gramas/m2",in stock,new,21.98 BRL,https://torretecidos.com.br/products/tecido-para-sofa-gorgurao-listras-finas-azul,https://cdn.shopify.com/s/files/1/0620/8038/5163/products/7722.jpg?v=1706971922,Tecelagem Jolitex,"https://cdn.shopify.com/s/files/1/0620/8038/5163/products/7721.jpg?v=1706971922,https://cdn.shopify.com/s/files/1/0620/8038/5163/products/7723.jpg?v=1706971922",100,100
7268061708427,Gorgurão falso liso azul,"Com 1,40m de largura. Tecido indicado para estofados, poltronas, almofadas e também para colar em paredes. Fabricado pela Jolitex. Peso: 200 gramas/m2 Composição: 82% algodão 18% poliester Acabamento: Resitente à água gramas/m2",in stock,new,21.98 BRL,https://torretecidos.com.br/products/tecido-para-sofa-gorgurao-falso-liso-azul,https://cdn.shopify.com/s/files/1/0620/8038/5163/products/7725.jpg?v=1706971933,Tecelagem Jolitex,https://cdn.shopify.com/s/files/1/0620/8038/5163/products/7724.jpg?v=1706971933,100,100
7268061773963,Gorgurão listras finas coral,"Com 1,40m de largura. Tecido indicado para estofados, poltronas, almofadas e também para colar em paredes. Fabricado pela Jolitex. Peso: 200 gramas/m2 Composição: 82% algodão 18% poliester Acabamento: Resitente à água gramas/m2",in stock,new,21.98 BRL,https://torretecidos.com.br/products/tecido-para-sofa-gorgurao-listras-finas-coral,https://cdn.shopify.com/s/files/1/0620/8038/5163/products/7727.jpg?v=1706971947,Tecelagem Jolitex,"https://cdn.shopify.com/s/files/1/0620/8038/5163/products/7726.jpg?v=1706971947,https://cdn.shopify.com/s/files/1/0620/8038/5163/products/7728.jpg?v=1706971947",100,100
7268061839499,Gorgurão chevron marsala,"Com 1,40m de largura. Tecido indicado para estofados, poltronas, almofadas e também para colar em paredes. Fabricado pela Jolitex. Peso: 200 gramas/m2 Composição: 82% algodão 18% poliester Acabamento: Resitente à água gramas/m2",in stock,new,21.98 BRL,https://torretecidos.com.br/products/tecido-para-sofa-gorgurao-chevron-marsala,https://cdn.shopify.com/s/files/1/0620/8038/5163/products/7737.jpg?v=1706971960,Tecelagem Jolitex,"https://cdn.shopify.com/s/files/1/0620/8038/5163/products/7735.jpg?v=1706971960,https://cdn.shopify.com/s/files/1/0620/8038/5163/products/7736.jpg?v=1706971960",100,100
7268061905035,Couro Sintetico Preto,"Com 1,40m de largura. Tecido imita couro, bem pesado, é de facil limpeza. Composição: 15% POLIURETANO 21% couro 64% poliester Largura: 1,40 Metro Peso: 1.180 gramas/m2 gramas/m2",in stock,new,94.98 BRL,https://torretecidos.com.br/products/tecido-couro-sintetico-preto,https://cdn.shopify.com/s/files/1/0620/8038/5163/products/7742.jpg?v=1706971967,Torre Tecidos,https://cdn.shopify.com/s/files/1/0620/8038/5163/products/7741.jpg?v=1706971967,100,100
7268062003339,Algodão  Digital Listras Azul/Vermelho,"Tecido para decoração indicado para estofados como sofás, poltronas, almofadas e também para colar em paredes. Largura: 1,40m Peso: 188 gramas/m2 Composição: 100%Algodão/ Resistente a água.",in stock,new,41.98 BRL,https://torretecidos.com.br/products/tecido-para-sofa-algodao-digital-listras-azul-vermelho,https://cdn.shopify.com/s/files/1/0620/8038/5163/products/7759.jpg?v=1706971980,Torre Tecidos,"https://cdn.shopify.com/s/files/1/0620/8038/5163/products/7760.jpg?v=1706971980,https://cdn.shopify.com/s/files/1/0620/8038/5163/products/7761.jpg?v=1706971980",100,100
7268062068875,Couro Sintetico Marrom Café,"Com 1,40m de largura. Tecido imita couro, bem pesado, é de facil limpeza. Composição: 15% POLIURETANO 21% couro 64% poliester Largura: 1,40 Metro Peso: 1.180 gramas/m2 gramas/m2",in stock,new,94.98 BRL,https://torretecidos.com.br/products/tecido-couro-sintetico-marrom-cafe,https://cdn.shopify.com/s/files/1/0620/8038/5163/products/10897.jpg?v=1706971986,Torre Tecidos,"https://cdn.shopify.com/s/files/1/0620/8038/5163/products/10898.jpg?v=1706971986,https://cdn.shopify.com/s/files/1/0620/8038/5163/files/poltrona_aa7ff0c9-d148-432a-953c-37f407441b70.jpg?v=1729013746",100,100
7268062134411,Couro Sintetico Marrom,"Com 1,40m de largura. Tecido imita couro, bem pesado, é de facil limpeza. Composição: 15% POLIURETANO 21% couro 64% poliester Largura: 1,40 Metro Peso: 1.180 gramas/m2 Peso: 1.18 gramas/m2",in stock,new,94.98 BRL,https://torretecidos.com.br/products/tecido-couro-sintetico-marrom,https://cdn.shopify.com/s/files/1/0620/8038/5163/products/10899.jpg?v=1706971994,Torre Tecidos,https://cdn.shopify.com/s/files/1/0620/8038/5163/products/10901.jpg?v=1706971994,100,100
7268062232715,Couro Sintetico Caramelo,"Com 1,40m de largura. Tecido imita couro, bem pesado, é de facil limpeza. Composição: 15% POLIURETANO 21% couro 64% poliester Largura: 1,40 Metro Peso: 1.180 gramas/m2 Peso: 1.18 gramas/m2",in stock,new,94.98 BRL,https://torretecidos.com.br/products/tecido-couro-sintetico-caramelo,https://cdn.shopify.com/s/files/1/0620/8038/5163/products/10895.jpg?v=1706972000,Torre Tecidos,"https://cdn.shopify.com/s/files/1/0620/8038/5163/products/10896.jpg?v=1706972000,https://cdn.shopify.com/s/files/1/0620/8038/5163/files/poltrona_3448b998-d8c3-4309-86f6-67fbd511abf4.jpg?v=1729013820",100,100
7268062331019,Algodão  Digital Listras Bege,"Tecido para decoração indicado para estofados como sofás, poltronas, almofadas e também para colar em paredes. Largura: 1,40m Peso: 188 gramas/m2 Composição: 100%Algodão/ Resistente a água.",in stock,new,41.98 BRL,https://torretecidos.com.br/products/tecido-para-sofa-algodao-digital-listras-bege,https://cdn.shopify.com/s/files/1/0620/8038/5163/products/7762.jpg?v=1706972013,Torre Tecidos,"https://cdn.shopify.com/s/files/1/0620/8038/5163/products/7763.jpg?v=1706972013,https://cdn.shopify.com/s/files/1/0620/8038/5163/products/7764.jpg?v=1706972013",100,100
7268062462091,Tecido Para Sofá Jacquard Marrocos Falso Liso Grafite com Caramelo,"Com 1,40m de largura. Tecido indicado para estofados, poltronas e almofadas, fabricação nacional. Tecido à pronta entrega. Peso: 292 gramas/m2 Composição: 45%Algodão 55%Poliester Peso: 0.24 gramas/m2 • Design Complexo: O tecido Jacquard é conhecido por sua capacidade de criar desenhos e padrões complexos e detalhados. • Textura: Possui uma textura única e rica, o que pode adicionar profundidade e interesse visual ao espaço. • Durabilidade: É um tecido resistente e durável, o que o torna ideal para uso em móveis e decoração de interiores. • Versatilidade: Pode ser usado em uma variedade de aplicações, incluindo estofamento de móveis, cortinas, almofadas e até mesmo roupas. • Design elegante: Possui uma aparência elegante e sofisticada, que pode ser usada para dar um toque de luxo e sofisticação a qualquer espaço.",in stock,new,25.98 BRL,https://torretecidos.com.br/products/tecido-para-sofa-jacquard-marrocos-falso-liso-grafite-com-caramelo,https://cdn.shopify.com/s/files/1/0620/8038/5163/products/7807.jpg?v=1706972035,Torre Tecidos,"https://cdn.shopify.com/s/files/1/0620/8038/5163/products/7805.jpg?v=1706972035,https://cdn.shopify.com/s/files/1/0620/8038/5163/products/7806.jpg?v=1706972035",100,100
7268062625931,Tecido Para Sofá Jacquard Marrocos Falso Liso Terra-Cota,"Com 1,40m de largura. Tecido indicado para estofados, poltronas e almofadas, fabricação nacional. Tecido à pronta entrega. Peso: 292 gramas/m2 Composição: 45%Algodão 55%Poliester Peso: 0.24 gramas/m2 • Design Complexo: O tecido Jacquard é conhecido por sua capacidade de criar desenhos e padrões complexos e detalhados. • Textura: Possui uma textura única e rica, o que pode adicionar profundidade e interesse visual ao espaço. • Durabilidade: É um tecido resistente e durável, o que o torna ideal para uso em móveis e decoração de interiores. • Versatilidade: Pode ser usado em uma variedade de aplicações, incluindo estofamento de móveis, cortinas, almofadas e até mesmo roupas. • Design elegante: Possui uma aparência elegante e sofisticada, que pode ser usada para dar um toque de luxo e sofisticação a qualquer espaço.",in stock,new,25.98 BRL,https://torretecidos.com.br/products/tecido-para-sofa-jacquard-marrocos-falso-liso-terra-cota,https://cdn.shopify.com/s/files/1/0620/8038/5163/products/7834.jpg?v=1706972054,Torre Tecidos,"https://cdn.shopify.com/s/files/1/0620/8038/5163/products/7833.jpg?v=1706972054,https://cdn.shopify.com/s/files/1/0620/8038/5163/products/7835.jpg?v=1706972054",100,100
7268062724235,Tecido Para Sofá Jacquard Marrocos Floral Terra-Cota,"Com 1,40m de largura. Tecido indicado para estofados, poltronas e almofadas, fabricação nacional. Tecido à pronta entrega. Peso: 292 gramas/m2 Composição: 45%Algodão 55%Poliester Peso: 0.24 gramas/m2 • Design Complexo: O tecido Jacquard é conhecido por sua capacidade de criar desenhos e padrões complexos e detalhados. • Textura: Possui uma textura única e rica, o que pode adicionar profundidade e interesse visual ao espaço. • Durabilidade: É um tecido resistente e durável, o que o torna ideal para uso em móveis e decoração de interiores. • Versatilidade: Pode ser usado em uma variedade de aplicações, incluindo estofamento de móveis, cortinas, almofadas e até mesmo roupas. • Design elegante: Possui uma aparência elegante e sofisticada, que pode ser usada para dar um toque de luxo e sofisticação a qualquer espaço.",in stock,new,25.98 BRL,https://torretecidos.com.br/products/tecido-para-sofa-jacquard-marrocos-floral-terra-cota-1,https://cdn.shopify.com/s/files/1/0620/8038/5163/products/7868_db6732d0-b362-4303-9af9-418b1ef3995e.jpg?v=1706972073,Torre Tecidos,"https://cdn.shopify.com/s/files/1/0620/8038/5163/products/7869_d705a0f0-8dc4-492b-82f9-c6a114385ffd.jpg?v=1706972073,https://cdn.shopify.com/s/files/1/0620/8038/5163/products/7870_cc8040b6-5fe6-464a-ab9c-3a944596b46e.jpg?v=1706972074",100,100
7268062888075,Tecido Para Sofá Jacquard Marrocos falso liso Café,"Com 1,40m de largura. Tecido indicado para estofados, poltronas e almofadas, fabricação nacional. Tecido à pronta entrega. Peso: 292 gramas/m2 Composição: 45%Algodão 55%Poliester Peso: 0.24 gramas/m2 • Design Complexo: O tecido Jacquard é conhecido por sua capacidade de criar desenhos e padrões complexos e detalhados. • Textura: Possui uma textura única e rica, o que pode adicionar profundidade e interesse visual ao espaço. • Durabilidade: É um tecido resistente e durável, o que o torna ideal para uso em móveis e decoração de interiores. • Versatilidade: Pode ser usado em uma variedade de aplicações, incluindo estofamento de móveis, cortinas, almofadas e até mesmo roupas. • Design elegante: Possui uma aparência elegante e sofisticada, que pode ser usada para dar um toque de luxo e sofisticação a qualquer espaço.",in stock,new,25.98 BRL,https://torretecidos.com.br/products/tecido-para-sofa-jacquard-marrocos-falso-liso-cafe,https://cdn.shopify.com/s/files/1/0620/8038/5163/products/7884.jpg?v=1706972092,Torre Tecidos,"https://cdn.shopify.com/s/files/1/0620/8038/5163/products/7882.jpg?v=1706972092,https://cdn.shopify.com/s/files/1/0620/8038/5163/products/7883.jpg?v=1706972092",100,100
7268062953611,Tecido Para Sofá Jacquard Marrocos Floral Fendi,"Com 1,40m de largura. Tecido indicado para estofados, poltronas e almofadas, fabricação nacional. Tecido à pronta entrega. Peso: 292 gramas/m2 Composição: 45%Algodão 55%Poliester Peso: 0.24 gramas/m2 • Design Complexo: O tecido Jacquard é conhecido por sua capacidade de criar desenhos e padrões complexos e detalhados. • Textura: Possui uma textura única e rica, o que pode adicionar profundidade e interesse visual ao espaço. • Durabilidade: É um tecido resistente e durável, o que o torna ideal para uso em móveis e decoração de interiores. • Versatilidade: Pode ser usado em uma variedade de aplicações, incluindo estofamento de móveis, cortinas, almofadas e até mesmo roupas. • Design elegante: Possui uma aparência elegante e sofisticada, que pode ser usada para dar um toque de luxo e sofisticação a qualquer espaço.",in stock,new,25.98 BRL,https://torretecidos.com.br/products/tecido-para-sofa-jacquard-marrocos-floral-fendi,https://cdn.shopify.com/s/files/1/0620/8038/5163/products/7897.jpg?v=1706972102,Torre Tecidos,https://cdn.shopify.com/s/files/1/0620/8038/5163/products/7898.jpg?v=1706972102,100,100
7268063051915,Tecido Para Sofá Jacquard Marrocos Falso Liso Azul,"Com 1,40m de largura. Tecido indicado para estofados, poltronas e almofadas, fabricação nacional. Tecido à pronta entrega. Peso: 292 gramas/m2 Composição: 45%Algodão 55%Poliester Peso: 0.24 gramas/m2 • Design Complexo: O tecido Jacquard é conhecido por sua capacidade de criar desenhos e padrões complexos e detalhados. • Textura: Possui uma textura única e rica, o que pode adicionar profundidade e interesse visual ao espaço. • Durabilidade: É um tecido resistente e durável, o que o torna ideal para uso em móveis e decoração de interiores. • Versatilidade: Pode ser usado em uma variedade de aplicações, incluindo estofamento de móveis, cortinas, almofadas e até mesmo roupas. • Design elegante: Possui uma aparência elegante e sofisticada, que pode ser usada para dar um toque de luxo e sofisticação a qualquer espaço.",in stock,new,25.98 BRL,https://torretecidos.com.br/products/tecido-para-sofa-jacquard-marrocos-falso-liso-azul,https://cdn.shopify.com/s/files/1/0620/8038/5163/products/7905.jpg?v=1706972121,Torre Tecidos,"https://cdn.shopify.com/s/files/1/0620/8038/5163/products/7903.jpg?v=1706972121,https://cdn.shopify.com/s/files/1/0620/8038/5163/products/7904.jpg?v=1706972121",100,100
7268063150219,Tecido Para Sofá Jacquard Marrocos Falso Liso Cinza Claro,"Com 1,40m de largura. Tecido indicado para estofados, poltronas e almofadas, fabricação nacional. Tecido à pronta entrega. Peso: 292 gramas/m2 Composição: 45%Algodão 55%Poliester Peso: 0.24 gramas/m2 • Design Complexo: O tecido Jacquard é conhecido por sua capacidade de criar desenhos e padrões complexos e detalhados. • Textura: Possui uma textura única e rica, o que pode adicionar profundidade e interesse visual ao espaço. • Durabilidade: É um tecido resistente e durável, o que o torna ideal para uso em móveis e decoração de interiores. • Versatilidade: Pode ser usado em uma variedade de aplicações, incluindo estofamento de móveis, cortinas, almofadas e até mesmo roupas. • Design elegante: Possui uma aparência elegante e sofisticada, que pode ser usada para dar um toque de luxo e sofisticação a qualquer espaço.",in stock,new,25.98 BRL,https://torretecidos.com.br/products/tecido-para-sofa-jacquard-marrocos-falso-liso-cinza-claro,https://cdn.shopify.com/s/files/1/0620/8038/5163/products/7925.jpg?v=1706972141,Torre Tecidos,"https://cdn.shopify.com/s/files/1/0620/8038/5163/products/7924.jpg?v=1706972141,https://cdn.shopify.com/s/files/1/0620/8038/5163/products/7926.jpg?v=1706972141",100,100
7268063248523,Tecido Para Sofá Jacquard Marrocos Floral Azul,"Com 1,40m de largura. Tecido indicado para estofados, poltronas e almofadas, fabricação nacional. Tecido à pronta entrega. Peso: 292 gramas/m2 Composição: 45%Algodão 55%Poliester Peso: 0.24 gramas/m2 • Design Complexo: O tecido Jacquard é conhecido por sua capacidade de criar desenhos e padrões complexos e detalhados. • Textura: Possui uma textura única e rica, o que pode adicionar profundidade e interesse visual ao espaço. • Durabilidade: É um tecido resistente e durável, o que o torna ideal para uso em móveis e decoração de interiores. • Versatilidade: Pode ser usado em uma variedade de aplicações, incluindo estofamento de móveis, cortinas, almofadas e até mesmo roupas. • Design elegante: Possui uma aparência elegante e sofisticada, que pode ser usada para dar um toque de luxo e sofisticação a qualquer espaço.",in stock,new,25.98 BRL,https://torretecidos.com.br/products/tecido-para-sofa-jacquard-marrocos-floral-azul,https://cdn.shopify.com/s/files/1/0620/8038/5163/products/7939.jpg?v=1706972159,Torre Tecidos,"https://cdn.shopify.com/s/files/1/0620/8038/5163/products/7938.jpg?v=1706972159,https://cdn.shopify.com/s/files/1/0620/8038/5163/products/7940.jpg?v=1706972159",100,100
7268063346827,Tecido Para Sofá Veludo estampado flores rose,"Com 1,40m de largura. Tecido indicado para estofados. Esse veludo é estampado usando tecnologia alemã de transfer, o que garante altissíma definição na estampa. Largura: 1,40 Metros Peso: 190 gramas/m2 Composição: 100%Poliester",in stock,new,25.98 BRL,https://torretecidos.com.br/products/tecido-para-sofa-veludo-estampado-flores-rose,https://cdn.shopify.com/s/files/1/0620/8038/5163/products/7951.jpg?v=1706972173,Torre Tecidos,"https://cdn.shopify.com/s/files/1/0620/8038/5163/products/7952.jpg?v=1706972173,https://cdn.shopify.com/s/files/1/0620/8038/5163/products/7953.jpg?v=1706972173",100,100
7268063445131,Tecido Para Sofá Veludo Estampado Rosas Rose,"Com 1,40m de largura. Tecido indicado para estofados. Esse veludo é estampado usando tecnologia alemã de transfer, o que garante altissíma definição na estampa. Largura: 1,40 Metros Peso: 190 gramas/m2 Composição: 100%Poliester",in stock,new,25.98 BRL,https://torretecidos.com.br/products/tecido-para-sofa-veludo-estampado-rosas-rose,https://cdn.shopify.com/s/files/1/0620/8038/5163/products/7957.jpg?v=1706972187,Torre Tecidos,"https://cdn.shopify.com/s/files/1/0620/8038/5163/products/7958.jpg?v=1706972187,https://cdn.shopify.com/s/files/1/0620/8038/5163/products/7959.jpg?v=1706972187",100,100
7268063543435,Tecido Para Sofá Veludo estampado chevron marrom,"Com 1,40m de largura. Tecido indicado para estofados. Esse veludo é estampado usando tecnologia alemã de transfer, o que garante altissíma definição na estampa. Largura: 1,40 Metros Peso: 190 gramas/m2 Composição: 100%Poliester",in stock,new,25.98 BRL,https://torretecidos.com.br/products/tecido-para-sofa-veludo-estampado-chevron-marrom,https://cdn.shopify.com/s/files/1/0620/8038/5163/products/7989.jpg?v=1706972202,Torre Tecidos,"https://cdn.shopify.com/s/files/1/0620/8038/5163/products/7987.jpg?v=1706972202,https://cdn.shopify.com/s/files/1/0620/8038/5163/products/7988.jpg?v=1706972202",100,100
7268063674507,Tecido Para Sofá Jacquard Marrocos Floral Café,"Com 1,40m de largura. Tecido indicado para estofados, poltronas e almofadas, fabricação nacional. Tecido à pronta entrega. Peso: 292 gramas/m2 Composição: 45%Algodão 55%Poliester Peso: 0.24 gramas/m2 • Design Complexo: O tecido Jacquard é conhecido por sua capacidade de criar desenhos e padrões complexos e detalhados. • Textura: Possui uma textura única e rica, o que pode adicionar profundidade e interesse visual ao espaço. • Durabilidade: É um tecido resistente e durável, o que o torna ideal para uso em móveis e decoração de interiores. • Versatilidade: Pode ser usado em uma variedade de aplicações, incluindo estofamento de móveis, cortinas, almofadas e até mesmo roupas. • Design elegante: Possui uma aparência elegante e sofisticada, que pode ser usada para dar um toque de luxo e sofisticação a qualquer espaço.",in stock,new,25.98 BRL,https://torretecidos.com.br/products/tecido-para-sofa-jacquard-marrocos-floral-cafe,https://cdn.shopify.com/s/files/1/0620/8038/5163/products/7996.jpg?v=1706972220,Torre Tecidos,"https://cdn.shopify.com/s/files/1/0620/8038/5163/products/7994.jpg?v=1706972220,https://cdn.shopify.com/s/files/1/0620/8038/5163/products/7997.jpg?v=1706972220",100,100
7268063740043,Tecido Para Sofá Linho Sintético Rústico Bege,"Com 1,40m de largura. Este tecido para decoração é indicado para estofados em geral e para colar em paredes. Largura: 1,40m Peso: 240 gramas/m2 Composição: 100% Poliéster gramas/m2 Cuidados: • Resistência: O linho sintético é resistente e durável, o que o torna ideal para uso em móveis e decoração de interiores. • Fácil de manter: É fácil de limpar e manter, o que o torna uma boa escolha para áreas de alto tráfego. • Design elegante: Possui uma aparência elegante e sofisticada, que pode ser usada para dar um toque de luxo e sofisticação a qualquer espaço. • Versatilidade: Pode ser usado em uma variedade de aplicações, incluindo estofamento de móveis, cortinas, almofadas e até mesmo roupas. • Opções de cores: Possui uma ampla gama de opções de cores, permitindo criar desenhos e padrões vibrantes e coloridos.",in stock,new,28.98 BRL,https://torretecidos.com.br/products/tecido-para-sofa-linho-sintetico-rustico-bege,https://cdn.shopify.com/s/files/1/0620/8038/5163/files/148ba97c3dd9e0908aa71181e668dfbb.jpg?v=1753530336,Corttex Indústria Têxtil,"https://cdn.shopify.com/s/files/1/0620/8038/5163/files/3ea3b30b144a9bfe718a62d8bd06208d.jpg?v=1753530339,https://cdn.shopify.com/s/files/1/0620/8038/5163/files/fa54724b37fb98c303b144b049f799f3.jpg?v=1753530343",100,100
7268063838347,Tecido Para Sofá Linho Sintético Rústico Marfim,"Com 1,40m de largura. Este tecido para decoração é indicado para estofados em geral e para colar em paredes. Largura: 1,40m Peso: 240 gramas/m2 Composição: 100% Poliéster gramas/m2 Cuidados: • Resistência: O linho sintético é resistente e durável, o que o torna ideal para uso em móveis e decoração de interiores. • Fácil de manter: É fácil de limpar e manter, o que o torna uma boa escolha para áreas de alto tráfego. • Design elegante: Possui uma aparência elegante e sofisticada, que pode ser usada para dar um toque de luxo e sofisticação a qualquer espaço. • Versatilidade: Pode ser usado em uma variedade de aplicações, incluindo estofamento de móveis, cortinas, almofadas e até mesmo roupas. • Opções de cores: Possui uma ampla gama de opções de cores, permitindo criar desenhos e padrões vibrantes e coloridos.",in stock,new,28.98 BRL,https://torretecidos.com.br/products/tecido-para-sofa-linho-sintetico-rustico-marfim,https://cdn.shopify.com/s/files/1/0620/8038/5163/files/fb4772c88f0f57342bc439c4ece0c8de.jpg?v=1776973730,Corttex Indústria Têxtil,"https://cdn.shopify.com/s/files/1/0620/8038/5163/files/96842ff95264bf70c30cf6bd7dc76885.jpg?v=1753533651,https://cdn.shopify.com/s/files/1/0620/8038/5163/files/50993272b199e7f83cdde16bc10e9f82.jpg?v=1753533647,https://cdn.shopify.com/s/files/1/0620/8038/5163/files/315cece5994bacc91e88327596d05f15.jpg?v=1753533655",100,100
7268063936651,Tecido Para Sofá Linho Sintético Rústico Prata,"Com 1,40m de largura. Este tecido para decoração é indicado para estofados em geral e para colar em paredes. Largura: 1,40m Peso: 240 gramas/m2 Composição: 100% Poliéster gramas/m2 Cuidados: • Resistência: O linho sintético é resistente e durável, o que o torna ideal para uso em móveis e decoração de interiores. • Fácil de manter: É fácil de limpar e manter, o que o torna uma boa escolha para áreas de alto tráfego. • Design elegante: Possui uma aparência elegante e sofisticada, que pode ser usada para dar um toque de luxo e sofisticação a qualquer espaço. • Versatilidade: Pode ser usado em uma variedade de aplicações, incluindo estofamento de móveis, cortinas, almofadas e até mesmo roupas. • Opções de cores: Possui uma ampla gama de opções de cores, permitindo criar desenhos e padrões vibrantes e coloridos.",in stock,new,28.98 BRL,https://torretecidos.com.br/products/tecido-para-sofa-linho-sintetico-rustico-prata,https://cdn.shopify.com/s/files/1/0620/8038/5163/files/b8696baa9cf58f33952df2941c33a347.jpg?v=1753530059,Corttex Indústria Têxtil,"https://cdn.shopify.com/s/files/1/0620/8038/5163/files/b39cf1ba35a6c511ac138abd04fc2275.jpg?v=1753530062,https://cdn.shopify.com/s/files/1/0620/8038/5163/files/37c93b5d351a2a5ab647d8981034d038.jpg?v=1753530065",100,100
7268064002187,Tecido Para Sofá Linho Sintético Rústico Bege Escuro,"Com 1,40m de largura. Este tecido para decoração é indicado para estofados em geral e para colar em paredes. Largura: 1,40m Peso: 240 gramas/m2 Composição: 100% Poliéster gramas/m2 Cuidados: • Resistência: O linho sintético é resistente e durável, o que o torna ideal para uso em móveis e decoração de interiores. • Fácil de manter: É fácil de limpar e manter, o que o torna uma boa escolha para áreas de alto tráfego. • Design elegante: Possui uma aparência elegante e sofisticada, que pode ser usada para dar um toque de luxo e sofisticação a qualquer espaço. • Versatilidade: Pode ser usado em uma variedade de aplicações, incluindo estofamento de móveis, cortinas, almofadas e até mesmo roupas. • Opções de cores: Possui uma ampla gama de opções de cores, permitindo criar desenhos e padrões vibrantes e coloridos.",in stock,new,28.98 BRL,https://torretecidos.com.br/products/tecido-para-sofa-linho-sintetico-rustico-bege-escuro,https://cdn.shopify.com/s/files/1/0620/8038/5163/files/381174ce5c080b9834ef63f0ddb012e7.jpg?v=1776973843,Corttex Indústria Têxtil,"https://cdn.shopify.com/s/files/1/0620/8038/5163/files/f2d7cb1d1730349a8849aec559cc3c91.jpg?v=1753529807,https://cdn.shopify.com/s/files/1/0620/8038/5163/files/be362a2539cf95545dea808322a79eac.jpg?v=1753529810",100,100
7268064067723,Tecido Para Sofá Linho Sintético Rústico Cinza,"Com 1,40m de largura. Este tecido para decoração é indicado para estofados em geral e para colar em paredes. Largura: 1,40m Peso: 240 gramas/m2 Composição: 100% Poliéster gramas/m2 Cuidados: • Resistência: O linho sintético é resistente e durável, o que o torna ideal para uso em móveis e decoração de interiores. • Fácil de manter: É fácil de limpar e manter, o que o torna uma boa escolha para áreas de alto tráfego. • Design elegante: Possui uma aparência elegante e sofisticada, que pode ser usada para dar um toque de luxo e sofisticação a qualquer espaço. • Versatilidade: Pode ser usado em uma variedade de aplicações, incluindo estofamento de móveis, cortinas, almofadas e até mesmo roupas. • Opções de cores: Possui uma ampla gama de opções de cores, permitindo criar desenhos e padrões vibrantes e coloridos.",in stock,new,28.98 BRL,https://torretecidos.com.br/products/tecido-para-sofa-linho-sintetico-rustico-cinza,https://cdn.shopify.com/s/files/1/0620/8038/5163/files/53dbf1c9104e198858c6e97604b63214.jpg?v=1753529988,Corttex Indústria Têxtil,"https://cdn.shopify.com/s/files/1/0620/8038/5163/files/c8ef61c4f21b139b6505f0d9682ec837.jpg?v=1753529991,https://cdn.shopify.com/s/files/1/0620/8038/5163/files/cc9e95c722d53fe7231e86cdbdb4793a.jpg?v=1753529995",100,100
7268064166027,Tecido Para Sofá Linho Sintético Rústico Grafite,"Com 1,40m de largura. Este tecido para decoração é indicado para estofados em geral e para colar em paredes. Largura: 1,40m Peso: 240 gramas/m2 Composição: 100% Poliéster gramas/m2 Cuidados: • Resistência: O linho sintético é resistente e durável, o que o torna ideal para uso em móveis e decoração de interiores. • Fácil de manter: É fácil de limpar e manter, o que o torna uma boa escolha para áreas de alto tráfego. • Design elegante: Possui uma aparência elegante e sofisticada, que pode ser usada para dar um toque de luxo e sofisticação a qualquer espaço. • Versatilidade: Pode ser usado em uma variedade de aplicações, incluindo estofamento de móveis, cortinas, almofadas e até mesmo roupas. • Opções de cores: Possui uma ampla gama de opções de cores, permitindo criar desenhos e padrões vibrantes e coloridos.",in stock,new,28.98 BRL,https://torretecidos.com.br/products/tecido-para-sofa-linho-sintetico-rustico-grafite,https://cdn.shopify.com/s/files/1/0620/8038/5163/files/3688b4f3e8cd7e52051ee0ab9daf074b.jpg?v=1776973785,Corttex Indústria Têxtil,"https://cdn.shopify.com/s/files/1/0620/8038/5163/files/cac5e3ca3f87525dbb81d2aed9f5cf19.jpg?v=1753530151,https://cdn.shopify.com/s/files/1/0620/8038/5163/files/6f85284d3ecee8e0d74bdd1f0b1402db.jpg?v=1753530154",100,100
7268064264331,Tecido Para Sofá Linho Sintético Siena Grafite,"Com 1,40m de largura. Este tecido para decoração é indicado para estofados em geral e para colar em paredes. Largura: 1,40m Peso: 173 gramas/m2 Composição: 100% Poliéster gramas/m2 Cuidados: • Resistência: O linho sintético é resistente e durável, o que o torna ideal para uso em móveis e decoração de interiores. • Fácil de manter: É fácil de limpar e manter, o que o torna uma boa escolha para áreas de alto tráfego. • Design elegante: Possui uma aparência elegante e sofisticada, que pode ser usada para dar um toque de luxo e sofisticação a qualquer espaço. • Versatilidade: Pode ser usado em uma variedade de aplicações, incluindo estofamento de móveis, cortinas, almofadas e até mesmo roupas. • Opções de cores: Possui uma ampla gama de opções de cores, permitindo criar desenhos e padrões vibrantes e coloridos.",in stock,new,17.98 BRL,https://torretecidos.com.br/products/tecido-para-sofa-linho-sintetico-siena-grafite,https://cdn.shopify.com/s/files/1/0620/8038/5163/products/10939.jpg?v=1706972290,Corttex Indústria Têxtil,"https://cdn.shopify.com/s/files/1/0620/8038/5163/products/10940.jpg?v=1706972290,https://cdn.shopify.com/s/files/1/0620/8038/5163/files/poltrona_less_reflection_bc60d129-92b3-416a-b146-43409182e067.jpg?v=1728934855",100,100
7268064329867,Tecido Para Sofá Linho Sintético Siena Terracota,"Com 1,40m de largura. Este tecido para decoração é indicado para estofados em geral e para colar em paredes. Largura: 1,40m Peso: 173 gramas/m2 Composição: 100% Poliéster gramas/m2 Cuidados: • Resistência: O linho sintético é resistente e durável, o que o torna ideal para uso em móveis e decoração de interiores. • Fácil de manter: É fácil de limpar e manter, o que o torna uma boa escolha para áreas de alto tráfego. • Design elegante: Possui uma aparência elegante e sofisticada, que pode ser usada para dar um toque de luxo e sofisticação a qualquer espaço. • Versatilidade: Pode ser usado em uma variedade de aplicações, incluindo estofamento de móveis, cortinas, almofadas e até mesmo roupas. • Opções de cores: Possui uma ampla gama de opções de cores, permitindo criar desenhos e padrões vibrantes e coloridos.",in stock,new,17.98 BRL,https://torretecidos.com.br/products/tecido-para-sofa-linho-sintetico-siena-terracota,https://cdn.shopify.com/s/files/1/0620/8038/5163/files/f42f98f4d40108b18adb3315290561fc.jpg?v=1776972041,Corttex Indústria Têxtil,"https://cdn.shopify.com/s/files/1/0620/8038/5163/products/10390.jpg?v=1706972300,https://cdn.shopify.com/s/files/1/0620/8038/5163/products/10391.jpg?v=1706972300",100,100
7268064395403,Tecido Para Sofá Linho Sintético Siena Bege,"O Tecido Vem Inteiro? • SIM Com 1,40m de largura. Este tecido para decoração é indicado para estofados em geral e para colar em paredes. Largura: 1,40m Peso: 173 gramas/m2 Composição: 100% Poliéster gramas/m2 Cuidados: • Resistência: O linho sintético é resistente e durável, o que o torna ideal para uso em móveis e decoração de interiores. • Fácil de manter: É fácil de limpar e manter, o que o torna uma boa escolha para áreas de alto tráfego. • Design elegante: Possui uma aparência elegante e sofisticada, que pode ser usada para dar um toque de luxo e sofisticação a qualquer espaço. • Versatilidade: Pode ser usado em uma variedade de aplicações, incluindo estofamento de móveis, cortinas, almofadas e até mesmo roupas. • Opções de cores: Possui uma ampla gama de opções de cores, permitindo criar desenhos e padrões vibrantes e coloridos.",in stock,new,17.98 BRL,https://torretecidos.com.br/products/tecido-para-sofa-linho-sintetico-siena-bege,https://cdn.shopify.com/s/files/1/0620/8038/5163/files/e2f6667167910a0a3272e4de78a89b84.jpg?v=1777051917,Corttex Indústria Têxtil,"https://cdn.shopify.com/s/files/1/0620/8038/5163/files/6323735217544a08152cebb1c34e33a5.jpg?v=1752084881,https://cdn.shopify.com/s/files/1/0620/8038/5163/files/51a544417c19195142b77c78cabcacdc.jpg?v=1752084885",100,100
7268064493707,Tecido Para Sofá Linho Sintético Siena Cinza,"Com 1,40m de largura. Este tecido para decoração é indicado para estofados em geral e para colar em paredes. Largura: 1,40m Peso: 173 gramas/m2 Composição: 100% Poliéster gramas/m2 Cuidados: • Resistência: O linho sintético é resistente e durável, o que o torna ideal para uso em móveis e decoração de interiores. • Fácil de manter: É fácil de limpar e manter, o que o torna uma boa escolha para áreas de alto tráfego. • Design elegante: Possui uma aparência elegante e sofisticada, que pode ser usada para dar um toque de luxo e sofisticação a qualquer espaço. • Versatilidade: Pode ser usado em uma variedade de aplicações, incluindo estofamento de móveis, cortinas, almofadas e até mesmo roupas. • Opções de cores: Possui uma ampla gama de opções de cores, permitindo criar desenhos e padrões vibrantes e coloridos.",in stock,new,17.98 BRL,https://torretecidos.com.br/products/tecido-para-sofa-linho-sintetico-siena-cinza,https://cdn.shopify.com/s/files/1/0620/8038/5163/files/d90953977671024b56a67c0c1f5eaa15.jpg?v=1752090695,Corttex Indústria Têxtil,"https://cdn.shopify.com/s/files/1/0620/8038/5163/files/84d07843a82d33f11719270ef1be7697.jpg?v=1752090702,https://cdn.shopify.com/s/files/1/0620/8038/5163/files/f6124e610f8121a7bf26195379d7fc5c.jpg?v=1752090707,https://cdn.shopify.com/s/files/1/0620/8038/5163/files/dbb4ac7e59bfb5abf70460f065e5472f.jpg?v=1752090711",100,100
7268064559243,Tecido Para Sofá Linho Sintético Siena Azul,"Com 1,40m de largura. Este tecido para decoração é indicado para estofados em geral e para colar em paredes. Largura: 1,40m Peso: 173 gramas/m2 Composição: 100% Poliéster gramas/m2 Cuidados: • Resistência: O linho sintético é resistente e durável, o que o torna ideal para uso em móveis e decoração de interiores. • Fácil de manter: É fácil de limpar e manter, o que o torna uma boa escolha para áreas de alto tráfego. • Design elegante: Possui uma aparência elegante e sofisticada, que pode ser usada para dar um toque de luxo e sofisticação a qualquer espaço. • Versatilidade: Pode ser usado em uma variedade de aplicações, incluindo estofamento de móveis, cortinas, almofadas e até mesmo roupas. • Opções de cores: Possui uma ampla gama de opções de cores, permitindo criar desenhos e padrões vibrantes e coloridos.",in stock,new,17.98 BRL,https://torretecidos.com.br/products/tecido-para-sofa-linho-sintetico-siena-azul,https://cdn.shopify.com/s/files/1/0620/8038/5163/files/0579ed9a436d10cf126a1c12405d071e.jpg?v=1776973446,Corttex Indústria Têxtil,"https://cdn.shopify.com/s/files/1/0620/8038/5163/files/60c891e308170a89d17cc8993ddccead.jpg?v=1752091665,https://cdn.shopify.com/s/files/1/0620/8038/5163/files/d6c2622a775ccfc9a8e8dbb04fef9150.jpg?v=1752091669,https://cdn.shopify.com/s/files/1/0620/8038/5163/files/87f0d9141f904b113f186d248b849a73.jpg?v=1752091673",100,100
7268064624779,Tecido Para Sofá Linho Sintético Siena Marrom,"Com 1,40m de largura. Este tecido para decoração é indicado para estofados em geral e para colar em paredes. Largura: 1,40m Peso: 173 gramas/m2 Composição: 100% Poliéster gramas/m2 Cuidados: • Resistência: O linho sintético é resistente e durável, o que o torna ideal para uso em móveis e decoração de interiores. • Fácil de manter: É fácil de limpar e manter, o que o torna uma boa escolha para áreas de alto tráfego. • Design elegante: Possui uma aparência elegante e sofisticada, que pode ser usada para dar um toque de luxo e sofisticação a qualquer espaço. • Versatilidade: Pode ser usado em uma variedade de aplicações, incluindo estofamento de móveis, cortinas, almofadas e até mesmo roupas. • Opções de cores: Possui uma ampla gama de opções de cores, permitindo criar desenhos e padrões vibrantes e coloridos.",in stock,new,17.98 BRL,https://torretecidos.com.br/products/tecido-para-sofa-linho-sintetico-siena-marrom,https://cdn.shopify.com/s/files/1/0620/8038/5163/files/e0da7ad5e9bd359beb58709e9faf95db.jpg?v=1776973294,Corttex Indústria Têxtil,"https://cdn.shopify.com/s/files/1/0620/8038/5163/files/fe4db606ff6eb547be79827000307ecb.jpg?v=1752090103,https://cdn.shopify.com/s/files/1/0620/8038/5163/files/967e2f5641a5881c58ef442d0962a3c4.jpg?v=1752090187",100,100
7268064723083,Tecido Para Sofá Linho Sintético Siena Turquesa,"Com 1,40m de largura. Este tecido para decoração é indicado para estofados em geral e para colar em paredes. Largura: 1,40m Peso: 173 gramas/m2 Composição: 100% Poliéster gramas/m2 Cuidados: • Resistência: O linho sintético é resistente e durável, o que o torna ideal para uso em móveis e decoração de interiores. • Fácil de manter: É fácil de limpar e manter, o que o torna uma boa escolha para áreas de alto tráfego. • Design elegante: Possui uma aparência elegante e sofisticada, que pode ser usada para dar um toque de luxo e sofisticação a qualquer espaço. • Versatilidade: Pode ser usado em uma variedade de aplicações, incluindo estofamento de móveis, cortinas, almofadas e até mesmo roupas. • Opções de cores: Possui uma ampla gama de opções de cores, permitindo criar desenhos e padrões vibrantes e coloridos.",in stock,new,17.98 BRL,https://torretecidos.com.br/products/tecido-para-sofa-linho-sintetico-siena-turquesa,https://cdn.shopify.com/s/files/1/0620/8038/5163/files/b89e452c621ce4c027326edade325065.jpg?v=1752089473,Corttex Indústria Têxtil,"https://cdn.shopify.com/s/files/1/0620/8038/5163/files/3afb37c13f1ce5768b6a07be43501120.jpg?v=1752089476,https://cdn.shopify.com/s/files/1/0620/8038/5163/files/a0056eebf168ca421a79cdc57acdf216.jpg?v=1752089480",100,100
7268064788619,Tecido Para Sofá Linho Sintético Siena Chocolate,"Com 1,40m de largura. Este tecido para decoração é indicado para estofados em geral e para colar em paredes. Largura: 1,40m Peso: 173 gramas/m2 Composição: 100% Poliéster gramas/m2 Cuidados: • Resistência: O linho sintético é resistente e durável, o que o torna ideal para uso em móveis e decoração de interiores. • Fácil de manter: É fácil de limpar e manter, o que o torna uma boa escolha para áreas de alto tráfego. • Design elegante: Possui uma aparência elegante e sofisticada, que pode ser usada para dar um toque de luxo e sofisticação a qualquer espaço. • Versatilidade: Pode ser usado em uma variedade de aplicações, incluindo estofamento de móveis, cortinas, almofadas e até mesmo roupas. • Opções de cores: Possui uma ampla gama de opções de cores, permitindo criar desenhos e padrões vibrantes e coloridos.",in stock,new,17.98 BRL,https://torretecidos.com.br/products/tecido-para-sofa-linho-sintetico-siena-chocolate,https://cdn.shopify.com/s/files/1/0620/8038/5163/files/2a7d552692ed6c848012a4e9e5d31fb4.jpg?v=1776973339,Corttex Indústria Têxtil,"https://cdn.shopify.com/s/files/1/0620/8038/5163/files/4fba2307430a9da7f8cb4724cbbaa3fd.jpg?v=1752090627,https://cdn.shopify.com/s/files/1/0620/8038/5163/files/db387431bbbf0c0bbe3579079d8222a3.jpg?v=1752090629",100,100
7268064854155,Tecido Para Sofá Linho Sintético Siena Capuccino,"Com 1,40m de largura. Este tecido para decoração é indicado para estofados em geral e para colar em paredes. Largura: 1,40m Peso: 173 gramas/m2 Composição: 100% Poliéster gramas/m2 Cuidados: • Resistência: O linho sintético é resistente e durável, o que o torna ideal para uso em móveis e decoração de interiores. • Fácil de manter: É fácil de limpar e manter, o que o torna uma boa escolha para áreas de alto tráfego. • Design elegante: Possui uma aparência elegante e sofisticada, que pode ser usada para dar um toque de luxo e sofisticação a qualquer espaço. • Versatilidade: Pode ser usado em uma variedade de aplicações, incluindo estofamento de móveis, cortinas, almofadas e até mesmo roupas. • Opções de cores: Possui uma ampla gama de opções de cores, permitindo criar desenhos e padrões vibrantes e coloridos.",in stock,new,17.98 BRL,https://torretecidos.com.br/products/tecido-para-sofa-linho-sintetico-siena-capuccino,https://cdn.shopify.com/s/files/1/0620/8038/5163/files/223999262740856bba98d32b30277167.jpg?v=1752085013,Corttex Indústria Têxtil,"https://cdn.shopify.com/s/files/1/0620/8038/5163/files/99af3bc4e4ba5f64f70177a637215b12.jpg?v=1776970719,https://cdn.shopify.com/s/files/1/0620/8038/5163/files/2f4abadbcc3d299ad17566aa8889117e.jpg?v=1752085016",100,100
7268064985227,Tecido Para Sofá Veludo Vellus selva claro,"Com 1,45m de largura. Tecido indicado para estofados. Esse veludo é estampado usando tecnologia alemã de transfer, o que garante altissíma definição na estampa. Largura: 1,45 Metros Peso: 280 gramas/m2 Composição: 100%Poliester • Estampas personalizadas: Usando a estampa digital, é possível criar estampas personalizadas e exclusivas. • Alta qualidade de impressão: A estampa digital permite uma maior precisão e qualidade de impressão. • Opções de cores: A estampa digital oferece uma ampla gama de opções de cores, permitindo criar desenhos e padrões vibrantes e coloridos. • Versatilidade: O veludo estampado digitalmente pode ser usado em uma variedade de aplicações, incluindo estofamento de móveis, cortinas, almofadas e até mesmo roupas. • Durabilidade: O veludo é um tecido resistente, e a estampa digital garante que a cor e o desenho permaneçam vibrantes por muito tempo.",in stock,new,54.98 BRL,https://torretecidos.com.br/products/tecido-para-sofa-veludo-vellus-selva-claro,https://cdn.shopify.com/s/files/1/0620/8038/5163/products/8096.jpg?v=1706972396,Texpoint,"https://cdn.shopify.com/s/files/1/0620/8038/5163/products/8097.jpg?v=1706972396,https://cdn.shopify.com/s/files/1/0620/8038/5163/products/8098.jpg?v=1706972396,https://cdn.shopify.com/s/files/1/0620/8038/5163/files/poltrona_less_reflection_27407ca5-2d18-4e58-9e34-0567bee8db44.jpg?v=1728502299",100,100
7268065083531,Tecido Para Sofá Veludo Vellus Étnico terracota,"Com 1,45m de largura. Tecido indicado para estofados. Esse veludo é estampado usando tecnologia alemã de transfer, o que garante altissíma definição na estampa. Largura: 1,45 Metros Peso: 280 gramas/m2 Composição: 100%Poliester • Estampas personalizadas: Usando a estampa digital, é possível criar estampas personalizadas e exclusivas. • Alta qualidade de impressão: A estampa digital permite uma maior precisão e qualidade de impressão. • Opções de cores: A estampa digital oferece uma ampla gama de opções de cores, permitindo criar desenhos e padrões vibrantes e coloridos. • Versatilidade: O veludo estampado digitalmente pode ser usado em uma variedade de aplicações, incluindo estofamento de móveis, cortinas, almofadas e até mesmo roupas. • Durabilidade: O veludo é um tecido resistente, e a estampa digital garante que a cor e o desenho permaneçam vibrantes por muito tempo.",in stock,new,54.98 BRL,https://torretecidos.com.br/products/tecido-para-sofa-veludo-vellus-etnico-terracota,https://cdn.shopify.com/s/files/1/0620/8038/5163/products/8126.jpg?v=1706972411,Texpoint,"https://cdn.shopify.com/s/files/1/0620/8038/5163/products/8127.jpg?v=1706972411,https://cdn.shopify.com/s/files/1/0620/8038/5163/products/8128.jpg?v=1706972411",100,100
7268065149067,Gorgurão Étnico rosa/azul,"Com 1,40m de largura. Tecido indicado para estofados, poltronas, almofadas e também para colar em paredes. Fabricado pela Jolitex. Peso: 200 gramas/m2 Composição: 82% algodão 18% poliester Acabamento: Resitente à água",in stock,new,21.98 BRL,https://torretecidos.com.br/products/tecido-para-sofa-gorgurao-etnico-rosa-azul,https://cdn.shopify.com/s/files/1/0620/8038/5163/products/8323.jpg?v=1706972425,Tecelagem Jolitex,"https://cdn.shopify.com/s/files/1/0620/8038/5163/products/8324.jpg?v=1706972425,https://cdn.shopify.com/s/files/1/0620/8038/5163/products/8325.jpg?v=1706972425",100,100
7268065280139,Gorgurão Acqualine Palmeira Marrom,"Tecido indicado para estofados, poltronas, almofadas e também para colar em paredes. O Acqualine é um tecido resinado ideal para áreas externas, pois é impermeável e emborrachado. Possui Proteção UV e anti-mofo. Largura: 1,40 Metros Peso: 194,27 gramas/m2 Composição: 68% algodão 32% poliester Acabamento: Emborrachado(impermeável) gramas/m2",in stock,new,35.98 BRL,https://torretecidos.com.br/products/tecido-para-area-externa-acqualine-palmeira-marrom,https://cdn.shopify.com/s/files/1/0620/8038/5163/products/8343.jpg?v=1706972448,Imetextil - Textil Irineu Meneghel Ltda.,,100,100
7268065378443,Gorgurão Acqualine Rosas Crú,"Tecido indicado para estofados, poltronas, almofadas e também para colar em paredes. O Acqualine é um tecido resinado ideal para áreas externas, pois é impermeável e emborrachado. Possui Proteção UV e anti-mofo. Largura: 1,40 Metros Peso: 194,27 gramas/m2 Composição: 68% algodão 32% poliester Acabamento: Emborrachado(impermeável) gramas/m2",in stock,new,35.98 BRL,https://torretecidos.com.br/products/tecido-para-area-externa-acqualine-rosas-cru,https://cdn.shopify.com/s/files/1/0620/8038/5163/products/8362.jpg?v=1706972459,Imetextil - Textil Irineu Meneghel Ltda.,https://cdn.shopify.com/s/files/1/0620/8038/5163/products/8363.jpg?v=1706972459,100,100
7268065476747,Gorgurão Acqualine Palmeira Azul,"Tecido indicado para estofados, poltronas, almofadas e também para colar em paredes. O Acqualine é um tecido resinado ideal para áreas externas, pois é impermeável e emborrachado. Possui Proteção UV e anti-mofo. Largura: 1,40 Metros Peso: 194,27 gramas/m2 Composição: 68% algodão 32% poliester Acabamento: Emborrachado(impermeável) gramas/m2",in stock,new,35.98 BRL,https://torretecidos.com.br/products/tecido-para-area-externa-acqualine-palmeira-azul,https://cdn.shopify.com/s/files/1/0620/8038/5163/products/8367.jpg?v=1706972474,Imetextil - Textil Irineu Meneghel Ltda.,"https://cdn.shopify.com/s/files/1/0620/8038/5163/products/8366.jpg?v=1706972474,https://cdn.shopify.com/s/files/1/0620/8038/5163/products/8368.jpg?v=1706972474",100,100
7268065542283,Gorgurão Acqualine Listras Vermelho/Azul,"Tecido indicado para estofados, poltronas, almofadas e também para colar em paredes. O Acqualine é um tecido resinado ideal para áreas externas, pois é impermeável e emborrachado. Possui Proteção UV e anti-mofo. Largura: 1,40 Metros Peso: 194,27 gramas/m2 Composição: 68% algodão 32% poliester Acabamento: Emborrachado(impermeável) gramas/m2",in stock,new,35.98 BRL,https://torretecidos.com.br/products/tecido-para-area-externa-acqualine-listras-vermelho-azul,https://cdn.shopify.com/s/files/1/0620/8038/5163/products/8373.jpg?v=1706972488,Imetextil - Textil Irineu Meneghel Ltda.,"https://cdn.shopify.com/s/files/1/0620/8038/5163/products/8372.jpg?v=1706972488,https://cdn.shopify.com/s/files/1/0620/8038/5163/products/8374.jpg?v=1706972488",100,100
7268065640587,Gorgurão Acqualine Costela de Adão Vermelho,"Tecido indicado para estofados, poltronas, almofadas e também para colar em paredes. O Acqualine é um tecido resinado ideal para áreas externas, pois é impermeável e emborrachado. Possui Proteção UV e anti-mofo. Largura: 1,40 Metros Peso: 194,27 gramas/m2 Composição: 68% algodão 32% poliester Acabamento: Emborrachado(impermeável) gramas/m2",in stock,new,35.98 BRL,https://torretecidos.com.br/products/tecido-para-area-externa-acqualine-costela-de-adao-vermelho,https://cdn.shopify.com/s/files/1/0620/8038/5163/products/8378.jpg?v=1706972502,Imetextil - Textil Irineu Meneghel Ltda.,"https://cdn.shopify.com/s/files/1/0620/8038/5163/products/8379.jpg?v=1706972502,https://cdn.shopify.com/s/files/1/0620/8038/5163/products/8380.jpg?v=1706972502",100,100
7268065738891,Gorgurão Acqualine Palmeira Verde,"Tecido indicado para estofados, poltronas, almofadas e também para colar em paredes. O Acqualine é um tecido resinado ideal para áreas externas, pois é impermeável e emborrachado. Possui Proteção UV e anti-mofo. Largura: 1,40 Metros Peso: 194,27 gramas/m2 Composição: 68% algodão 32% poliester Acabamento: Emborrachado(impermeável) gramas/m2",in stock,new,35.98 BRL,https://torretecidos.com.br/products/tecido-para-area-externa-acqualine-palmeira-verde,https://cdn.shopify.com/s/files/1/0620/8038/5163/products/8390.jpg?v=1706972516,Imetextil - Textil Irineu Meneghel Ltda.,"https://cdn.shopify.com/s/files/1/0620/8038/5163/products/8391.jpg?v=1706972516,https://cdn.shopify.com/s/files/1/0620/8038/5163/products/8392.jpg?v=1706972516",100,100
7268065869963,Gorgurão Ecotec Strelizia Fendi,"Tecido indicado para estofados, poltronas, almofadas e também para colar em paredes. O Ecotec é um tecido resinado ideal para áreas externas, pois é impermeável e emborrachado. Possui Proteção UV e anti-mofo. Largura: 1,40 Metros Peso: 170 gramas/m2 Composição: 68,54% algodão 31,46% poliester Acabamento: Emborrachado(impermeável) gramas/m2",in stock,new,35.98 BRL,https://torretecidos.com.br/products/tecido-para-area-externa-ecotec-strelizia-fendi,https://cdn.shopify.com/s/files/1/0620/8038/5163/products/8396.jpg?v=1706972530,Tecidos Fiama,"https://cdn.shopify.com/s/files/1/0620/8038/5163/products/8397.jpg?v=1706972530,https://cdn.shopify.com/s/files/1/0620/8038/5163/products/8398.jpg?v=1706972530",100,100
7268065968267,Gorgurão Ecotec Hibisco Preto,"Tecido indicado para estofados, poltronas, almofadas e também para colar em paredes. O Ecotec é um tecido resinado ideal para áreas externas, pois é impermeável e emborrachado. Possui Proteção UV e anti-mofo. Largura: 1,40 Metros Peso: 170 gramas/m2 Composição: 68,54% algodão 31,46% poliester Acabamento: Emborrachado(impermeável) gramas/m2",in stock,new,35.98 BRL,https://torretecidos.com.br/products/tecido-para-area-externa-ecotec-hibisco-preto,https://cdn.shopify.com/s/files/1/0620/8038/5163/products/8408.jpg?v=1706972544,Tecidos Fiama,"https://cdn.shopify.com/s/files/1/0620/8038/5163/products/8409.jpg?v=1706972544,https://cdn.shopify.com/s/files/1/0620/8038/5163/products/8410.jpg?v=1706972544",100,100
7268066066571,Gorgurão Ecotec Strelizia Preto,"Tecido indicado para estofados, poltronas, almofadas e também para colar em paredes. O Ecotec é um tecido resinado ideal para áreas externas, pois é impermeável e emborrachado. Possui Proteção UV e anti-mofo. Largura: 1,40 Metros Peso: 170 gramas/m2 Composição: 68,54% algodão 31,46% poliester Acabamento: Emborrachado(impermeável) gramas/m2",in stock,new,35.98 BRL,https://torretecidos.com.br/products/tecido-para-area-externa-ecotec-strelizia-preto,https://cdn.shopify.com/s/files/1/0620/8038/5163/products/8414.jpg?v=1706972559,Tecidos Fiama,"https://cdn.shopify.com/s/files/1/0620/8038/5163/products/8415.jpg?v=1706972559,https://cdn.shopify.com/s/files/1/0620/8038/5163/products/8416.jpg?v=1706972559",100,100
7268066164875,Gorgurão Ecotec Hibisco Azul,"Tecido indicado para estofados, poltronas, almofadas e também para colar em paredes. O Ecotec é um tecido resinado ideal para áreas externas, pois é impermeável e emborrachado. Possui Proteção UV e anti-mofo. Largura: 1,40 Metros Peso: 170 gramas/m2 Composição: 68,54% algodão 31,46% poliester Acabamento: Emborrachado(impermeável) gramas/m2",in stock,new,35.98 BRL,https://torretecidos.com.br/products/tecido-para-area-externa-ecotec-hibisco-azul,https://cdn.shopify.com/s/files/1/0620/8038/5163/products/8421.jpg?v=1706972573,Tecidos Fiama,"https://cdn.shopify.com/s/files/1/0620/8038/5163/products/8420.jpg?v=1706972573,https://cdn.shopify.com/s/files/1/0620/8038/5163/products/8422.jpg?v=1706972573",100,100
7268066295947,Gorgurão Ecotec Listras Finas Preta,"Tecido indicado para estofados, poltronas, almofadas e também para colar em paredes. O Ecotec é um tecido resinado ideal para áreas externas, pois é impermeável e emborrachado. Possui Proteção UV e anti-mofo. Largura: 1,40 Metros Peso: 170 gramas/m2 Composição: 68,54% algodão 31,46% poliester Acabamento: Emborrachado(impermeável) gramas/m2",in stock,new,35.98 BRL,https://torretecidos.com.br/products/tecido-para-area-externa-ecotec-listras-finas-preta,https://cdn.shopify.com/s/files/1/0620/8038/5163/products/8446.jpg?v=1706972586,Tecidos Fiama,"https://cdn.shopify.com/s/files/1/0620/8038/5163/products/8444.jpg?v=1706972586,https://cdn.shopify.com/s/files/1/0620/8038/5163/products/8445.jpg?v=1706972586",100,100
7268066427019,Gorgurão Ecotec Falso Liso Vermelho,"Tecido indicado para estofados, poltronas, almofadas e também para colar em paredes. O Ecotec é um tecido resinado ideal para áreas externas, pois é impermeável e emborrachado. Possui Proteção UV e anti-mofo. Largura: 1,40 Metros Peso: 170 gramas/m2 Composição: 68,54% algodão 31,46% poliester Acabamento: Emborrachado(impermeável) gramas/m2",in stock,new,35.98 BRL,https://torretecidos.com.br/products/tecido-para-area-externa-ecotec-falso-liso-vermelho,https://cdn.shopify.com/s/files/1/0620/8038/5163/products/8452.jpg?v=1706972599,Tecidos Fiama,"https://cdn.shopify.com/s/files/1/0620/8038/5163/products/8450.jpg?v=1706972599,https://cdn.shopify.com/s/files/1/0620/8038/5163/products/8451.jpg?v=1706972599",100,100
7268066492555,Gorgurão Ecotec Listras Finas Cinza,"Tecido indicado para estofados, poltronas, almofadas e também para colar em paredes. O Ecotec é um tecido resinado ideal para áreas externas, pois é impermeável e emborrachado. Possui Proteção UV e anti-mofo. Largura: 1,40 Metros Peso: 170 gramas/m2 Composição: 68,54% algodão 31,46% poliester Acabamento: Emborrachado(impermeável) gramas/m2",in stock,new,35.98 BRL,https://torretecidos.com.br/products/tecido-para-area-externa-ecotec-listras-finas-cinza,https://cdn.shopify.com/s/files/1/0620/8038/5163/products/8458.jpg?v=1706972613,Tecidos Fiama,"https://cdn.shopify.com/s/files/1/0620/8038/5163/products/8456.jpg?v=1706972613,https://cdn.shopify.com/s/files/1/0620/8038/5163/products/8457.jpg?v=1706972613",100,100
7268066590859,Gorgurão Ecotec Palmeira Areca Verde Tiffany,"Tecido indicado para estofados, poltronas, almofadas e também para colar em paredes. O Ecotec é um tecido resinado ideal para áreas externas, pois é impermeável e emborrachado. Possui Proteção UV e anti-mofo. Largura: 1,40 Metros Peso: 170 gramas/m2 Composição: 68,54% algodão 31,46% poliester Acabamento: Emborrachado(impermeável) gramas/m2",in stock,new,35.98 BRL,https://torretecidos.com.br/products/tecido-para-area-externa-ecotec-palmeira-areca-verde-tiffany,https://cdn.shopify.com/s/files/1/0620/8038/5163/products/8469.jpg?v=1706972628,Tecidos Fiama,"https://cdn.shopify.com/s/files/1/0620/8038/5163/products/8468.jpg?v=1706972628,https://cdn.shopify.com/s/files/1/0620/8038/5163/products/8470.jpg?v=1706972628",100,100
7268066689163,Gorgurão Ecotec Listras Finas Bege,"Tecido indicado para estofados, poltronas, almofadas e também para colar em paredes. O Ecotec é um tecido resinado ideal para áreas externas, pois é impermeável e emborrachado. Possui Proteção UV e anti-mofo. Largura: 1,40 Metros Peso: 170 gramas/m2 Composição: 68,54% algodão 31,46% poliester Acabamento: Emborrachado(impermeável) gramas/m2",in stock,new,35.98 BRL,https://torretecidos.com.br/products/tecido-para-area-externa-ecotec-listras-finas-bege,https://cdn.shopify.com/s/files/1/0620/8038/5163/products/8494.jpg?v=1706972642,Tecidos Fiama,"https://cdn.shopify.com/s/files/1/0620/8038/5163/products/8492.jpg?v=1706972642,https://cdn.shopify.com/s/files/1/0620/8038/5163/products/8493.jpg?v=1706972642",100,100
7268066820235,Gorgurão Ecotec Hibisco Vermelho,"Tecido indicado para estofados, poltronas, almofadas e também para colar em paredes. O Ecotec é um tecido resinado ideal para áreas externas, pois é impermeável e emborrachado. Possui Proteção UV e anti-mofo. Largura: 1,40 Metros Peso: 170 gramas/m2 Composição: 68,54% algodão 31,46% poliester Acabamento: Emborrachado(impermeável) gramas/m2",in stock,new,35.98 BRL,https://torretecidos.com.br/products/tecido-para-area-externa-ecotec-hibisco-vermelho,https://cdn.shopify.com/s/files/1/0620/8038/5163/products/8510.jpg?v=1706972656,Tecidos Fiama,"https://cdn.shopify.com/s/files/1/0620/8038/5163/products/8511.jpg?v=1706972656,https://cdn.shopify.com/s/files/1/0620/8038/5163/products/8512.jpg?v=1706972656",100,100
7268066885771,Gorgurão Ecotec Hibisco Cinza,"Tecido indicado para estofados, poltronas, almofadas e também para colar em paredes. O Ecotec é um tecido resinado ideal para áreas externas, pois é impermeável e emborrachado. Possui Proteção UV e anti-mofo. Largura: 1,40 Metros Peso: 170 gramas/m2 Composição: 68,54% algodão 31,46% poliester Acabamento: Emborrachado(impermeável) gramas/m2",in stock,new,35.98 BRL,https://torretecidos.com.br/products/tecido-para-area-externa-ecotec-hibisco-cinza,https://cdn.shopify.com/s/files/1/0620/8038/5163/products/8516.jpg?v=1706972670,Tecidos Fiama,"https://cdn.shopify.com/s/files/1/0620/8038/5163/products/8517.jpg?v=1706972670,https://cdn.shopify.com/s/files/1/0620/8038/5163/products/8518.jpg?v=1706972670",100,100
7268067049611,Gorgurão Ecotec Strelizia Azul Petroléo,"Tecido indicado para estofados, poltronas, almofadas e também para colar em paredes. O Ecotec é um tecido resinado ideal para áreas externas, pois é impermeável e emborrachado. Possui Proteção UV e anti-mofo. Largura: 1,40 Metros Peso: 170 gramas/m2 Composição: 68,54% algodão 31,46% poliester Acabamento: Emborrachado(impermeável) gramas/m2",in stock,new,35.98 BRL,https://torretecidos.com.br/products/tecido-para-area-externa-ecotec-strelizia-azul-petroleo,https://cdn.shopify.com/s/files/1/0620/8038/5163/products/8534.jpg?v=1706972684,Tecidos Fiama,"https://cdn.shopify.com/s/files/1/0620/8038/5163/products/8535.jpg?v=1706972684,https://cdn.shopify.com/s/files/1/0620/8038/5163/products/8536.jpg?v=1706972684",100,100
7268067147915,Tecido Para Cortina Rústico Flame Marrom,"Com 2,80m de largura. Tecido indicado para a confecção de cortinas. Tecido à pronta entrega. Peso: 100 gramas/m2 Composição: 100%poliester. Desenho: liso gramas/m2",in stock,new,9.98 BRL,https://torretecidos.com.br/products/tecido-para-cortina-rustico-flame-marrom,https://cdn.shopify.com/s/files/1/0620/8038/5163/products/8673.jpg?v=1706972693,Corttex Indústria Têxtil,"https://cdn.shopify.com/s/files/1/0620/8038/5163/products/8674.jpg?v=1706972693,https://cdn.shopify.com/s/files/1/0620/8038/5163/products/8675.jpg?v=1706972693",100,100
7268067246219,Gorgurão Étnico Amarelo/mostarda,"Com 1,40m de largura. Tecido indicado para estofados, poltronas, almofadas e também para colar em paredes. Fabricado pela Jolitex. Peso: 200 gramas/m2 Composição: 82% algodão 18% poliester Acabamento: Resitente à água",in stock,new,21.98 BRL,https://torretecidos.com.br/products/tecido-para-sofa-gorgurao-etnico-amarelo-mostarda,https://cdn.shopify.com/s/files/1/0620/8038/5163/products/8715.jpg?v=1706972707,Tecelagem Jolitex,"https://cdn.shopify.com/s/files/1/0620/8038/5163/products/8716.jpg?v=1706972707,https://cdn.shopify.com/s/files/1/0620/8038/5163/products/8717.jpg?v=1706972707",100,100
7268067344523,Gorgurão Falso Liso Amarelo,"Com 1,40m de largura. Tecido indicado para estofados, poltronas, almofadas e também para colar em paredes. Fabricado pela Jolitex. Peso: 200 gramas/m2 Composição: 82% algodão 18% poliester Acabamento: Resitente à água",in stock,new,21.98 BRL,https://torretecidos.com.br/products/tecido-para-sofa-gorgurao-falso-liso-amarelo,https://cdn.shopify.com/s/files/1/0620/8038/5163/products/8724.jpg?v=1706972724,Tecelagem Jolitex,"https://cdn.shopify.com/s/files/1/0620/8038/5163/products/8721.jpg?v=1706972724,https://cdn.shopify.com/s/files/1/0620/8038/5163/products/8722.jpg?v=1706972724,https://cdn.shopify.com/s/files/1/0620/8038/5163/products/8723.jpg?v=1706972724",100,100
7268067442827,Gorgurão Étnico Amarelo/vermelho,"Com 1,40m de largura. Tecido indicado para estofados, poltronas, almofadas e também para colar em paredes. Fabricado pela Jolitex. Peso: 200 gramas/m2 Composição: 82% algodão 18% poliester Acabamento: Resitente à água",in stock,new,21.98 BRL,https://torretecidos.com.br/products/tecido-para-sofa-gorgurao-etnico-amarelo-vermelho,https://cdn.shopify.com/s/files/1/0620/8038/5163/products/8729.jpg?v=1706972738,Tecelagem Jolitex,"https://cdn.shopify.com/s/files/1/0620/8038/5163/products/8730.jpg?v=1706972738,https://cdn.shopify.com/s/files/1/0620/8038/5163/products/8731.jpg?v=1706972738",100,100
7268067508363,Tecido Para Sofá Jacquard Victoria Arabesco Crú/Fendi,"Jacquard Victoria com 1,44m de largura, dupla face. Tecido indicado para estofar sofás, poltronas e também para colar em paredes. Tecido à pronta entrega. Largura: 1,44m Peso: 250 gramas/m2 Composição: 75%Algodão 25%Poliester gramas/m2 • Design Complexo: O tecido Jacquard é conhecido por sua capacidade de criar desenhos e padrões complexos e detalhados. • Textura: Possui uma textura única e rica, o que pode adicionar profundidade e interesse visual ao espaço. • Durabilidade: É um tecido resistente e durável, o que o torna ideal para uso em móveis e decoração de interiores. • Versatilidade: Pode ser usado em uma variedade de aplicações, incluindo estofamento de móveis, cortinas, almofadas e até mesmo roupas. • Design elegante: Possui uma aparência elegante e sofisticada, que pode ser usada para dar um toque de luxo e sofisticação a qualquer espaço.",in stock,new,37.98 BRL,https://torretecidos.com.br/products/tecido-para-sofa-jacquard-victoria-arabesco-cru-fendi,https://cdn.shopify.com/s/files/1/0620/8038/5163/products/8753.jpg?v=1706972757,Imetextil - Textil Irineu Meneghel Ltda.,"https://cdn.shopify.com/s/files/1/0620/8038/5163/products/8751.jpg?v=1706972757,https://cdn.shopify.com/s/files/1/0620/8038/5163/products/8752.jpg?v=1706972757,https://cdn.shopify.com/s/files/1/0620/8038/5163/products/8754.jpg?v=1706972757",100,100
7268067704971,Tecido Para Sofá Jacquard Victoria Floral Crú/Fendi,"Jacquard Victoria com 1,44m de largura, dupla face. Tecido indicado para estofar sofás, poltronas e também para colar em paredes. Tecido à pronta entrega. Largura: 1,44m Peso: 250 gramas/m2 Composição: 75%Algodão 25%Poliester gramas/m2 • Design Complexo: O tecido Jacquard é conhecido por sua capacidade de criar desenhos e padrões complexos e detalhados. • Textura: Possui uma textura única e rica, o que pode adicionar profundidade e interesse visual ao espaço. • Durabilidade: É um tecido resistente e durável, o que o torna ideal para uso em móveis e decoração de interiores. • Versatilidade: Pode ser usado em uma variedade de aplicações, incluindo estofamento de móveis, cortinas, almofadas e até mesmo roupas. • Design elegante: Possui uma aparência elegante e sofisticada, que pode ser usada para dar um toque de luxo e sofisticação a qualquer espaço.",in stock,new,37.98 BRL,https://torretecidos.com.br/products/tecido-para-sofa-jacquard-victoria-floral-cru-fendi,https://cdn.shopify.com/s/files/1/0620/8038/5163/products/8763.jpg?v=1706972777,Imetextil - Textil Irineu Meneghel Ltda.,"https://cdn.shopify.com/s/files/1/0620/8038/5163/products/8761.jpg?v=1706972777,https://cdn.shopify.com/s/files/1/0620/8038/5163/products/8762.jpg?v=1706972777,https://cdn.shopify.com/s/files/1/0620/8038/5163/products/8764.jpg?v=1706972777",100,100
7268067836043,Tecido Para Sofá Jacquard Victoria Falso liso Crú/Marsala,"Jacquard Victoria com 1,44m de largura, dupla face. Tecido indicado para estofar sofás, poltronas e também para colar em paredes. Tecido à pronta entrega. Largura: 1,44m Peso: 250 gramas/m2 Composição: 75%Algodão 25%Poliester gramas/m2 • Design Complexo: O tecido Jacquard é conhecido por sua capacidade de criar desenhos e padrões complexos e detalhados. • Textura: Possui uma textura única e rica, o que pode adicionar profundidade e interesse visual ao espaço. • Durabilidade: É um tecido resistente e durável, o que o torna ideal para uso em móveis e decoração de interiores. • Versatilidade: Pode ser usado em uma variedade de aplicações, incluindo estofamento de móveis, cortinas, almofadas e até mesmo roupas. • Design elegante: Possui uma aparência elegante e sofisticada, que pode ser usada para dar um toque de luxo e sofisticação a qualquer espaço.",in stock,new,37.98 BRL,https://torretecidos.com.br/products/tecido-para-sofa-jacquard-victoria-falso-liso-cru-marsala,https://cdn.shopify.com/s/files/1/0620/8038/5163/products/8791.jpg?v=1706972796,Imetextil - Textil Irineu Meneghel Ltda.,"https://cdn.shopify.com/s/files/1/0620/8038/5163/products/8787.jpg?v=1706972796,https://cdn.shopify.com/s/files/1/0620/8038/5163/products/8788.jpg?v=1706972796,https://cdn.shopify.com/s/files/1/0620/8038/5163/products/8789.jpg?v=1706972796",100,100
7268067934347,Tecido Para Sofá Jacquard Victoria Floral Crú/Marsala,"Jacquard Victoria com 1,44m de largura, dupla face. Tecido indicado para estofar sofás, poltronas e também para colar em paredes. Tecido à pronta entrega. Largura: 1,44m Peso: 250 gramas/m2 Composição: 75%Algodão 25%Poliester gramas/m2 • Design Complexo: O tecido Jacquard é conhecido por sua capacidade de criar desenhos e padrões complexos e detalhados. • Textura: Possui uma textura única e rica, o que pode adicionar profundidade e interesse visual ao espaço. • Durabilidade: É um tecido resistente e durável, o que o torna ideal para uso em móveis e decoração de interiores. • Versatilidade: Pode ser usado em uma variedade de aplicações, incluindo estofamento de móveis, cortinas, almofadas e até mesmo roupas. • Design elegante: Possui uma aparência elegante e sofisticada, que pode ser usada para dar um toque de luxo e sofisticação a qualquer espaço.",in stock,new,37.98 BRL,https://torretecidos.com.br/products/tecido-para-sofa-jacquard-victoria-floral-cru-marsala,https://cdn.shopify.com/s/files/1/0620/8038/5163/products/8801.jpg?v=1706972816,Imetextil - Textil Irineu Meneghel Ltda.,"https://cdn.shopify.com/s/files/1/0620/8038/5163/products/8797.jpg?v=1706972816,https://cdn.shopify.com/s/files/1/0620/8038/5163/products/8798.jpg?v=1706972816,https://cdn.shopify.com/s/files/1/0620/8038/5163/products/8799.jpg?v=1706972816",100,100
7268068098187,Tecido Para Sofá Jacquard Victoria Floral Crú/Caramelo,"Jacquard Victoria com 1,44m de largura, dupla face. Tecido indicado para estofar sofás, poltronas e também para colar em paredes. Tecido à pronta entrega. Largura: 1,44m Peso: 250 gramas/m2 Composição: 75%Algodão 25%Poliester gramas/m2 • Design Complexo: O tecido Jacquard é conhecido por sua capacidade de criar desenhos e padrões complexos e detalhados. • Textura: Possui uma textura única e rica, o que pode adicionar profundidade e interesse visual ao espaço. • Durabilidade: É um tecido resistente e durável, o que o torna ideal para uso em móveis e decoração de interiores. • Versatilidade: Pode ser usado em uma variedade de aplicações, incluindo estofamento de móveis, cortinas, almofadas e até mesmo roupas. • Design elegante: Possui uma aparência elegante e sofisticada, que pode ser usada para dar um toque de luxo e sofisticação a qualquer espaço.",in stock,new,37.98 BRL,https://torretecidos.com.br/products/tecido-para-sofa-jacquard-victoria-floral-cru-caramelo,https://cdn.shopify.com/s/files/1/0620/8038/5163/products/8831.jpg?v=1706972834,Imetextil - Textil Irineu Meneghel Ltda.,"https://cdn.shopify.com/s/files/1/0620/8038/5163/products/8827.jpg?v=1706972834,https://cdn.shopify.com/s/files/1/0620/8038/5163/products/8828.jpg?v=1706972834,https://cdn.shopify.com/s/files/1/0620/8038/5163/products/8830.jpg?v=1706972834",100,100
7268068163723,Tecido Para Sofá Jacquard Victoria Arabesco Crú/Caramelo,"Jacquard Victoria com 1,44m de largura, dupla face. Tecido indicado para estofar sofás, poltronas e também para colar em paredes. Tecido à pronta entrega. Largura: 1,44m Peso: 250 gramas/m2 Composição: 75%Algodão 25%Poliester gramas/m2 • Design Complexo: O tecido Jacquard é conhecido por sua capacidade de criar desenhos e padrões complexos e detalhados. • Textura: Possui uma textura única e rica, o que pode adicionar profundidade e interesse visual ao espaço. • Durabilidade: É um tecido resistente e durável, o que o torna ideal para uso em móveis e decoração de interiores. • Versatilidade: Pode ser usado em uma variedade de aplicações, incluindo estofamento de móveis, cortinas, almofadas e até mesmo roupas. • Design elegante: Possui uma aparência elegante e sofisticada, que pode ser usada para dar um toque de luxo e sofisticação a qualquer espaço.",in stock,new,37.98 BRL,https://torretecidos.com.br/products/tecido-para-sofa-jacquard-victoria-arabesco-cru-caramelo,https://cdn.shopify.com/s/files/1/0620/8038/5163/products/8841.jpg?v=1706972854,Imetextil - Textil Irineu Meneghel Ltda.,"https://cdn.shopify.com/s/files/1/0620/8038/5163/products/8837.jpg?v=1706972854,https://cdn.shopify.com/s/files/1/0620/8038/5163/products/8838.jpg?v=1706972854,https://cdn.shopify.com/s/files/1/0620/8038/5163/products/8839.jpg?v=1706972854",100,100
7268068262027,Gorgurão Acqualine Girassol Azul,"Tecido indicado para estofados, poltronas, almofadas e também para colar em paredes. O Acqualine é um tecido resinado ideal para áreas externas, pois é impermeável e emborrachado. Possui Proteção UV e anti-mofo. Largura: 1,40 Metros Peso: 194,27 gramas/m2 Composição: 68% algodão 32% poliester Acabamento: Emborrachado(impermeável) gramas/m2",in stock,new,35.98 BRL,https://torretecidos.com.br/products/tecido-para-area-externa-acqualine-girassol-azul,https://cdn.shopify.com/s/files/1/0620/8038/5163/products/8846.jpg?v=1706972867,Imetextil - Textil Irineu Meneghel Ltda.,"https://cdn.shopify.com/s/files/1/0620/8038/5163/products/8847.jpg?v=1706972867,https://cdn.shopify.com/s/files/1/0620/8038/5163/products/8848.jpg?v=1706972867",100,100
7268068327563,Gorgurão Acqualine Orquideas Crú,"Tecido indicado para estofados, poltronas, almofadas e também para colar em paredes. O Acqualine é um tecido resinado ideal para áreas externas, pois é impermeável e emborrachado. Possui Proteção UV e anti-mofo. Largura: 1,40 Metros Peso: 194,27 gramas/m2 Composição: 68% algodão 32% poliester Acabamento: Emborrachado(impermeável) São elegantes e sofisticadas, e podem adicionar um toque de refinamento a qualquer espaço. São versáteis e podem ser usadas em uma variedade de estilos de decoração, desde o clássico até o moderno. As orquídeas são flores que simbolizam amor, luxúria, beleza e riqueza, por isso, podem ser usadas para criar um ambiente romântico e luxuoso. A estampa de orquídea pode ser usada para criar um tema de decoração inteiro, como um jardim tropical ou um quarto de hóspedes. Pode ser usada para criar um contraste interessante com outras estampas ou cores mais fortes, adicionando profundidade e interesse visual ao espaço. gramas/m2",in stock,new,35.98 BRL,https://torretecidos.com.br/products/tecido-para-area-externa-acqualine-orquideas-cru,https://cdn.shopify.com/s/files/1/0620/8038/5163/products/8855.jpg?v=1706972880,Imetextil - Textil Irineu Meneghel Ltda.,"https://cdn.shopify.com/s/files/1/0620/8038/5163/products/8856.jpg?v=1706972881,https://cdn.shopify.com/s/files/1/0620/8038/5163/products/8857.jpg?v=1706972881",100,100
7268068393099,Gorgurão Acqualine Trançado Vermelho,"Tecido indicado para estofados, poltronas, almofadas e também para colar em paredes. O Acqualine é um tecido resinado ideal para áreas externas, pois é impermeável e emborrachado. Possui Proteção UV e anti-mofo. Largura: 1,40 Metros Peso: 194,27 gramas/m2 Composição: 68% algodão 32% poliester Acabamento: Emborrachado(impermeável) Criação de um ambiente natural: A estampa de palhas trançadas pode ajudar a criar um ambiente mais natural e fresco, pois as imagens de palhas trançadas podem evocar sensações de natureza e simplicidade. Adição de textura: A estampa de palhas trançadas pode adicionar textura e interesse visual a um espaço, especialmente quando combinada com outros materiais e texturas. Tema rústico: A estampa de palhas trançadas pode ser usada como uma forma de criar um tema rústico em um quarto ou em toda a casa, para criar uma sensação de simplicidade e aconchego. Adição de natureza: A estampa de palhas trançadas pode ser uma forma de trazer a natureza para dentro do ambiente, sem precisar se preocupar com a manutenção de plantas reais. Versatilidade: A estampa de palhas trançadas pode ser usada em diferentes estilos de decoração, desde o rústico ao contemporâneo, e combinada com outros elementos decorativos. Estilo eco-friendly: As palhas trançadas são geralmente feitas de materiais naturais, como junco, vime ou bambu, e a estampa de palhas trançadas pode ser uma forma de incorporar elementos eco-friendly na decoração. Adição de calor: A estampa de palhas trançadas tem um ar de aconchego e pode ser usada para adicionar calor e conforto em ambientes frios ou com pouca iluminação. gramas/m2",in stock,new,35.98 BRL,https://torretecidos.com.br/products/tecido-para-area-externa-acqualine-trancado-vermelho,https://cdn.shopify.com/s/files/1/0620/8038/5163/products/8862.jpg?v=1706972894,Imetextil - Textil Irineu Meneghel Ltda.,"https://cdn.shopify.com/s/files/1/0620/8038/5163/products/8861.jpg?v=1706972894,https://cdn.shopify.com/s/files/1/0620/8038/5163/products/8863.jpg?v=1706972894",100,100
7268068425867,Gorgurão Acqualine Costela de Adão Azul,"Tecido indicado para estofados, poltronas, almofadas e também para colar em paredes. O Acqualine é um tecido resinado ideal para áreas externas, pois é impermeável e emborrachado. Possui Proteção UV e anti-mofo. Largura: 1,40 Metros Peso: 194,27 gramas/m2 Composição: 68% algodão 32% poliester Acabamento: Emborrachado(impermeável) gramas/m2",in stock,new,35.98 BRL,https://torretecidos.com.br/products/tecido-para-area-externa-acqualine-costela-de-adao-azul,https://cdn.shopify.com/s/files/1/0620/8038/5163/products/8867.jpg?v=1706972907,Imetextil - Textil Irineu Meneghel Ltda.,"https://cdn.shopify.com/s/files/1/0620/8038/5163/products/8868.jpg?v=1706972907,https://cdn.shopify.com/s/files/1/0620/8038/5163/products/8869.jpg?v=1706972907",100,100
7268068491403,Gorgurão Acqualine Listrado Azul/Tiffany,"Tecido indicado para estofados, poltronas, almofadas e também para colar em paredes. O Acqualine é um tecido resinado ideal para áreas externas, pois é impermeável e emborrachado. Possui Proteção UV e anti-mofo. Largura: 1,40 Metros Peso: 194,27 gramas/m2 Composição: 68% algodão 32% poliester Acabamento: Emborrachado(impermeável) gramas/m2",in stock,new,35.98 BRL,https://torretecidos.com.br/products/tecido-para-area-externa-acqualine-listrado-azul-tiffany,https://cdn.shopify.com/s/files/1/0620/8038/5163/products/8878.jpg?v=1706972920,Imetextil - Textil Irineu Meneghel Ltda.,"https://cdn.shopify.com/s/files/1/0620/8038/5163/products/8876.jpg?v=1706972920,https://cdn.shopify.com/s/files/1/0620/8038/5163/products/8877.jpg?v=1706972920",100,100
7268068524171,Gorgurão Acqualine Listrado Crú/Rosa,"Tecido indicado para estofados, poltronas, almofadas e também para colar em paredes. O Acqualine é um tecido resinado ideal para áreas externas, pois é impermeável e emborrachado. Possui Proteção UV e anti-mofo. Largura: 1,40 Metros Peso: 194,27 gramas/m2 Composição: 68% algodão 32% poliester Acabamento: Emborrachado(impermeável) gramas/m2",in stock,new,35.98 BRL,https://torretecidos.com.br/products/tecido-para-area-externa-acqualine-listrado-cru-rosa,https://cdn.shopify.com/s/files/1/0620/8038/5163/products/8884.jpg?v=1716674467,Imetextil - Textil Irineu Meneghel Ltda.,"https://cdn.shopify.com/s/files/1/0620/8038/5163/products/8882.jpg?v=1716900032,https://cdn.shopify.com/s/files/1/0620/8038/5163/products/8883.jpg?v=1716900032",100,100
7268068556939,Tecido Para Sofá Courissimo Facto Olimpo Rato,"Tecido que imita couro indicado para estofados como sofás, pufes, poltronas, cadeiras e almofadas. • Tem brilho. • Não descasca. • Resistente. • Fácil de limpar. • Dispensa produtos para hidratação e conservação. Composição: Acrilico Poliuretano 50% Poliester 50% Algodão Largura: 1,40 Metro Peso: 0,98 gramas/m2 Peso: 0,98 gramas/m2",in stock,new,56.98 BRL,https://torretecidos.com.br/products/tecido-courissimo-facto-olimpo-rato,https://cdn.shopify.com/s/files/1/0620/8038/5163/products/10876.jpg?v=1706972939,Cipatex,"https://cdn.shopify.com/s/files/1/0620/8038/5163/files/poltrona_834a0d5a-a00b-4bb6-9dd6-cb943efba680.jpg?v=1729014374,https://cdn.shopify.com/s/files/1/0620/8038/5163/products/8910.jpg?v=1706972939",100,100
7268068622475,Tecido Para Sofá Courissimo Facto Olimpo Bege,"Tecido que imita couro indicado para estofados como sofás, pufes, poltronas, cadeiras e almofadas. • Tem brilho. • Não descasca. • Resistente. • Fácil de limpar. • Dispensa produtos para hidratação e conservação. Composição: Acrilico Poliuretano 50% Poliester 50% Algodão Largura: 1,40 Metro Peso: 0,98 gramas/m2 Peso: 0,98 gramas/m2",in stock,new,56.98 BRL,https://torretecidos.com.br/products/tecido-para-area-externa-courissimo-facto-olimpo-bege,https://cdn.shopify.com/s/files/1/0620/8038/5163/products/10869.jpg?v=1706972948,Cipatex,"https://cdn.shopify.com/s/files/1/0620/8038/5163/products/10870.jpg?v=1706972948,https://cdn.shopify.com/s/files/1/0620/8038/5163/products/8914.jpg?v=1706972948,https://cdn.shopify.com/s/files/1/0620/8038/5163/files/poltrona_3276fe79-fba9-430e-9d58-9ed1f0de9617.jpg?v=1729014338",100,100
7268068688011,Tecido Para Sofá Courissimo Facto Olimpo Caramelo,"Tecido que imita couro indicado para estofados como sofás, pufes, poltronas, cadeiras e almofadas. • Tem brilho. • Não descasca. • Resistente. • Fácil de limpar. • Dispensa produtos para hidratação e conservação. Composição: Acrilico Poliuretano 67% Poliester 33% Algodão Largura: 1,40 Metro Peso: 0,98 gramas/m2 Peso: 0,98 gramas/m2",in stock,new,56.98 BRL,https://torretecidos.com.br/products/tecido-courissimo-facto-olimpo-caramelo,https://cdn.shopify.com/s/files/1/0620/8038/5163/products/10871.jpg?v=1706972958,Cipatex,"https://cdn.shopify.com/s/files/1/0620/8038/5163/products/10872.jpg?v=1706972958,https://cdn.shopify.com/s/files/1/0620/8038/5163/products/8925.jpg?v=1706972958,https://cdn.shopify.com/s/files/1/0620/8038/5163/files/poltrona_3d5ce437-f9e6-43d3-9dee-dfbdfb0990c7.jpg?v=1729014047",100,100
7268068786315,Tecido Para Sofá Courissimo Facto Olimpo Castanho,"Tecido que imita couro indicado para estofados como sofás, pufes, poltronas, cadeiras e almofadas. • Tem brilho. • Não descasca. • Resistente. • Fácil de limpar. • Dispensa produtos para hidratação e conservação. Composição: Acrilico Poliuretano 50% Poliester 50% Algodão Largura: 1,40 Metro Peso: 0,98 gramas/m2 Peso: 0,98 gramas/m2",in stock,new,56.98 BRL,https://torretecidos.com.br/products/tecido-courissimo-facto-olimpo-castanho,https://cdn.shopify.com/s/files/1/0620/8038/5163/products/10877.jpg?v=1706972967,Cipatex,"https://cdn.shopify.com/s/files/1/0620/8038/5163/products/10878.jpg?v=1706972967,https://cdn.shopify.com/s/files/1/0620/8038/5163/products/8926.jpg?v=1706972967,https://cdn.shopify.com/s/files/1/0620/8038/5163/files/poltrona_89101408-cbc2-4dd1-a7d3-c595a2694de3.jpg?v=1729014134",100,100
7268068851851,Tecido Para Sofá Courissimo Facto Olimpo Marrom,"Tecido que imita couro indicado para estofados como sofás, pufes, poltronas, cadeiras e almofadas. • Tem brilho. • Não descasca. • Resistente. • Fácil de limpar. • Dispensa produtos para hidratação e conservação. Composição: Acrilico Poliuretano 50% Poliester 50% Algodão Largura: 1,40 Metro Peso: 0,98 gramas/m2 Peso: 0,98 gramas/m2",in stock,new,56.98 BRL,https://torretecidos.com.br/products/tecido-courissimo-facto-olimpo-marrom,https://cdn.shopify.com/s/files/1/0620/8038/5163/products/10863.jpg?v=1706972977,Cipatex,"https://cdn.shopify.com/s/files/1/0620/8038/5163/products/10864.jpg?v=1706972977,https://cdn.shopify.com/s/files/1/0620/8038/5163/products/8932.jpg?v=1706972977,https://cdn.shopify.com/s/files/1/0620/8038/5163/files/poltrona_e93203c4-0802-4d58-88b4-5bbba3a978f3.jpg?v=1729014095",100,100
7268068950155,Tecido Para Sofá Courissimo Facto Olimpo Vermelho,"Tecido que imita couro indicado para estofados como sofás, pufes, poltronas, cadeiras e almofadas. • Tem brilho. • Não descasca. • Resistente. • Fácil de limpar. • Dispensa produtos para hidratação e conservação. Composição: Acrilico Poliuretano 50% Poliester 50% Algodão Largura: 1,40 Metro Peso: 0,98 gramas/m2 Peso: 0,98 gramas/m2",in stock,new,56.98 BRL,https://torretecidos.com.br/products/tecido-courissimo-facto-olimpo-vermelho,https://cdn.shopify.com/s/files/1/0620/8038/5163/products/10865.jpg?v=1706972986,Cipatex,"https://cdn.shopify.com/s/files/1/0620/8038/5163/products/10866.jpg?v=1706972986,https://cdn.shopify.com/s/files/1/0620/8038/5163/files/poltrona_8468e17c-ae81-4707-8850-9565296baa8e.jpg?v=1729014421,https://cdn.shopify.com/s/files/1/0620/8038/5163/products/8938.jpg?v=1706972986",100,100
7268069015691,Tecido Para Sofá Courissimo Facto Olimpo Café,"Tecido que imita couro indicado para estofados como sofás, pufes, poltronas, cadeiras e almofadas. • Tem brilho. • Não descasca. • Resistente. • Fácil de limpar. • Dispensa produtos para hidratação e conservação. Composição: Acrilico Poliuretano 50% Poliester 50% Algodão Largura: 1,40 Metro Peso: 0,98 gramas/m2 Peso: 0,98 gramas/m2",in stock,new,56.98 BRL,https://torretecidos.com.br/products/tecido-courissimo-facto-olimpo-cafe,https://cdn.shopify.com/s/files/1/0620/8038/5163/products/10879.jpg?v=1706972996,Cipatex,"https://cdn.shopify.com/s/files/1/0620/8038/5163/products/10880.jpg?v=1706972996,https://cdn.shopify.com/s/files/1/0620/8038/5163/products/8945.jpg?v=1706972996,https://cdn.shopify.com/s/files/1/0620/8038/5163/files/poltrona_99ea05ab-8e0c-4434-878c-bfe6c91fb241.jpg?v=1729014179",100,100
7268069113995,Tecido Para Sofá Courissimo Facto Olimpo Branco,"Tecido que imita couro indicado para estofados como sofás, pufes, poltronas, cadeiras e almofadas. • Tem brilho. • Não descasca. • Resistente. • Fácil de limpar. • Dispensa produtos para hidratação e conservação. Composição: Acrilico Poliuretano 50% Poliester 50% Algodão Largura: 1,40 Metro Peso: 0,98 gramas/m2 Peso: 0,98 gramas/m2",in stock,new,56.98 BRL,https://torretecidos.com.br/products/tecido-courissimo-facto-olimpo-banco,https://cdn.shopify.com/s/files/1/0620/8038/5163/products/8958.jpg?v=1706973009,Cipatex,"https://cdn.shopify.com/s/files/1/0620/8038/5163/products/8956.jpg?v=1706973009,https://cdn.shopify.com/s/files/1/0620/8038/5163/products/8957.jpg?v=1706973009,https://cdn.shopify.com/s/files/1/0620/8038/5163/products/8952.jpg?v=1706973009",100,100
7268069146763,Tecido Para Sofá Courissimo Facto Olimpo Preto,"Tecido que imita couro indicado para estofados como sofás, pufes, poltronas, cadeiras e almofadas. • Tem brilho. • Não descasca. • Resistente. • Fácil de limpar. • Dispensa produtos para hidratação e conservação. Composição: Acrilico Poliuretano 50% Poliester 50% Algodão Largura: 1,40 Metro Peso: 0,98 gramas/m2 Peso: 0,98 gramas/m2",in stock,new,56.98 BRL,https://torretecidos.com.br/products/tecido-courissimo-facto-olimpo-preto,https://cdn.shopify.com/s/files/1/0620/8038/5163/products/10867.jpg?v=1706973019,Cipatex,"https://cdn.shopify.com/s/files/1/0620/8038/5163/products/10868.jpg?v=1706973019,https://cdn.shopify.com/s/files/1/0620/8038/5163/products/8959.jpg?v=1706973019,https://cdn.shopify.com/s/files/1/0620/8038/5163/files/poltrona_364b4332-a1e0-4ad8-941e-d9c2c7062074.jpg?v=1729014216",100,100
7268069245067,Courvin Dunas Azul Marinho,"Tecido que imita couro indicado para estofados como sofás, pufes, poltronas, cadeiras e almofadas. • Tem brilho. • Não descasca. • Resistente. • Fácil de limpar. • Dispensa produtos para hidratação e conservação. Composição: 70% Pvc 30% Substrato Largura: 1,40 Metro Peso: 0,98 gramas/m2 Peso: 0,98 gramas/m2",in stock,new,46.98 BRL,https://torretecidos.com.br/products/tecido-courvin-dunas-azul-marinho,https://cdn.shopify.com/s/files/1/0620/8038/5163/products/9029.jpg?v=1706973032,Romplas,"https://cdn.shopify.com/s/files/1/0620/8038/5163/products/9027.jpg?v=1706973032,https://cdn.shopify.com/s/files/1/0620/8038/5163/products/9028.jpg?v=1706973032,https://cdn.shopify.com/s/files/1/0620/8038/5163/files/poltrona_f50dbd6a-6ea5-48c7-9bdd-5feba4a0787e.jpg?v=1729013959",100,100
7268069310603,Courvin Dunas Branco,"Tecido que imita couro indicado para estofados como sofás, pufes, poltronas, cadeiras e almofadas. • Tem brilho. • Não descasca. • Resistente. • Fácil de limpar. • Dispensa produtos para hidratação e conservação. Composição: 70% Pvc 30% Substrato Largura: 1,40 Metro Peso: 0,98 gramas/m2 Peso: 0,98 gramas/m2",in stock,new,46.98 BRL,https://torretecidos.com.br/products/tecido-courvin-dunas-branco,https://cdn.shopify.com/s/files/1/0620/8038/5163/products/10819.jpg?v=1706973042,Romplas,"https://cdn.shopify.com/s/files/1/0620/8038/5163/products/10820.jpg?v=1706973042,https://cdn.shopify.com/s/files/1/0620/8038/5163/files/poltrona_less_reflection_40d5c5ea-6848-47c1-aeb2-e9dc049f3032.jpg?v=1728995049",100,100
7268069343371,Courvin Dunas Cinza,"Tecido que imita couro indicado para estofados como sofás, pufes, poltronas, cadeiras e almofadas. • Tem brilho. • Não descasca. • Resistente. • Fácil de limpar. • Dispensa produtos para hidratação e conservação. Composição: 70% Pvc 30% Substrato Largura: 1,40 Metro Peso: 0,98 gramas/m2 Peso: 0,98 gramas/m2",in stock,new,46.98 BRL,https://torretecidos.com.br/products/tecido-courvin-dunas-cinza,https://cdn.shopify.com/s/files/1/0620/8038/5163/products/10825.jpg?v=1706973051,Romplas,"https://cdn.shopify.com/s/files/1/0620/8038/5163/products/10826.jpg?v=1706973051,https://cdn.shopify.com/s/files/1/0620/8038/5163/files/poltrona_9f1fc124-b337-4a5c-a937-c7f774096a82.jpg?v=1729013870",100,100
7268069408907,Courvin Liso Vermelho,"Tecido que imita couro indicado para estofados como sofás, pufes, poltronas, cadeiras e almofadas. • Tem brilho. • Não descasca. • Resistente. • Fácil de limpar. • Dispensa produtos para hidratação e conservação. Composição: 70% Pvc 30% Substrato Largura: 1,40 Metro Peso: 0,98 gramas/m2 Peso: 0,98 gramas/m2",in stock,new,45.98 BRL,https://torretecidos.com.br/products/tecido-courvin-liso-vermelho,https://cdn.shopify.com/s/files/1/0620/8038/5163/products/9053.jpg?v=1706973061,Twiltex,"https://cdn.shopify.com/s/files/1/0620/8038/5163/products/9051.jpg?v=1706973061,https://cdn.shopify.com/s/files/1/0620/8038/5163/products/9052.jpg?v=1706973061",100,100
7268069441675,Courvin Liso Azul Royal,"Tecido que imita couro indicado para estofados como sofás, pufes, poltronas, cadeiras e almofadas. • Tem brilho. • Não descasca. • Resistente. • Fácil de limpar. • Dispensa produtos para hidratação e conservação. Composição: 67% Poliester 33% algodão Largura: 1,40 Metro Peso: 0,98 gramas/m2 Peso: 0,98 gramas/m2",in stock,new,45.98 BRL,https://torretecidos.com.br/products/tecido-courvin-liso-azul-royal,https://cdn.shopify.com/s/files/1/0620/8038/5163/products/9065.jpg?v=1706973074,Twiltex,"https://cdn.shopify.com/s/files/1/0620/8038/5163/products/9063.jpg?v=1706973074,https://cdn.shopify.com/s/files/1/0620/8038/5163/products/9064.jpg?v=1706973074,https://cdn.shopify.com/s/files/1/0620/8038/5163/files/poltrona_4452877a-8510-4edf-a99f-ae733a2f268e.jpg?v=1729014480",100,100
7268069474443,Courvin Liso Preto,"Tecido que imita couro indicado para estofados como sofás, pufes, poltronas, cadeiras e almofadas. • Tem brilho. • Não descasca. • Resistente. • Fácil de limpar. • Dispensa produtos para hidratação e conservação. Composição: 67% Poliester 33% algodão Largura: 1,40 Metro Peso: 0,98 gramas/m2 Peso: 0,98 gramas/m2",in stock,new,45.98 BRL,https://torretecidos.com.br/products/tecido-courvin-liso-preto,https://cdn.shopify.com/s/files/1/0620/8038/5163/products/9111.jpg?v=1706973084,Twiltex,"https://cdn.shopify.com/s/files/1/0620/8038/5163/products/9069.jpg?v=1706973084,https://cdn.shopify.com/s/files/1/0620/8038/5163/products/9070.jpg?v=1706973084",100,100
7268069638283,Courvin Liso Branco,"Tecido que imita couro indicado para estofados como sofás, pufes, poltronas, cadeiras e almofadas. • Tem brilho. • Não descasca. • Resistente. • Fácil de limpar. • Dispensa produtos para hidratação e conservação. Composição: 67% Poliester 33% algodão Largura: 1,40 Metro Peso: 0,98 gramas/m2 Peso: 0,98 gramas/m2",in stock,new,45.98 BRL,https://torretecidos.com.br/products/tecido-courvin-liso-branco,https://cdn.shopify.com/s/files/1/0620/8038/5163/products/9089.jpg?v=1706973097,Twiltex,"https://cdn.shopify.com/s/files/1/0620/8038/5163/products/9087.jpg?v=1706973097,https://cdn.shopify.com/s/files/1/0620/8038/5163/products/9088.jpg?v=1706973097,https://cdn.shopify.com/s/files/1/0620/8038/5163/files/poltrona_a0e74dbf-fd9f-48f6-b693-4f757562df78.jpg?v=1729014521",100,100
7268069703819,Tecido Para Sofá Gobelem Pixel Brasão crú,"O Gobelem com 1,40m de largura é um dos mais tradicionais tecidos de decoração.O tecido Gobelem, também conhecido como tecido gobelin é ideal para revestimento de sofás, poltronas e cadeiras.Tecido à pronta entrega. Largura: 1,45m Peso: 200 gramas/m2 Composição: 58%Poliester 42%Algodão gramas/m2 • Tradição: O uso do Gobelim na decoração remonta a muitos séculos atrás, e carrega consigo uma rica tradição de arte e artesanato. • Exclusividade: Os Gobelins são peças únicas e raras, e adicionar um ao seu espaço pode dar uma sensação de exclusividade e luxo. • Detalhes: Eles são conhecidos por sua precisão e detalhamento, o que os torna peças de arte verdadeiramente impressionantes. • Versatilidade: Eles podem ser usados para decorar diferentes ambientes, desde salas de estar até quartos de hotel de luxo. • Investimento: Os Gobelins são peças valiosas e podem ser consideradas um investimento a longo prazo.",in stock,new,66.98 BRL,https://torretecidos.com.br/products/tecido-para-sofa-gobelem-pixel-brasao-cru,https://cdn.shopify.com/s/files/1/0620/8038/5163/files/fea7fe7971cd7b3608a9a611916bd77c.jpg?v=1776358749,Meneghel Indústria Têxtil,"https://cdn.shopify.com/s/files/1/0620/8038/5163/files/295dfbf9dfb731950f680a7f567612f7.jpg?v=1776358749,https://cdn.shopify.com/s/files/1/0620/8038/5163/files/584becccf6ecdf57ae4a9217a170836a.jpg?v=1776358750,https://cdn.shopify.com/s/files/1/0620/8038/5163/files/bfc4284c293f24e553299afa39ab383f.jpg?v=1776358751",100,100
7268069802123,Tecido Para Sofá Gobelem Pixel Kilim Crú/Verde,"O Gobelem com 1,40m de largura é um dos mais tradicionais tecidos de decoração.O tecido Gobelem, também conhecido como tecido gobelin é ideal para revestimento de sofás, poltronas e cadeiras.Tecido à pronta entrega. Largura: 1,45m Peso: 200 gramas/m2 Composição: 58%Poliester 42%Algodão gramas/m2 • Tradição: O uso do Gobelim na decoração remonta a muitos séculos atrás, e carrega consigo uma rica tradição de arte e artesanato. • Exclusividade: Os Gobelins são peças únicas e raras, e adicionar um ao seu espaço pode dar uma sensação de exclusividade e luxo. • Detalhes: Eles são conhecidos por sua precisão e detalhamento, o que os torna peças de arte verdadeiramente impressionantes. • Versatilidade: Eles podem ser usados para decorar diferentes ambientes, desde salas de estar até quartos de hotel de luxo. • Investimento: Os Gobelins são peças valiosas e podem ser consideradas um investimento a longo prazo.",in stock,new,66.98 BRL,https://torretecidos.com.br/products/tecido-para-sofa-gobelem-pixel-kilim-cru-verde,https://cdn.shopify.com/s/files/1/0620/8038/5163/files/20260619_094210.jpg?v=1781897453,Meneghel Indústria Têxtil,"https://cdn.shopify.com/s/files/1/0620/8038/5163/files/036379ea535c16f98cc4eb5a5b3d8b30.jpg?v=1781898286,https://cdn.shopify.com/s/files/1/0620/8038/5163/files/20260619_094141.jpg?v=1781897453,https://cdn.shopify.com/s/files/1/0620/8038/5163/files/20260619_094147.jpg?v=1781897453",100,100
7268069867659,Tecido Para Sofá Gobelem Pixel Persa Crú/Verde,"O Gobelem com 1,40m de largura é um dos mais tradicionais tecidos de decoração.O tecido Gobelem, também conhecido como tecido gobelin é ideal para revestimento de sofás, poltronas e cadeiras.Tecido à pronta entrega. Largura: 1,45m Peso: 200 gramas/m2 Composição: 58%Poliester 42%Algodão gramas/m2 • Tradição: O uso do Gobelim na decoração remonta a muitos séculos atrás, e carrega consigo uma rica tradição de arte e artesanato. • Exclusividade: Os Gobelins são peças únicas e raras, e adicionar um ao seu espaço pode dar uma sensação de exclusividade e luxo. • Detalhes: Eles são conhecidos por sua precisão e detalhamento, o que os torna peças de arte verdadeiramente impressionantes. • Versatilidade: Eles podem ser usados para decorar diferentes ambientes, desde salas de estar até quartos de hotel de luxo. • Investimento: Os Gobelins são peças valiosas e podem ser consideradas um investimento a longo prazo.",in stock,new,66.98 BRL,https://torretecidos.com.br/products/tecido-para-sofa-gobelem-pixel-persa-cru-verde-1,https://cdn.shopify.com/s/files/1/0620/8038/5163/files/aa958640e072f062264faf230f8a4cdc.jpg?v=1776367421,Meneghel Indústria Têxtil,"https://cdn.shopify.com/s/files/1/0620/8038/5163/products/9153_08bd0355-9eb8-4f7f-9103-f11207ca3721.jpg?v=1776367422,https://cdn.shopify.com/s/files/1/0620/8038/5163/products/9152_56f7374c-7eff-4d9f-89d4-2658bc9fc186.jpg?v=1776367423,https://cdn.shopify.com/s/files/1/0620/8038/5163/products/9154_0feec838-ed6f-4fd8-b1b6-324e6a653f2f.jpg?v=1776367423",100,100
7268069965963,Tecido Para Sofá Gobelem Pixel Geometrico Crú/Verde,"O Gobelem com 1,40m de largura é um dos mais tradicionais tecidos de decoração.O tecido Gobelem, também conhecido como tecido gobelin é ideal para revestimento de sofás, poltronas e cadeiras.Tecido à pronta entrega. Largura: 1,45m Peso: 200 gramas/m2 Composição: 58%Poliester 42%Algodão gramas/m2 • Tradição: O uso do Gobelim na decoração remonta a muitos séculos atrás, e carrega consigo uma rica tradição de arte e artesanato. • Exclusividade: Os Gobelins são peças únicas e raras, e adicionar um ao seu espaço pode dar uma sensação de exclusividade e luxo. • Detalhes: Eles são conhecidos por sua precisão e detalhamento, o que os torna peças de arte verdadeiramente impressionantes. • Versatilidade: Eles podem ser usados para decorar diferentes ambientes, desde salas de estar até quartos de hotel de luxo. • Investimento: Os Gobelins são peças valiosas e podem ser consideradas um investimento a longo prazo.",in stock,new,66.98 BRL,https://torretecidos.com.br/products/tecido-para-sofa-gobelem-pixel-geometrico-cru-verde,https://cdn.shopify.com/s/files/1/0620/8038/5163/files/6486dcc876084f4f4d334344cf472743.jpg?v=1776361364,Meneghel Indústria Têxtil,"https://cdn.shopify.com/s/files/1/0620/8038/5163/products/9159.jpg?v=1776361364,https://cdn.shopify.com/s/files/1/0620/8038/5163/products/9158.jpg?v=1776361365,https://cdn.shopify.com/s/files/1/0620/8038/5163/products/9160.jpg?v=1776361366",100,100
7268070097035,Tecido Para Sofá Gobelem Pixel Cashmere Crú/Verde,"O Gobelem com 1,40m de largura é um dos mais tradicionais tecidos de decoração.O tecido Gobelem, também conhecido como tecido gobelin é ideal para revestimento de sofás, poltronas e cadeiras.Tecido à pronta entrega. Largura: 1,45m Peso: 200 gramas/m2 Composição: 58%Poliester 42%Algodão gramas/m2 • Tradição: O uso do Gobelim na decoração remonta a muitos séculos atrás, e carrega consigo uma rica tradição de arte e artesanato. • Exclusividade: Os Gobelins são peças únicas e raras, e adicionar um ao seu espaço pode dar uma sensação de exclusividade e luxo. • Detalhes: Eles são conhecidos por sua precisão e detalhamento, o que os torna peças de arte verdadeiramente impressionantes. • Versatilidade: Eles podem ser usados para decorar diferentes ambientes, desde salas de estar até quartos de hotel de luxo. • Investimento: Os Gobelins são peças valiosas e podem ser consideradas um investimento a longo prazo.",in stock,new,66.98 BRL,https://torretecidos.com.br/products/tecido-para-sofa-gobelem-pixel-cashmere-cru-verde,https://cdn.shopify.com/s/files/1/0620/8038/5163/files/9c7cabe77728ce9036f6f37479bc5744.jpg?v=1776358092,Meneghel Indústria Têxtil,"https://cdn.shopify.com/s/files/1/0620/8038/5163/products/9164.jpg?v=1776358093,https://cdn.shopify.com/s/files/1/0620/8038/5163/products/9165.jpg?v=1776358094,https://cdn.shopify.com/s/files/1/0620/8038/5163/products/9166.jpg?v=1776358094",100,100
7268070359179,Tecido Para Sofá Gobelem Pixel Hibisco Crú/Verde,"O Gobelem com 1,40m de largura é um dos mais tradicionais tecidos de decoração.O tecido Gobelem, também conhecido como tecido gobelin é ideal para revestimento de sofás, poltronas e cadeiras.Tecido à pronta entrega. Largura: 1,45m Peso: 200 gramas/m2 Composição: 58%Poliester 42%Algodão gramas/m2 • Tradição: O uso do Gobelim na decoração remonta a muitos séculos atrás, e carrega consigo uma rica tradição de arte e artesanato. • Exclusividade: Os Gobelins são peças únicas e raras, e adicionar um ao seu espaço pode dar uma sensação de exclusividade e luxo. • Detalhes: Eles são conhecidos por sua precisão e detalhamento, o que os torna peças de arte verdadeiramente impressionantes. • Versatilidade: Eles podem ser usados para decorar diferentes ambientes, desde salas de estar até quartos de hotel de luxo. • Investimento: Os Gobelins são peças valiosas e podem ser consideradas um investimento a longo prazo.",in stock,new,66.98 BRL,https://torretecidos.com.br/products/tecido-para-sofa-gobelem-pixel-hibisco-cru-verde,https://cdn.shopify.com/s/files/1/0620/8038/5163/files/711eca81070cfd2aaa88ea7573e30c23.jpg?v=1776360972,Meneghel Indústria Têxtil,"https://cdn.shopify.com/s/files/1/0620/8038/5163/products/9170.jpg?v=1776360972,https://cdn.shopify.com/s/files/1/0620/8038/5163/products/9171.jpg?v=1776360973,https://cdn.shopify.com/s/files/1/0620/8038/5163/products/9172.jpg?v=1776360974",100,100
7268070424715,Tecido Para Sofá Gobelem Pixel Setas Crú/Verde,"O Gobelem com 1,40m de largura é um dos mais tradicionais tecidos de decoração.O tecido Gobelem, também conhecido como tecido gobelin é ideal para revestimento de sofás, poltronas e cadeiras.Tecido à pronta entrega. Largura: 1,45m Peso: 200 gramas/m2 Composição: 58%Poliester 42%Algodão gramas/m2 • Tradição: O uso do Gobelim na decoração remonta a muitos séculos atrás, e carrega consigo uma rica tradição de arte e artesanato. • Exclusividade: Os Gobelins são peças únicas e raras, e adicionar um ao seu espaço pode dar uma sensação de exclusividade e luxo. • Detalhes: Eles são conhecidos por sua precisão e detalhamento, o que os torna peças de arte verdadeiramente impressionantes. • Versatilidade: Eles podem ser usados para decorar diferentes ambientes, desde salas de estar até quartos de hotel de luxo. • Investimento: Os Gobelins são peças valiosas e podem ser consideradas um investimento a longo prazo.",in stock,new,66.98 BRL,https://torretecidos.com.br/products/tecido-para-sofa-gobelem-pixel-setas-cru-verde,https://cdn.shopify.com/s/files/1/0620/8038/5163/files/400e2ab6ce02ef26217f29f3755857d9.jpg?v=1776367385,Meneghel Indústria Têxtil,"https://cdn.shopify.com/s/files/1/0620/8038/5163/products/9177.jpg?v=1776367386,https://cdn.shopify.com/s/files/1/0620/8038/5163/products/9176.jpg?v=1776367386,https://cdn.shopify.com/s/files/1/0620/8038/5163/products/9178.jpg?v=1776367387",100,100
7268070523019,Tecido Para Sofá Jacquard Parma Azul Marinho,"Com 1,40m de largura. Tecido indicado para estofados, poltronas, almofadas com preço acessível, fabricação nacional. Tecido à pronta entrega. Peso: 250 gramas/m2 Composição: 56%Algodão 44%Poliester. gramas/m2 • Design Complexo: O tecido Jacquard é conhecido por sua capacidade de criar desenhos e padrões complexos e detalhados. • Textura: Possui uma textura única e rica, o que pode adicionar profundidade e interesse visual ao espaço. • Durabilidade: É um tecido resistente e durável, o que o torna ideal para uso em móveis e decoração de interiores. • Versatilidade: Pode ser usado em uma variedade de aplicações, incluindo estofamento de móveis, cortinas, almofadas e até mesmo roupas. • Design elegante: Possui uma aparência elegante e sofisticada, que pode ser usada para dar um toque de luxo e sofisticação a qualquer espaço.",in stock,new,24.98 BRL,https://torretecidos.com.br/products/tecido-para-sofa-jacquard-parma-azul-marinho,https://cdn.shopify.com/s/files/1/0620/8038/5163/products/9184.jpg?v=1706973208,Torre Tecidos,"https://cdn.shopify.com/s/files/1/0620/8038/5163/products/9182.jpg?v=1706973208,https://cdn.shopify.com/s/files/1/0620/8038/5163/products/9183.jpg?v=1706973208",100,100
7268070588555,Tecido Para Sofá Jacquard Parma Azul Céu,"Com 1,40m de largura. Tecido indicado para estofados, poltronas, almofadas com preço acessível, fabricação nacional. Tecido à pronta entrega. Peso: 250 gramas/m2 Composição: 56%Algodão 44%Poliester. gramas/m2 • Design Complexo: O tecido Jacquard é conhecido por sua capacidade de criar desenhos e padrões complexos e detalhados. • Textura: Possui uma textura única e rica, o que pode adicionar profundidade e interesse visual ao espaço. • Durabilidade: É um tecido resistente e durável, o que o torna ideal para uso em móveis e decoração de interiores. • Versatilidade: Pode ser usado em uma variedade de aplicações, incluindo estofamento de móveis, cortinas, almofadas e até mesmo roupas. • Design elegante: Possui uma aparência elegante e sofisticada, que pode ser usada para dar um toque de luxo e sofisticação a qualquer espaço.",in stock,new,24.98 BRL,https://torretecidos.com.br/products/tecido-para-sofa-jacquard-parma-azul-ceu,https://cdn.shopify.com/s/files/1/0620/8038/5163/products/9189.jpg?v=1706973218,Torre Tecidos,https://cdn.shopify.com/s/files/1/0620/8038/5163/products/9188.jpg?v=1706973218,100,100
7268070654091,Tecido Para Sofá Jacquard Parma Grafite,"Com 1,40m de largura. Tecido indicado para estofados, poltronas, almofadas com preço acessível, fabricação nacional. Tecido à pronta entrega. Peso: 250 gramas/m2 Composição: 56%Algodão 44%Poliester. gramas/m2 • Design Complexo: O tecido Jacquard é conhecido por sua capacidade de criar desenhos e padrões complexos e detalhados. • Textura: Possui uma textura única e rica, o que pode adicionar profundidade e interesse visual ao espaço. • Durabilidade: É um tecido resistente e durável, o que o torna ideal para uso em móveis e decoração de interiores. • Versatilidade: Pode ser usado em uma variedade de aplicações, incluindo estofamento de móveis, cortinas, almofadas e até mesmo roupas. • Design elegante: Possui uma aparência elegante e sofisticada, que pode ser usada para dar um toque de luxo e sofisticação a qualquer espaço.",in stock,new,24.98 BRL,https://torretecidos.com.br/products/tecido-para-sofa-jacquard-parma-grafite,https://cdn.shopify.com/s/files/1/0620/8038/5163/products/9194.jpg?v=1706973231,Torre Tecidos,"https://cdn.shopify.com/s/files/1/0620/8038/5163/products/9192.jpg?v=1706973231,https://cdn.shopify.com/s/files/1/0620/8038/5163/products/9193.jpg?v=1706973231",100,100
7268070719627,Tecido Para Sofá Jacquard Parma Preto,"Com 1,40m de largura. Tecido indicado para estofados, poltronas, almofadas com preço acessível, fabricação nacional. Tecido à pronta entrega. Peso: 250 gramas/m2 Composição: 56%Algodão 44%Poliester. gramas/m2 • Design Complexo: O tecido Jacquard é conhecido por sua capacidade de criar desenhos e padrões complexos e detalhados. • Textura: Possui uma textura única e rica, o que pode adicionar profundidade e interesse visual ao espaço. • Durabilidade: É um tecido resistente e durável, o que o torna ideal para uso em móveis e decoração de interiores. • Versatilidade: Pode ser usado em uma variedade de aplicações, incluindo estofamento de móveis, cortinas, almofadas e até mesmo roupas. • Design elegante: Possui uma aparência elegante e sofisticada, que pode ser usada para dar um toque de luxo e sofisticação a qualquer espaço.",in stock,new,24.98 BRL,https://torretecidos.com.br/products/tecido-para-sofa-jacquard-parma-preto,https://cdn.shopify.com/s/files/1/0620/8038/5163/products/9200.jpg?v=1706973245,Torre Tecidos,"https://cdn.shopify.com/s/files/1/0620/8038/5163/products/9198.jpg?v=1706973245,https://cdn.shopify.com/s/files/1/0620/8038/5163/products/9199.jpg?v=1706973245",100,100
7268070752395,Tecido Para Sofá Jacquard Parma Rosa Seco,"Com 1,40m de largura. Tecido indicado para estofados, poltronas, almofadas com preço acessível, fabricação nacional. Tecido à pronta entrega. Peso: 250 gramas/m2 Composição: 56%Algodão 44%Poliester. gramas/m2 • Design Complexo: O tecido Jacquard é conhecido por sua capacidade de criar desenhos e padrões complexos e detalhados. • Textura: Possui uma textura única e rica, o que pode adicionar profundidade e interesse visual ao espaço. • Durabilidade: É um tecido resistente e durável, o que o torna ideal para uso em móveis e decoração de interiores. • Versatilidade: Pode ser usado em uma variedade de aplicações, incluindo estofamento de móveis, cortinas, almofadas e até mesmo roupas. • Design elegante: Possui uma aparência elegante e sofisticada, que pode ser usada para dar um toque de luxo e sofisticação a qualquer espaço.",in stock,new,24.98 BRL,https://torretecidos.com.br/products/tecido-para-sofa-jacquard-parma-rosa-seco,https://cdn.shopify.com/s/files/1/0620/8038/5163/products/9206.jpg?v=1706973257,Torre Tecidos,"https://cdn.shopify.com/s/files/1/0620/8038/5163/products/9204.jpg?v=1706973257,https://cdn.shopify.com/s/files/1/0620/8038/5163/products/9205.jpg?v=1706973257",100,100
7268070850699,Tecido Para Sofá Jacquard Parma Café,"Com 1,40m de largura. Tecido indicado para estofados, poltronas, almofadas com preço acessível, fabricação nacional. Tecido à pronta entrega. Peso: 250 gramas/m2 Composição: 56%Algodão 44%Poliester. gramas/m2 • Design Complexo: O tecido Jacquard é conhecido por sua capacidade de criar desenhos e padrões complexos e detalhados. • Textura: Possui uma textura única e rica, o que pode adicionar profundidade e interesse visual ao espaço. • Durabilidade: É um tecido resistente e durável, o que o torna ideal para uso em móveis e decoração de interiores. • Versatilidade: Pode ser usado em uma variedade de aplicações, incluindo estofamento de móveis, cortinas, almofadas e até mesmo roupas. • Design elegante: Possui uma aparência elegante e sofisticada, que pode ser usada para dar um toque de luxo e sofisticação a qualquer espaço.",in stock,new,24.98 BRL,https://torretecidos.com.br/products/tecido-para-sofa-jacquard-parma-cafe,https://cdn.shopify.com/s/files/1/0620/8038/5163/products/9218.jpg?v=1706973271,Torre Tecidos,"https://cdn.shopify.com/s/files/1/0620/8038/5163/products/9216.jpg?v=1706973271,https://cdn.shopify.com/s/files/1/0620/8038/5163/products/9217.jpg?v=1706973271",100,100
7268070949003,Tecido Para Sofá Jacquard Parma Terra-cota,"Com 1,40m de largura. Tecido indicado para estofados, poltronas, almofadas com preço acessível, fabricação nacional. Tecido à pronta entrega. Peso: 250 gramas/m2 Composição: 56%Algodão 44%Poliester. gramas/m2 • Design Complexo: O tecido Jacquard é conhecido por sua capacidade de criar desenhos e padrões complexos e detalhados. • Textura: Possui uma textura única e rica, o que pode adicionar profundidade e interesse visual ao espaço. • Durabilidade: É um tecido resistente e durável, o que o torna ideal para uso em móveis e decoração de interiores. • Versatilidade: Pode ser usado em uma variedade de aplicações, incluindo estofamento de móveis, cortinas, almofadas e até mesmo roupas. • Design elegante: Possui uma aparência elegante e sofisticada, que pode ser usada para dar um toque de luxo e sofisticação a qualquer espaço.",in stock,new,24.98 BRL,https://torretecidos.com.br/products/tecido-para-sofa-jacquard-parma-terra-cota,https://cdn.shopify.com/s/files/1/0620/8038/5163/products/9224.jpg?v=1706973284,Torre Tecidos,"https://cdn.shopify.com/s/files/1/0620/8038/5163/products/9222.jpg?v=1706973284,https://cdn.shopify.com/s/files/1/0620/8038/5163/products/9223.jpg?v=1706973284",100,100
7268070981771,Tecido Para Sofá Jacquard Parma Azul Petróleo,"Com 1,40m de largura. Tecido indicado para estofados, poltronas, almofadas com preço acessível, fabricação nacional. Tecido à pronta entrega. Peso: 250 gramas/m2 Composição: 56%Algodão 44%Poliester. gramas/m2 • Design Complexo: O tecido Jacquard é conhecido por sua capacidade de criar desenhos e padrões complexos e detalhados. • Textura: Possui uma textura única e rica, o que pode adicionar profundidade e interesse visual ao espaço. • Durabilidade: É um tecido resistente e durável, o que o torna ideal para uso em móveis e decoração de interiores. • Versatilidade: Pode ser usado em uma variedade de aplicações, incluindo estofamento de móveis, cortinas, almofadas e até mesmo roupas. • Design elegante: Possui uma aparência elegante e sofisticada, que pode ser usada para dar um toque de luxo e sofisticação a qualquer espaço.",in stock,new,24.98 BRL,https://torretecidos.com.br/products/tecido-para-sofa-jacquard-parma-azul-petroleo,https://cdn.shopify.com/s/files/1/0620/8038/5163/products/9230.jpg?v=1706973297,Torre Tecidos,"https://cdn.shopify.com/s/files/1/0620/8038/5163/products/9228.jpg?v=1706973297,https://cdn.shopify.com/s/files/1/0620/8038/5163/products/9229.jpg?v=1706973297",100,100
7268071112843,Tecido Para Área Externa Gorgurão Waterblock Dália Bege,"Tecido indicado para estofados, poltronas, almofadas e também para colar em paredes. O Waterblock é um tecido resinado ideal para áreas externas, pois é impermeável e emborrachado. Possui Proteção UV e anti-mofo. Largura: 1,40 Metros Peso: 170 gramas/m2 Composição: 70% algodão 30% poliester Acabamento: Emborrachado(impermeável) gramas/m2 • É resistente à água, o que o torna adequado para uso como externas ou com risco de umidade. • É fácil de limpar e manter, o que o torna uma boa opção para áreas de uso frequente. • Projetado para bloqueio de luz e UV, o que o torna adequado para uso como cobertura. • É resistente a rasgos e abrasão, o que o torna adequado para uso como de tráfego intenso. • Pode ser projetado para resistir a fungos e bactérias, o que o torna adequado para uso como de saúde.",in stock,new,49.98 BRL,https://torretecidos.com.br/products/tecido-para-area-externa-waterblock-dalia-bege,https://cdn.shopify.com/s/files/1/0620/8038/5163/products/9241.jpg?v=1706973311,Döhler,"https://cdn.shopify.com/s/files/1/0620/8038/5163/products/9242.jpg?v=1715697218,https://cdn.shopify.com/s/files/1/0620/8038/5163/products/9243.jpg?v=1715697218,https://cdn.shopify.com/s/files/1/0620/8038/5163/files/poltrona_less_reflection_538c5577-1ed7-4915-ba5d-85cc0ab1586d.jpg?v=1728487822",100,100
7268071145611,Tecido Para Área Externa Gorgurão Waterblock Folhas de Eucalipto Crú,"Tecido indicado para estofados, poltronas, almofadas e também para colar em paredes. O Waterblock é um tecido resinado ideal para áreas externas, pois é impermeável e emborrachado. Possui Proteção UV e anti-mofo. Largura: 1,40 Metros Peso: 170 gramas/m2 Composição: 70% algodão 30% poliester Acabamento: Emborrachado(impermeável) gramas/m2 • É resistente à água, o que o torna adequado para uso como externas ou com risco de umidade. • É fácil de limpar e manter, o que o torna uma boa opção para áreas de uso frequente. • Projetado para bloqueio de luz e UV, o que o torna adequado para uso como cobertura. • É resistente a rasgos e abrasão, o que o torna adequado para uso como de tráfego intenso. • Pode ser projetado para resistir a fungos e bactérias, o que o torna adequado para uso como de saúde.",in stock,new,49.98 BRL,https://torretecidos.com.br/products/tecido-para-area-externa-waterblock-folhas-de-eucalipto-cru,https://cdn.shopify.com/s/files/1/0620/8038/5163/files/66875680dc3643799aeb884b0e005dd3.jpg?v=1776446546,Döhler,"https://cdn.shopify.com/s/files/1/0620/8038/5163/products/9248.jpg?v=1776446546,https://cdn.shopify.com/s/files/1/0620/8038/5163/products/9249.jpg?v=1776446547,https://cdn.shopify.com/s/files/1/0620/8038/5163/products/9250.jpg?v=1776446548",100,100
7268071276683,Tecido Para Área Externa Gorgurão Waterblock Folhagem Preta,"Tecido indicado para estofados, poltronas, almofadas e também para colar em paredes. O Waterblock é um tecido resinado ideal para áreas externas, pois é impermeável e emborrachado. Possui Proteção UV e anti-mofo. Largura: 1,40 Metros Peso: 170 gramas/m2 Composição: 70% algodão 30% poliester Acabamento: Emborrachado(impermeável) gramas/m2 • É resistente à água, o que o torna adequado para uso como externas ou com risco de umidade. • É fácil de limpar e manter, o que o torna uma boa opção para áreas de uso frequente. • Projetado para bloqueio de luz e UV, o que o torna adequado para uso como cobertura. • É resistente a rasgos e abrasão, o que o torna adequado para uso como de tráfego intenso. • Pode ser projetado para resistir a fungos e bactérias, o que o torna adequado para uso como de saúde.",in stock,new,49.98 BRL,https://torretecidos.com.br/products/tecido-para-area-externa-waterblock-folhagem-preta,https://cdn.shopify.com/s/files/1/0620/8038/5163/products/9254.jpg?v=1706973337,Döhler,"https://cdn.shopify.com/s/files/1/0620/8038/5163/products/9255.jpg?v=1715697452,https://cdn.shopify.com/s/files/1/0620/8038/5163/products/9256.jpg?v=1715697452,https://cdn.shopify.com/s/files/1/0620/8038/5163/files/poltrona_less_reflection_815e5751-24cd-4831-aaa2-4ebbb9da6568.jpg?v=1728488134",100,100
7268071309451,Tecido Para Área Externa Gorgurão Waterblock Dália Tiffany,"Tecido indicado para estofados, poltronas, almofadas e também para colar em paredes. O Waterblock é um tecido resinado ideal para áreas externas, pois é impermeável e emborrachado. Possui Proteção UV e anti-mofo. Largura: 1,40 Metros Peso: 170 gramas/m2 Composição: 70% algodão 30% poliester Acabamento: Emborrachado(impermeável) gramas/m2 • É resistente à água, o que o torna adequado para uso como externas ou com risco de umidade. • É fácil de limpar e manter, o que o torna uma boa opção para áreas de uso frequente. • Projetado para bloqueio de luz e UV, o que o torna adequado para uso como cobertura. • É resistente a rasgos e abrasão, o que o torna adequado para uso como de tráfego intenso. • Pode ser projetado para resistir a fungos e bactérias, o que o torna adequado para uso como de saúde.",in stock,new,49.98 BRL,https://torretecidos.com.br/products/tecido-para-area-externa-waterblock-dalia-tiffany,https://cdn.shopify.com/s/files/1/0620/8038/5163/files/cb3fae2004e8b6eb979c798fb4cf0d9b.jpg?v=1776451698,Döhler,"https://cdn.shopify.com/s/files/1/0620/8038/5163/products/10791.jpg?v=1776451699,https://cdn.shopify.com/s/files/1/0620/8038/5163/products/10792.jpg?v=1776451699",100,100
7268071342219,Tecido Para Área Externa Gorgurão Waterblock Costela de Adão Fendi,"O Tecido Vem Inteiro? • SIM Tecido indicado para estofados, poltronas, almofadas e também para colar em paredes. O Waterblock é um tecido resinado ideal para áreas externas, pois é impermeável e emborrachado. Possui Proteção UV e anti-mofo. Largura: 1,40 Metros Peso: 170 gramas/m2 Composição: 70% algodão 30% poliester Acabamento: Emborrachado(impermeável) gramas/m2 • É resistente à água, o que o torna adequado para uso como externas ou com risco de umidade. • É fácil de limpar e manter, o que o torna uma boa opção para áreas de uso frequente. • Projetado para bloqueio de luz e UV, o que o torna adequado para uso como cobertura. • É resistente a rasgos e abrasão, o que o torna adequado para uso como de tráfego intenso. • Pode ser projetado para resistir a fungos e bactérias, o que o torna adequado para uso como de saúde.",in stock,new,49.98 BRL,https://torretecidos.com.br/products/tecido-para-area-externa-waterblock-costela-de-adao-fendi,https://cdn.shopify.com/s/files/1/0620/8038/5163/files/762181f1f8a7abf5da35bdaefbb5284b.jpg?v=1776371829,Döhler,"https://cdn.shopify.com/s/files/1/0620/8038/5163/products/9266.jpg?v=1776371830,https://cdn.shopify.com/s/files/1/0620/8038/5163/products/9267.jpg?v=1776371831,https://cdn.shopify.com/s/files/1/0620/8038/5163/products/9268.jpg?v=1776371831",100,100
7268071440523,Tecido Para Área Externa Gorgurão Waterblock Trançado Pequeno Bege,"Tecido indicado para estofados, poltronas, almofadas e também para colar em paredes. O Waterblock é um tecido resinado ideal para áreas externas, pois é impermeável e emborrachado. Possui Proteção UV e anti-mofo. Largura: 1,40 Metros Peso: 170 gramas/m2 Composição: 70% algodão 30% poliester Acabamento: Emborrachado(impermeável) Criação de um ambiente natural: A estampa de palhas trançadas pode ajudar a criar um ambiente mais natural e fresco, pois as imagens de palhas trançadas podem evocar sensações de natureza e simplicidade. Adição de textura: A estampa de palhas trançadas pode adicionar textura e interesse visual a um espaço, especialmente quando combinada com outros materiais e texturas. Tema rústico: A estampa de palhas trançadas pode ser usada como uma forma de criar um tema rústico em um quarto ou em toda a casa, para criar uma sensação de simplicidade e aconchego. Adição de natureza: A estampa de palhas trançadas pode ser uma forma de trazer a natureza para dentro do ambiente, sem precisar se preocupar com a manutenção de plantas reais. Versatilidade: A estampa de palhas trançadas pode ser usada em diferentes estilos de decoração, desde o rústico ao contemporâneo, e combinada com outros elementos decorativos. Estilo eco-friendly: As palhas trançadas são geralmente feitas de materiais naturais, como junco, vime ou bambu, e a estampa de palhas trançadas pode ser uma forma de incorporar elementos eco-friendly na decoração. Adição de calor: A estampa de palhas trançadas tem um ar de aconchego e pode ser usada para adicionar calor e conforto em ambientes frios ou com pouca iluminação. gramas/m2 • É resistente à água, o que o torna adequado para uso como externas ou com risco de umidade. • É fácil de limpar e manter, o que o torna uma boa opção para áreas de uso frequente. • Projetado para bloqueio de luz e UV, o que o torna adequado para uso como cobertura. • É resistente a rasgos e abrasão, o que o torna adequado para uso como de tráfego intenso. • Pode ser projetado para resistir a fungos e bactérias, o que o torna adequado para uso como de saúde.",in stock,new,49.98 BRL,https://torretecidos.com.br/products/tecido-para-area-externa-waterblock-trancado-pequeno-bege,https://cdn.shopify.com/s/files/1/0620/8038/5163/products/9273.jpg?v=1715777280,Döhler,"https://cdn.shopify.com/s/files/1/0620/8038/5163/products/9272.jpg?v=1715777280,https://cdn.shopify.com/s/files/1/0620/8038/5163/files/poltrona_less_reflection_feb3819a-4d13-4a2d-b8ca-0baa8efc1bb6.jpg?v=1728487901",100,100
7268071506059,Tecido Para Área Externa Gorgurão Waterblock Trançado Pequeno Marfim,"Tecido indicado para estofados, poltronas, almofadas e também para colar em paredes. O Waterblock é um tecido resinado ideal para áreas externas, pois é impermeável e emborrachado. Possui Proteção UV e anti-mofo. Largura: 1,40 Metros Peso: 170 gramas/m2 Composição: 70% algodão 30% poliester Acabamento: Emborrachado(impermeável) Criação de um ambiente natural: A estampa de palhas trançadas pode ajudar a criar um ambiente mais natural e fresco, pois as imagens de palhas trançadas podem evocar sensações de natureza e simplicidade. Adição de textura: A estampa de palhas trançadas pode adicionar textura e interesse visual a um espaço, especialmente quando combinada com outros materiais e texturas. Tema rústico: A estampa de palhas trançadas pode ser usada como uma forma de criar um tema rústico em um quarto ou em toda a casa, para criar uma sensação de simplicidade e aconchego. Adição de natureza: A estampa de palhas trançadas pode ser uma forma de trazer a natureza para dentro do ambiente, sem precisar se preocupar com a manutenção de plantas reais. Versatilidade: A estampa de palhas trançadas pode ser usada em diferentes estilos de decoração, desde o rústico ao contemporâneo, e combinada com outros elementos decorativos. Estilo eco-friendly: As palhas trançadas são geralmente feitas de materiais naturais, como junco, vime ou bambu, e a estampa de palhas trançadas pode ser uma forma de incorporar elementos eco-friendly na decoração. Adição de calor: A estampa de palhas trançadas tem um ar de aconchego e pode ser usada para adicionar calor e conforto em ambientes frios ou com pouca iluminação. gramas/m2 • É resistente à água, o que o torna adequado para uso como externas ou com risco de umidade. • É fácil de limpar e manter, o que o torna uma boa opção para áreas de uso frequente. • Projetado para bloqueio de luz e UV, o que o torna adequado para uso como cobertura. • É resistente a rasgos e abrasão, o que o torna adequado para uso como de tráfego intenso. • Pode ser projetado para resistir a fungos e bactérias, o que o torna adequado para uso como de saúde.",in stock,new,49.98 BRL,https://torretecidos.com.br/products/tecido-para-area-externa-waterblock-trancado-pequeno-marfim,https://cdn.shopify.com/s/files/1/0620/8038/5163/products/9277.jpg?v=1715777182,Döhler,"https://cdn.shopify.com/s/files/1/0620/8038/5163/products/9276.jpg?v=1715777182,https://cdn.shopify.com/s/files/1/0620/8038/5163/files/poltrona_less_reflection_34fc68dc-d9f2-4df2-8053-12cb0d4e3de1.jpg?v=1728487936",100,100
7268071637131,Tecido Para Área Externa Gorgurão Waterblock Folhagem Bege,"Tecido indicado para estofados, poltronas, almofadas e também para colar em paredes. O Waterblock é um tecido resinado ideal para áreas externas, pois é impermeável e emborrachado. Possui Proteção UV e anti-mofo. Largura: 1,40 Metros Peso: 170 gramas/m2 Composição: 70% algodão 30% poliester Acabamento: Emborrachado(impermeável) gramas/m2 • É resistente à água, o que o torna adequado para uso como externas ou com risco de umidade. • É fácil de limpar e manter, o que o torna uma boa opção para áreas de uso frequente. • Projetado para bloqueio de luz e UV, o que o torna adequado para uso como cobertura. • É resistente a rasgos e abrasão, o que o torna adequado para uso como de tráfego intenso. • Pode ser projetado para resistir a fungos e bactérias, o que o torna adequado para uso como de saúde.",in stock,new,49.98 BRL,https://torretecidos.com.br/products/tecido-para-area-externa-waterblock-folhagem-bege,https://cdn.shopify.com/s/files/1/0620/8038/5163/files/5e0f24fe66d52e4e20060b47071f0865.jpg?v=1776446617,Döhler,"https://cdn.shopify.com/s/files/1/0620/8038/5163/products/9280.jpg?v=1776446618,https://cdn.shopify.com/s/files/1/0620/8038/5163/products/9281.jpg?v=1776446619,https://cdn.shopify.com/s/files/1/0620/8038/5163/products/9282.jpg?v=1776446619",100,100
7268071702667,Tecido Para Área Externa Gorgurão Waterblock Geométrico Bege,"Tecido indicado para estofados, poltronas, almofadas e também para colar em paredes. O Waterblock é um tecido resinado ideal para áreas externas, pois é impermeável e emborrachado. Possui Proteção UV e anti-mofo. Largura: 1,40 Metros Peso: 170 gramas/m2 Composição: 70% algodão 30% poliester Acabamento: Emborrachado(impermeável) gramas/m2 • É resistente à água, o que o torna adequado para uso como externas ou com risco de umidade. • É fácil de limpar e manter, o que o torna uma boa opção para áreas de uso frequente. • Projetado para bloqueio de luz e UV, o que o torna adequado para uso como cobertura. • É resistente a rasgos e abrasão, o que o torna adequado para uso como de tráfego intenso. • Pode ser projetado para resistir a fungos e bactérias, o que o torna adequado para uso como de saúde.",in stock,new,49.98 BRL,https://torretecidos.com.br/products/tecido-para-area-externa-waterblock-geometrico-bege,https://cdn.shopify.com/s/files/1/0620/8038/5163/files/e2848c289915f00b7c039f2ae0014f46.jpg?v=1776446061,Döhler,"https://cdn.shopify.com/s/files/1/0620/8038/5163/products/9296.jpg?v=1776446061,https://cdn.shopify.com/s/files/1/0620/8038/5163/products/9297.jpg?v=1776446062,https://cdn.shopify.com/s/files/1/0620/8038/5163/products/9298.jpg?v=1776446063",100,100
7268071800971,Tecido Para Área Externa Gorgurão Waterblock Lírio Marrom,"Tecido indicado para estofados, poltronas, almofadas e também para colar em paredes. O Waterblock é um tecido resinado ideal para áreas externas, pois é impermeável e emborrachado. Possui Proteção UV e anti-mofo. Largura: 1,40 Metros Peso: 170 gramas/m2 Composição: 70% algodão 30% poliester Acabamento: Emborrachado(impermeável) gramas/m2 • É resistente à água, o que o torna adequado para uso como externas ou com risco de umidade. • É fácil de limpar e manter, o que o torna uma boa opção para áreas de uso frequente. • Projetado para bloqueio de luz e UV, o que o torna adequado para uso como cobertura. • É resistente a rasgos e abrasão, o que o torna adequado para uso como de tráfego intenso. • Pode ser projetado para resistir a fungos e bactérias, o que o torna adequado para uso como de saúde.",in stock,new,49.98 BRL,https://torretecidos.com.br/products/tecido-para-area-externa-waterblock-lirio-marrom,https://cdn.shopify.com/s/files/1/0620/8038/5163/products/9302.jpg?v=1706973419,Döhler,"https://cdn.shopify.com/s/files/1/0620/8038/5163/products/9303.jpg?v=1715698621,https://cdn.shopify.com/s/files/1/0620/8038/5163/products/9304.jpg?v=1715698621,https://cdn.shopify.com/s/files/1/0620/8038/5163/files/poltrona_less_reflection_2df09a17-9a87-43d9-a057-066a398aa8a1.jpg?v=1728487745",100,100
7268071899275,Tecido Para Área Externa Gorgurão Waterblock Costela de Adão Tiffany,"Tecido indicado para estofados, poltronas, almofadas e também para colar em paredes. O Waterblock é um tecido resinado ideal para áreas externas, pois é impermeável e emborrachado. Possui Proteção UV e anti-mofo. Largura: 1,40 Metros Peso: 170 gramas/m2 Composição: 70% algodão 30% poliester Acabamento: Emborrachado(impermeável) gramas/m2 • É resistente à água, o que o torna adequado para uso como externas ou com risco de umidade. • É fácil de limpar e manter, o que o torna uma boa opção para áreas de uso frequente. • Projetado para bloqueio de luz e UV, o que o torna adequado para uso como cobertura. • É resistente a rasgos e abrasão, o que o torna adequado para uso como de tráfego intenso. • Pode ser projetado para resistir a fungos e bactérias, o que o torna adequado para uso como de saúde.",in stock,new,49.98 BRL,https://torretecidos.com.br/products/tecido-para-area-externa-waterblock-costela-de-adao-tiffany,https://cdn.shopify.com/s/files/1/0620/8038/5163/files/e8f135bab34c057aabf20c748ccb6906.jpg?v=1776451583,Döhler,"https://cdn.shopify.com/s/files/1/0620/8038/5163/products/9320.jpg?v=1776451584,https://cdn.shopify.com/s/files/1/0620/8038/5163/products/9321.jpg?v=1776451585,https://cdn.shopify.com/s/files/1/0620/8038/5163/products/9322.jpg?v=1776451585",100,100
7268071964811,Tecido Para Área Externa Gorgurão Waterblock Labirinto Azul,"Tecido indicado para estofados, poltronas, almofadas e também para colar em paredes. O Waterblock é um tecido resinado ideal para áreas externas, pois é impermeável e emborrachado. Possui Proteção UV e anti-mofo. Largura: 1,40 Metros Peso: 170 gramas/m2 Composição: 70% algodão 30% poliester Acabamento: Emborrachado(impermeável) gramas/m2 • É resistente à água, o que o torna adequado para uso como externas ou com risco de umidade. • É fácil de limpar e manter, o que o torna uma boa opção para áreas de uso frequente. • Projetado para bloqueio de luz e UV, o que o torna adequado para uso como cobertura. • É resistente a rasgos e abrasão, o que o torna adequado para uso como de tráfego intenso. • Pode ser projetado para resistir a fungos e bactérias, o que o torna adequado para uso como de saúde.",in stock,new,49.98 BRL,https://torretecidos.com.br/products/tecido-para-area-externa-waterblock-labirinto-azul,https://cdn.shopify.com/s/files/1/0620/8038/5163/files/4474c2318c9f1080984b0d8e5ef58580.jpg?v=1776445375,Döhler,"https://cdn.shopify.com/s/files/1/0620/8038/5163/products/9326.jpg?v=1776445376,https://cdn.shopify.com/s/files/1/0620/8038/5163/products/9328.jpg?v=1776445376,https://cdn.shopify.com/s/files/1/0620/8038/5163/products/9327.jpg?v=1776445377",100,100
7268072063115,Tecido Para Área Externa Gorgurão Waterblock Folhas de Eucalipto Tiffany,"Tecido indicado para estofados, poltronas, almofadas e também para colar em paredes. O Waterblock é um tecido resinado ideal para áreas externas, pois é impermeável e emborrachado. Possui Proteção UV e anti-mofo. Largura: 1,40 Metros Peso: 170 gramas/m2 Composição: 70% algodão 30% poliester Acabamento: Emborrachado(impermeável) gramas/m2 • É resistente à água, o que o torna adequado para uso como externas ou com risco de umidade. • É fácil de limpar e manter, o que o torna uma boa opção para áreas de uso frequente. • Projetado para bloqueio de luz e UV, o que o torna adequado para uso como cobertura. • É resistente a rasgos e abrasão, o que o torna adequado para uso como de tráfego intenso. • Pode ser projetado para resistir a fungos e bactérias, o que o torna adequado para uso como de saúde.",in stock,new,49.98 BRL,https://torretecidos.com.br/products/tecido-para-area-externa-waterblock-folhas-de-eucalipto-tiffany,https://cdn.shopify.com/s/files/1/0620/8038/5163/files/d63429a8eed6fc645ca07f2f1b516110.jpg?v=1776446484,Döhler,"https://cdn.shopify.com/s/files/1/0620/8038/5163/products/9332.jpg?v=1776446485,https://cdn.shopify.com/s/files/1/0620/8038/5163/products/9333.jpg?v=1776446486,https://cdn.shopify.com/s/files/1/0620/8038/5163/products/9334.jpg?v=1776446486",100,100
7268072128651,Tecido Para Área Externa Gorgurão Waterblock Geométrico Azul,"Tecido indicado para estofados, poltronas, almofadas e também para colar em paredes. O Waterblock é um tecido resinado ideal para áreas externas, pois é impermeável e emborrachado. Possui Proteção UV e anti-mofo. Largura: 1,40 Metros Peso: 170 gramas/m2 Composição: 70% algodão 30% poliester Acabamento: Emborrachado(impermeável) gramas/m2 • É resistente à água, o que o torna adequado para uso como externas ou com risco de umidade. • É fácil de limpar e manter, o que o torna uma boa opção para áreas de uso frequente. • Projetado para bloqueio de luz e UV, o que o torna adequado para uso como cobertura. • É resistente a rasgos e abrasão, o que o torna adequado para uso como de tráfego intenso. • Pode ser projetado para resistir a fungos e bactérias, o que o torna adequado para uso como de saúde.",in stock,new,49.98 BRL,https://torretecidos.com.br/products/tecido-para-area-externa-waterblock-geometrico-azul,https://cdn.shopify.com/s/files/1/0620/8038/5163/files/7fd960e02572a5b6e5db8fa6f722feec.jpg?v=1776446136,Döhler,"https://cdn.shopify.com/s/files/1/0620/8038/5163/products/9338.jpg?v=1776446137,https://cdn.shopify.com/s/files/1/0620/8038/5163/products/9339.jpg?v=1776446138,https://cdn.shopify.com/s/files/1/0620/8038/5163/products/9340.jpg?v=1776446138",100,100
7268072194187,Tecido Para Área Externa Gorgurão Waterblock Floral Peônias,"Tecido indicado para estofados, poltronas, almofadas e também para colar em paredes. O Waterblock é um tecido resinado ideal para áreas externas, pois é impermeável e emborrachado. Possui Proteção UV e anti-mofo. Largura: 1,40 Metros Peso: 170 gramas/m2 Composição: 70% algodão 30% poliester Acabamento: Emborrachado(impermeável) gramas/m2 • É resistente à água, o que o torna adequado para uso como externas ou com risco de umidade. • É fácil de limpar e manter, o que o torna uma boa opção para áreas de uso frequente. • Projetado para bloqueio de luz e UV, o que o torna adequado para uso como cobertura. • É resistente a rasgos e abrasão, o que o torna adequado para uso como de tráfego intenso. • Pode ser projetado para resistir a fungos e bactérias, o que o torna adequado para uso como de saúde.",in stock,new,49.98 BRL,https://torretecidos.com.br/products/tecido-para-area-externa-waterblock-floral-peonias,https://cdn.shopify.com/s/files/1/0620/8038/5163/products/9344.jpg?v=1776447223,Döhler,"https://cdn.shopify.com/s/files/1/0620/8038/5163/products/9345.jpg?v=1776447224,https://cdn.shopify.com/s/files/1/0620/8038/5163/products/9346.jpg?v=1776447225",100,100
7268072259723,Gorgurão Ecotec Cacto Tiffany,"Tecido indicado para estofados, poltronas, almofadas e também para colar em paredes. O Acqualine é um tecido resinado ideal para áreas externas, pois é impermeável e emborrachado. Possui Proteção UV e anti-mofo. Largura: 1,40 Metros Peso: 194,27 gramas/m2 Composição: 68% algodão 32% poliester Acabamento: Emborrachado(impermeável) gramas/m2",in stock,new,35.98 BRL,https://torretecidos.com.br/products/tecido-para-area-externa-ecotec-cacto-tiffany,https://cdn.shopify.com/s/files/1/0620/8038/5163/products/9351.jpg?v=1706973498,Imetextil - Textil Irineu Meneghel Ltda.,"https://cdn.shopify.com/s/files/1/0620/8038/5163/products/9352.jpg?v=1706973498,https://cdn.shopify.com/s/files/1/0620/8038/5163/products/9353.jpg?v=1706973498",100,100
7268072325259,Tecido Para Área Externa Gorgurão Waterblock Floral Fendi,"Tecido indicado para estofados, poltronas, almofadas e também para colar em paredes. O Waterblock é um tecido resinado ideal para áreas externas, pois é impermeável e emborrachado. Possui Proteção UV e anti-mofo. Largura: 1,40 Metros Peso: 170 gramas/m2 Composição: 70% algodão 30% poliester Acabamento: Emborrachado(impermeável) gramas/m2 • É resistente à água, o que o torna adequado para uso como externas ou com risco de umidade. • É fácil de limpar e manter, o que o torna uma boa opção para áreas de uso frequente. • Projetado para bloqueio de luz e UV, o que o torna adequado para uso como cobertura. • É resistente a rasgos e abrasão, o que o torna adequado para uso como de tráfego intenso. • Pode ser projetado para resistir a fungos e bactérias, o que o torna adequado para uso como de saúde.",in stock,new,49.98 BRL,https://torretecidos.com.br/products/tecido-para-area-externa-waterblock-floral-fendi,https://cdn.shopify.com/s/files/1/0620/8038/5163/products/9363.jpg?v=1706973510,Döhler,"https://cdn.shopify.com/s/files/1/0620/8038/5163/products/9364.jpg?v=1715708096,https://cdn.shopify.com/s/files/1/0620/8038/5163/products/9365.jpg?v=1715708096,https://cdn.shopify.com/s/files/1/0620/8038/5163/files/poltrona_less_reflection_8b43ce5f-f14a-4799-b2f6-a50f2ed84f20.jpg?v=1728487711",100,100
7268072390795,Tecido Para Área Externa Gorgurão Waterblock Liso Fendi,"Tecido indicado para estofados, poltronas, almofadas e também para colar em paredes. O Waterblock é um tecido resinado ideal para áreas externas, pois é impermeável e emborrachado. Possui Proteção UV e anti-mofo. Largura: 1,40 Metros Peso: 170 gramas/m2 Composição: 70% algodão 30% poliester Acabamento: Emborrachado(impermeável) gramas/m2 • É resistente à água, o que o torna adequado para uso como externas ou com risco de umidade. • É fácil de limpar e manter, o que o torna uma boa opção para áreas de uso frequente. • Projetado para bloqueio de luz e UV, o que o torna adequado para uso como cobertura. • É resistente a rasgos e abrasão, o que o torna adequado para uso como de tráfego intenso. • Pode ser projetado para resistir a fungos e bactérias, o que o torna adequado para uso como de saúde.",in stock,new,49.98 BRL,https://torretecidos.com.br/products/tecido-para-area-externa-waterblock-liso-fendi,https://cdn.shopify.com/s/files/1/0620/8038/5163/products/10860.jpg?v=1776371036,Döhler,https://cdn.shopify.com/s/files/1/0620/8038/5163/products/10861.jpg?v=1776371037,100,100
7268072489099,Tecido Para Área Externa Gorgurão Waterblock Liso Chumbo,"Tecido indicado para estofados, poltronas, almofadas e também para colar em paredes. O Waterblock é um tecido resinado ideal para áreas externas, pois é impermeável e emborrachado. Possui Proteção UV e anti-mofo. Largura: 1,40 Metros Peso: 170 gramas/m2 Composição: 70% algodão 30% poliester Acabamento: Emborrachado(impermeável) gramas/m2 • É resistente à água, o que o torna adequado para uso como externas ou com risco de umidade. • É fácil de limpar e manter, o que o torna uma boa opção para áreas de uso frequente. • Projetado para bloqueio de luz e UV, o que o torna adequado para uso como cobertura. • É resistente a rasgos e abrasão, o que o torna adequado para uso como de tráfego intenso. • Pode ser projetado para resistir a fungos e bactérias, o que o torna adequado para uso como de saúde.",in stock,new,49.98 BRL,https://torretecidos.com.br/products/tecido-para-area-externa-waterblock-liso-chumbo,https://cdn.shopify.com/s/files/1/0620/8038/5163/files/bd012b4e71b24a350159c21175f0ce54.jpg?v=1776371127,Döhler,"https://cdn.shopify.com/s/files/1/0620/8038/5163/products/9377.jpg?v=1776371128,https://cdn.shopify.com/s/files/1/0620/8038/5163/products/9376.jpg?v=1776371129",100,100
7268072554635,Algodão Cotone Xadrez preto/branco,"Tecido para decoração indicado para estofados como sofás, poltronas, almofadas e também para colar em paredes. Largura: 1,40m Peso: 266 gramas/m2 Composição: 100%Algodão É uma estampa versátil e pode ser usada em uma variedade de estilos de decoração, desde o clássico até o moderno. É uma estampa icônica que tem sido popular por décadas, o que significa que é fácil de encontrar em acessórios de decoração e tecidos. A estampa de xadrez pode ser usada para criar uma aparência rústica e acolhedora, especialmente quando combinada com cores quentes e materiais naturais. Pode ser usada para criar um contraste interessante com outras estampas ou cores mais fortes, adicionando profundidade e interesse visual ao espaço. Pode ser usada para adicionar um toque de personalidade e caráter a um espaço, especialmente quando combinada com peças vintage ou antigas.",in stock,new,55.98 BRL,https://torretecidos.com.br/products/tecido-para-sofa-algodao-cotone-xadrez-preto-branco,https://cdn.shopify.com/s/files/1/0620/8038/5163/products/9390.jpg?v=1706973542,Tecidos Fiama,"https://cdn.shopify.com/s/files/1/0620/8038/5163/products/9388.jpg?v=1706973542,https://cdn.shopify.com/s/files/1/0620/8038/5163/products/9389.jpg?v=1706973542",100,100
7268072587403,Algodão Cotone Listrado Crú/Cinza,"Tecido para decoração indicado para estofados como sofás, poltronas, almofadas e também para colar em paredes. Largura: 1,40m Peso: 266 gramas/m2 Composição: 100%Algodão",in stock,new,55.98 BRL,https://torretecidos.com.br/products/tecido-para-sofa-algodao-cotone-listrado-cru-cinza,https://cdn.shopify.com/s/files/1/0620/8038/5163/products/9394.jpg?v=1706973555,Tecidos Fiama,"https://cdn.shopify.com/s/files/1/0620/8038/5163/products/9395.jpg?v=1706973555,https://cdn.shopify.com/s/files/1/0620/8038/5163/products/9396.jpg?v=1706973555",100,100
7268072652939,Algodão Cotone Lírio Azul,"Tecido para decoração indicado para estofados como sofás, poltronas, almofadas e também para colar em paredes. Largura: 1,40m Peso: 266 gramas/m2 Composição: 100%Algodão",in stock,new,55.98 BRL,https://torretecidos.com.br/products/tecido-para-sofa-algodao-cotone-lirio-azul,https://cdn.shopify.com/s/files/1/0620/8038/5163/products/9418.jpg?v=1706973567,Tecidos Fiama,"https://cdn.shopify.com/s/files/1/0620/8038/5163/products/9419.jpg?v=1706973567,https://cdn.shopify.com/s/files/1/0620/8038/5163/products/9420.jpg?v=1706973567",100,100
7268072685707,Algodão Cotone Lírio Bege,"Tecido para decoração indicado para estofados como sofás, poltronas, almofadas e também para colar em paredes. Largura: 1,40m Peso: 266 gramas/m2 Composição: 100%Algodão",in stock,new,55.98 BRL,https://torretecidos.com.br/products/tecido-para-sofa-algodao-cotone-lirio-bege,https://cdn.shopify.com/s/files/1/0620/8038/5163/products/9425.jpg?v=1706973580,Tecidos Fiama,"https://cdn.shopify.com/s/files/1/0620/8038/5163/products/9424.jpg?v=1706973580,https://cdn.shopify.com/s/files/1/0620/8038/5163/products/9426.jpg?v=1706973580",100,100
7268072751243,Algodão Cotone Lírio Cinza,"Tecido para decoração indicado para estofados como sofás, poltronas, almofadas e também para colar em paredes. Largura: 1,40m Peso: 266 gramas/m2 Composição: 100%Algodão",in stock,new,55.98 BRL,https://torretecidos.com.br/products/tecido-para-sofa-algodao-cotone-lirio-cinza,https://cdn.shopify.com/s/files/1/0620/8038/5163/products/9430.jpg?v=1706973592,Tecidos Fiama,"https://cdn.shopify.com/s/files/1/0620/8038/5163/products/9431.jpg?v=1706973592,https://cdn.shopify.com/s/files/1/0620/8038/5163/products/9432.jpg?v=1706973592",100,100
7268072784011,Tecido Para Sofá Veludo Cotelê Rose,"Com 1,40m de largura. Este veludo é indicado para todos os tipos de estofados, incluindo sofás, cadeiras e poltronas. Peso: 260 gramas/m2 Composição: 100%Poliester Largua: 1,40M Cuidados: gramas/m2",in stock,new,43.98 BRL,https://torretecidos.com.br/products/tecido-para-sofa-veludo-cotele-rose,https://cdn.shopify.com/s/files/1/0620/8038/5163/products/9438.jpg?v=1706973604,Tellaio,"https://cdn.shopify.com/s/files/1/0620/8038/5163/products/9436.jpg?v=1706973604,https://cdn.shopify.com/s/files/1/0620/8038/5163/products/9437.jpg?v=1706973604",100,100
7268072849547,Tecido Para Sofá Veludo Cotelê Marrom,"Com 1,40m de largura. Este veludo é indicado para todos os tipos de estofados, incluindo sofás, cadeiras e poltronas. Peso: 260 gramas/m2 Composição: 100%Poliester Largua: 1,40M Cuidados: gramas/m2",in stock,new,43.98 BRL,https://torretecidos.com.br/products/tecido-para-sofa-veludo-cotele-marrom,https://cdn.shopify.com/s/files/1/0620/8038/5163/products/11286.jpg?v=1706973614,Tellaio,https://cdn.shopify.com/s/files/1/0620/8038/5163/products/11287.jpg?v=1706973614,100,100
7268072947851,Tecido Para Sofá Veludo Cotelê Azul Marinho,"Com 1,40m de largura. Este veludo é indicado para todos os tipos de estofados, incluindo sofás, cadeiras e poltronas. Peso: 260 gramas/m2 Composição: 100%Poliester Largua: 1,40M Cuidados: gramas/m2",in stock,new,43.98 BRL,https://torretecidos.com.br/products/tecido-para-sofa-veludo-cotele-azul-marinho,https://cdn.shopify.com/s/files/1/0620/8038/5163/products/9456.jpg?v=1706973625,Tellaio,"https://cdn.shopify.com/s/files/1/0620/8038/5163/products/9454.jpg?v=1706973625,https://cdn.shopify.com/s/files/1/0620/8038/5163/products/9455.jpg?v=1706973625",100,100
7268072980619,Tecido Para Sofá Veludo Cotelê Ocre,"Com 1,40m de largura. Este veludo é indicado para todos os tipos de estofados, incluindo sofás, cadeiras e poltronas. Peso: 260 gramas/m2 Composição: 100%Poliester Largua: 1,40M Cuidados: gramas/m2",in stock,new,43.98 BRL,https://torretecidos.com.br/products/tecido-para-sofa-veludo-cotele-ocre,https://cdn.shopify.com/s/files/1/0620/8038/5163/products/11289.jpg?v=1706973634,Tellaio,https://cdn.shopify.com/s/files/1/0620/8038/5163/products/11290.jpg?v=1706973634,100,100
7268073046155,Tecido Para Sofá Veludo Cotelê Grafite,"Com 1,40m de largura. Este veludo é indicado para todos os tipos de estofados, incluindo sofás, cadeiras e poltronas. Peso: 260 gramas/m2 Composição: 100%Poliester Largua: 1,40M Cuidados: gramas/m2",in stock,new,43.98 BRL,https://torretecidos.com.br/products/tecido-para-sofa-veludo-cotele-grafite,https://cdn.shopify.com/s/files/1/0620/8038/5163/products/9474.jpg?v=1706973642,Tellaio,"https://cdn.shopify.com/s/files/1/0620/8038/5163/products/9472.jpg?v=1706973642,https://cdn.shopify.com/s/files/1/0620/8038/5163/products/9473.jpg?v=1706973642",100,100
7268073078923,Tecido Para Sofá Veludo Cotelê Marsala,"Com 1,40m de largura. Este veludo é indicado para todos os tipos de estofados, incluindo sofás, cadeiras e poltronas. Peso: 260 gramas/m2 Composição: 100%Poliester Largua: 1,40M Cuidados: gramas/m2",in stock,new,43.98 BRL,https://torretecidos.com.br/products/tecido-para-sofa-veludo-cotele-marsala,https://cdn.shopify.com/s/files/1/0620/8038/5163/products/11041.jpg?v=1706973654,Tellaio,"https://cdn.shopify.com/s/files/1/0620/8038/5163/products/11039.jpg?v=1706973654,https://cdn.shopify.com/s/files/1/0620/8038/5163/products/11040.jpg?v=1706973654",100,100
7268073144459,Tecido Para Sofá Veludo Cotelê Preto,"Com 1,40m de largura. Este veludo é indicado para todos os tipos de estofados, incluindo sofás, cadeiras e poltronas. Peso: 260 gramas/m2 Composição: 100%Poliester Largua: 1,40M Cuidados: gramas/m2",in stock,new,43.98 BRL,https://torretecidos.com.br/products/tecido-para-sofa-veludo-cotele-preto,https://cdn.shopify.com/s/files/1/0620/8038/5163/products/9486.jpg?v=1706973666,Tellaio,"https://cdn.shopify.com/s/files/1/0620/8038/5163/products/9484.jpg?v=1706973666,https://cdn.shopify.com/s/files/1/0620/8038/5163/products/9485.jpg?v=1706973666",100,100
7268073242763,Tecido Para Cortina Voil Rústico Tela Pesado Fendi,"Com 3,00m de largura. Tecido indicado para a confecção de cortinas. Tecido à pronta entrega. Peso: 190 gramas/m2 Composição: 90%poliester 10%linho. gramas/m2",in stock,new,59.98 BRL,https://torretecidos.com.br/products/tecido-para-cortina-voil-rustico-tela-pesado-fendi,https://cdn.shopify.com/s/files/1/0620/8038/5163/products/9564.jpg?v=1706973686,Corttex Indústria Têxtil,"https://cdn.shopify.com/s/files/1/0620/8038/5163/products/9563.jpg?v=1706973686,https://cdn.shopify.com/s/files/1/0620/8038/5163/products/9565.jpg?v=1706973686",100,100
7268073308299,Tecido Para Cortina Voil Rústico Tela Pesado Cinza,"Com 3,00m de largura. Tecido indicado para a confecção de cortinas. Tecido à pronta entrega. Peso: 190 gramas/m2 Composição: 90%poliester 10%linho. gramas/m2",in stock,new,59.98 BRL,https://torretecidos.com.br/products/tecido-para-cortina-voil-rustico-tela-pesado-cinza,https://cdn.shopify.com/s/files/1/0620/8038/5163/products/9571.jpg?v=1706973694,Corttex Indústria Têxtil,"https://cdn.shopify.com/s/files/1/0620/8038/5163/products/9569.jpg?v=1706973694,https://cdn.shopify.com/s/files/1/0620/8038/5163/products/9570.jpg?v=1706973694",100,100
7268073439371,Tecido Para Sofá Veludo Vellus Gobelem Egipcio Cinza,"Com 1,45m de largura. Tecido indicado para estofados. Esse veludo é estampado usando tecnologia alemã de transfer, o que garante altissíma definição na estampa. Largura: 1,45 Metros Peso: 280 gramas/m2 Composição: 100%Poliester gramas/m2 ***VALOR REFERENTE A 1 METRO DE TECIDO*** Enviamos sempre sem cortes, 2 unidades serão 2 metros sem cortes.",in stock,new,54.98 BRL,https://torretecidos.com.br/products/tecido-para-sofa-veludo-vellus-gobelem-egipcio-cinza,https://cdn.shopify.com/s/files/1/0620/8038/5163/products/9612.jpg?v=1706973724,Texpoint,"https://cdn.shopify.com/s/files/1/0620/8038/5163/products/9614.jpg?v=1706973724,https://cdn.shopify.com/s/files/1/0620/8038/5163/products/9615.jpg?v=1706973724,https://cdn.shopify.com/s/files/1/0620/8038/5163/files/poltrona_less_reflection_e43abe22-5498-409f-86a5-334defc7abfb.jpg?v=1728502351",100,100
7268073537675,Tecido Para Sofá Veludo Vellus Gobelem Egipcio Preto,"Com 1,45m de largura. Tecido indicado para estofados. Esse veludo é estampado usando tecnologia alemã de transfer, o que garante altissíma definição na estampa. Largura: 1,45 Metros Peso: 280 gramas/m2 Composição: 100%Poliester gramas/m2 ***VALOR REFERENTE A 1 METRO DE TECIDO*** Enviamos sempre sem cortes, 2 unidades serão 2 metros sem cortes.",in stock,new,54.98 BRL,https://torretecidos.com.br/products/tecido-para-sofa-veludo-vellus-gobelem-egipcio-preto,https://cdn.shopify.com/s/files/1/0620/8038/5163/products/9625.jpg?v=1706973738,Texpoint,"https://cdn.shopify.com/s/files/1/0620/8038/5163/products/9626.jpg?v=1706973738,https://cdn.shopify.com/s/files/1/0620/8038/5163/products/9627.jpg?v=1706973738,https://cdn.shopify.com/s/files/1/0620/8038/5163/products/9628.jpg?v=1706973738",100,100
7268073603211,Panamá Kazzan Azul Turquesa,"Com 2,90m de largura .É um tecido indicado para confecção de cortinas, forros de mesa, almofadas e colchas de cama, é amplamente utilizado por dispensar o uso do forro quando em uma cortina, pois já bloqueia grande parte da luz por não ser transparente. Composição: 59%algodão 41%Poliester Desenho: liso gramas/m2",in stock,new,45.98 BRL,https://torretecidos.com.br/products/tecido-para-cortina-panama-kazzan-azul-turquesa,https://cdn.shopify.com/s/files/1/0620/8038/5163/products/9638.jpg?v=1706973746,Torre Tecidos,https://cdn.shopify.com/s/files/1/0620/8038/5163/products/9632.jpg?v=1706973746,100,100
7268073635979,Panamá Kazzan Rosê,"Com 2,90m de largura .É um tecido indicado para confecção de cortinas, forros de mesa, almofadas e colchas de cama, é amplamente utilizado por dispensar o uso do forro quando em uma cortina, pois já bloqueia grande parte da luz por não ser transparente. Composição: 59%algodão 41%Poliester Desenho: liso gramas/m2",in stock,new,45.98 BRL,https://torretecidos.com.br/products/tecido-para-cortina-panama-kazzan-rose,https://cdn.shopify.com/s/files/1/0620/8038/5163/products/9636.jpg?v=1706973752,Torre Tecidos,https://cdn.shopify.com/s/files/1/0620/8038/5163/products/9637.jpg?v=1706973752,100,100
7268073701515,Panamá Kazzan Rosa Seco,"Com 2,90m de largura .É um tecido indicado para confecção de cortinas, forros de mesa, almofadas e colchas de cama, é amplamente utilizado por dispensar o uso do forro quando em uma cortina, pois já bloqueia grande parte da luz por não ser transparente. Composição: 59%algodão 41%Poliester Desenho: liso gramas/m2",in stock,new,45.98 BRL,https://torretecidos.com.br/products/tecido-para-cortina-panama-kazzan-rosa-seco,https://cdn.shopify.com/s/files/1/0620/8038/5163/products/9642.jpg?v=1706973759,Torre Tecidos,https://cdn.shopify.com/s/files/1/0620/8038/5163/products/9643.jpg?v=1706973759,100,100
7268073767051,Rústico Linen Camurça,"Rústico Linen Camurça, 1,40m de largura. Tecido indicado para estofados em geral. Peso: 341 gramas/m2 Composição: 1,40m / 100%Poliéster gramas/m2",in stock,new,22.98 BRL,https://torretecidos.com.br/products/tecido-para-sofa-rustico-linen-camurca,https://cdn.shopify.com/s/files/1/0620/8038/5163/products/9650.jpg?v=1706973767,Torre Tecidos,,100,100
7268073799819,Rústico Linen Bege,"Rústico Linen Camurça, 1,40m de largura. Tecido indicado para estofados em geral. Peso: 341 gramas/m2 Composição: 1,40m largura ,100%Poliéster gramas/m2",in stock,new,22.98 BRL,https://torretecidos.com.br/products/tecido-para-sofa-rustico-linen-bege,https://cdn.shopify.com/s/files/1/0620/8038/5163/files/f17fa20a98b85d416ff825afb370a34a.jpg?v=1749300342,Corttex Indústria Têxtil,,100,100
7268073832587,Rústico Linen Marfim,"Rústico Linen Camurça, 1,40m de largura. Tecido indicado para estofados em geral. Peso: 341 gramas/m2 Composição: 100%Poliéster gramas/m2",in stock,new,22.98 BRL,https://torretecidos.com.br/products/tecido-para-sofa-rustico-linen-marfim,https://cdn.shopify.com/s/files/1/0620/8038/5163/products/9662.jpg?v=1706973782,Torre Tecidos,,100,100
7268073898123,Rústico Linen Prata,"Rústico Linen Camurça, 1,40m de largura. Tecido indicado para estofados em geral. Peso: 341 gramas/m2 Composição: 1,40m ,100%Poliéster gramas/m2",in stock,new,22.98 BRL,https://torretecidos.com.br/products/tecido-para-sofa-rustico-linen-prata,https://cdn.shopify.com/s/files/1/0620/8038/5163/products/9671.jpg?v=1706973792,Torre Tecidos,https://cdn.shopify.com/s/files/1/0620/8038/5163/products/9672.jpg?v=1706973792,100,100
7268073963659,Rústico Linen Palha,"Rústico Linen Camurça, 1,40m de largura. Tecido indicado para estofados em geral. Peso: 341 gramas/m2 Composição:1,40m largura, 100%Poliéster gramas/m2",in stock,new,22.98 BRL,https://torretecidos.com.br/products/tecido-para-sofa-rustico-linen-palha,https://cdn.shopify.com/s/files/1/0620/8038/5163/products/10968.jpg?v=1706973800,Torre Tecidos,,100,100
7268074127499,Tecido Para Sofá Lona de Algodão Crú,"Lona de Algodão . Este tecido é indicado para estofados em geral. Largura: 1,40m Peso:319 gramas/m2 Composição: 100%Algodão",in stock,new,43.98 BRL,https://torretecidos.com.br/products/tecido-para-sofa-lona-de-algodao-cru,https://cdn.shopify.com/s/files/1/0620/8038/5163/products/9696.jpg?v=1706973809,Torre Tecidos,"https://cdn.shopify.com/s/files/1/0620/8038/5163/files/fc2e21a0f450d7056b146436bd6b6927.jpg?v=1762282409,https://cdn.shopify.com/s/files/1/0620/8038/5163/files/a4e97573ce00649647640d0efdcbfa60.jpg?v=1762282525",100,100
7268074193035,Tecido Para Sofá Lona de Algodão Gelo,"Lona de Algodão . Este tecido é indicado para estofados em geral. Largura: 1,40m Peso:319 gramas/m2 Composição: 100%Algodão • É resistente e durável. • É respirável, o que o torna adequado para uso em áreas de descanso ou de sono. • É fácil de limpar e manter, o que o torna uma boa opção para áreas de uso frequente. • É biodegradável e é uma escolha mais amigável ao meio ambiente do que outros tipos de tecidos sintéticos.",in stock,new,32.98 BRL,https://torretecidos.com.br/products/tecido-para-sofa-lona-de-algodao-gelo,https://cdn.shopify.com/s/files/1/0620/8038/5163/products/9701.jpg?v=1706973816,Torre Tecidos,,100,100
7268074225803,Tecido Para Área Externa Gorgurão Waterblock Flor de Bananeira,"1,40m de largura. Tecido indicado para estofados, poltronas, almofadas e também para colar em paredes. O Waterblock é um tecido resinado ideal para áreas externas, pois é impermeável. Peso: 170 gramas/m2 Composição: 70%algodão 30%poliester. Acabamento: Emborrachado(impermeável) Desenho: Floral gramas/m2 • É resistente à água, o que o torna adequado para uso como externas ou com risco de umidade. • É fácil de limpar e manter, o que o torna uma boa opção para áreas de uso frequente. • Projetado para bloqueio de luz e UV, o que o torna adequado para uso como cobertura. • É resistente a rasgos e abrasão, o que o torna adequado para uso como de tráfego intenso. • Pode ser projetado para resistir a fungos e bactérias, o que o torna adequado para uso como de saúde.",in stock,new,49.98 BRL,https://torretecidos.com.br/products/tecido-para-area-externa-waterblock-flor-de-bananeira,https://cdn.shopify.com/s/files/1/0620/8038/5163/products/9811.jpg?v=1706973828,Döhler,https://cdn.shopify.com/s/files/1/0620/8038/5163/products/9812.jpg?v=1715708513,100,100
7268074258571,Tecido Para Área Externa Gorgurão Waterblock Costela de Adão Hibisco Amarelo,"1,40m de largura. Tecido indicado para estofados, poltronas, almofadas e também para colar em paredes. O Waterblock é um tecido resinado ideal para áreas externas, pois é impermeável. Peso: 170 gramas/m2 Composição: 70%algodão 30%poliester. Acabamento: Emborrachado(impermeável) Desenho: Floral gramas/m2 • É resistente à água, o que o torna adequado para uso como externas ou com risco de umidade. • É fácil de limpar e manter, o que o torna uma boa opção para áreas de uso frequente. • Projetado para bloqueio de luz e UV, o que o torna adequado para uso como cobertura. • É resistente a rasgos e abrasão, o que o torna adequado para uso como de tráfego intenso. • Pode ser projetado para resistir a fungos e bactérias, o que o torna adequado para uso como de saúde.",in stock,new,49.98 BRL,https://torretecidos.com.br/products/tecido-para-area-externa-waterblock-costela-de-adao-hibisco-amarelo,https://cdn.shopify.com/s/files/1/0620/8038/5163/files/8e6bb749288634be36ff07152653a24e.jpg?v=1776371859,Döhler,"https://cdn.shopify.com/s/files/1/0620/8038/5163/products/9818.jpg?v=1776371860,https://cdn.shopify.com/s/files/1/0620/8038/5163/products/9817.jpg?v=1776371861",100,100
7268074291339,Tecido Para Área Externa Gorgurão Waterblock Flamingo Azul,"1,40m de largura. Tecido indicado para estofados, poltronas, almofadas e também para colar em paredes. O Waterblock é um tecido resinado ideal para áreas externas, pois é impermeável. Peso: 170 gramas/m2 Composição: 70%algodão 30%poliester. Acabamento: Emborrachado(impermeável) Desenho: Floral É uma estampa divertida e alegre que pode adicionar vida e cor a qualquer espaço. É versátil e pode ser usada em uma variedade de estilos de decoração, desde o tropical até o retro. É uma estampa icônica que tem sido popular por décadas, o que significa que é fácil de encontrar em acessórios de decoração e tecidos. Pode ser usado para equilibrar espaços mais sóbrios e minimalistas, adicionando um toque de cor e personalidade. Pode ser usado para criar um tema de decoração inteiro, como um quarto de praia ou um espaço tropical. gramas/m2 • É resistente à água, o que o torna adequado para uso como externas ou com risco de umidade. • É fácil de limpar e manter, o que o torna uma boa opção para áreas de uso frequente. • Projetado para bloqueio de luz e UV, o que o torna adequado para uso como cobertura. • É resistente a rasgos e abrasão, o que o torna adequado para uso como de tráfego intenso. • Pode ser projetado para resistir a fungos e bactérias, o que o torna adequado para uso como de saúde.",in stock,new,49.98 BRL,https://torretecidos.com.br/products/tecido-para-area-externa-waterblock-flamingo-azul,https://cdn.shopify.com/s/files/1/0620/8038/5163/products/9824.jpg?v=1706973849,Döhler,"https://cdn.shopify.com/s/files/1/0620/8038/5163/products/9825.jpg?v=1706973849,https://cdn.shopify.com/s/files/1/0620/8038/5163/products/9946.jpg?v=1706973849,https://cdn.shopify.com/s/files/1/0620/8038/5163/files/poltrona_less_reflection_66915a4e-4bc5-49fb-a143-60b6919f6348.jpg?v=1728488426",100,100
7268074324107,Tecido Para Área Externa Gorgurão Waterblock Holográfico Rosa e Verde,"1,40m de largura. Tecido indicado para estofados, poltronas, almofadas e também para colar em paredes. O Waterblock é um tecido resinado ideal para áreas externas, pois é impermeável. Peso: 170 gramas/m2 Composição: 70%algodão 30%poliester. Acabamento: Emborrachado(impermeável) Desenho: Holográfico gramas/m2 • É resistente à água, o que o torna adequado para uso como externas ou com risco de umidade. • É fácil de limpar e manter, o que o torna uma boa opção para áreas de uso frequente. • Projetado para bloqueio de luz e UV, o que o torna adequado para uso como cobertura. • É resistente a rasgos e abrasão, o que o torna adequado para uso como de tráfego intenso. • Pode ser projetado para resistir a fungos e bactérias, o que o torna adequado para uso como de saúde.",in stock,new,49.98 BRL,https://torretecidos.com.br/products/tecido-para-area-externa-waterblock-holografico-rosa-e-verde,https://cdn.shopify.com/s/files/1/0620/8038/5163/files/59883f6b799192ffaf287d6f1ebc5be6.jpg?v=1776445661,Döhler,"https://cdn.shopify.com/s/files/1/0620/8038/5163/products/9830.jpg?v=1776445661,https://cdn.shopify.com/s/files/1/0620/8038/5163/products/9831.jpg?v=1776445662",100,100
7268074389643,Tecido Para Área Externa Gorgurão Waterblock Geométrico Folhas Azul,"1,40m de largura. Tecido indicado para estofados, poltronas, almofadas e também para colar em paredes. O Waterblock é um tecido resinado ideal para áreas externas, pois é impermeável. Peso: 170 gramas/m2 Composição: 70%algodão 30%poliester. Acabamento: Emborrachado(impermeável) Desenho: Geométrico gramas/m2 • É resistente à água, o que o torna adequado para uso como externas ou com risco de umidade. • É fácil de limpar e manter, o que o torna uma boa opção para áreas de uso frequente. • Projetado para bloqueio de luz e UV, o que o torna adequado para uso como cobertura. • É resistente a rasgos e abrasão, o que o torna adequado para uso como de tráfego intenso. • Pode ser projetado para resistir a fungos e bactérias, o que o torna adequado para uso como de saúde.",in stock,new,49.98 BRL,https://torretecidos.com.br/products/tecido-para-area-externa-waterblock-geometrico-folhas-azul,https://cdn.shopify.com/s/files/1/0620/8038/5163/files/f7dcc4daf9f713d3c1f2b5b81f90113c.jpg?v=1776445929,Döhler,"https://cdn.shopify.com/s/files/1/0620/8038/5163/products/9839.jpg?v=1776445930,https://cdn.shopify.com/s/files/1/0620/8038/5163/products/9841.jpg?v=1776445931,https://cdn.shopify.com/s/files/1/0620/8038/5163/products/9840.jpg?v=1776445931",100,100
7268074455179,Tecido Para Área Externa Gorgurão Waterblock Folha de Bananeira Fendi,"1,40m de largura. Tecido indicado para estofados, poltronas, almofadas e também para colar em paredes. O Waterblock é um tecido resinado ideal para áreas externas, pois é impermeável. Peso: 170 gramas/m2 Composição: 70%algodão 30%poliester. Acabamento: Emborrachado(impermeável) Desenho: folhas gramas/m2 • É resistente à água, o que o torna adequado para uso como externas ou com risco de umidade. • É fácil de limpar e manter, o que o torna uma boa opção para áreas de uso frequente. • Projetado para bloqueio de luz e UV, o que o torna adequado para uso como cobertura. • É resistente a rasgos e abrasão, o que o torna adequado para uso como de tráfego intenso. • Pode ser projetado para resistir a fungos e bactérias, o que o torna adequado para uso como de saúde.",in stock,new,49.98 BRL,https://torretecidos.com.br/products/tecido-para-area-externa-waterblock-folha-de-bananeira-fendi,https://cdn.shopify.com/s/files/1/0620/8038/5163/files/1d190828420109606c96b1fa520d84e4.jpg?v=1776446877,Döhler,"https://cdn.shopify.com/s/files/1/0620/8038/5163/products/9849.jpg?v=1776446878,https://cdn.shopify.com/s/files/1/0620/8038/5163/products/9847.jpg?v=1776446878,https://cdn.shopify.com/s/files/1/0620/8038/5163/products/9848.jpg?v=1776446879",100,100
7268074520715,Tecido Para Área Externa Gorgurão Waterblock Listras Finas Mostarda e Marrom,"1,40m de largura. Tecido indicado para estofados, poltronas, almofadas e também para colar em paredes. O Waterblock é um tecido resinado ideal para áreas externas, pois é impermeável. Peso: 170 gramas/m2 Composição: 70%algodão 30%poliester. Acabamento: Emborrachado(impermeável) Desenho: listras gramas/m2 • É resistente à água, o que o torna adequado para uso como externas ou com risco de umidade. • É fácil de limpar e manter, o que o torna uma boa opção para áreas de uso frequente. • Projetado para bloqueio de luz e UV, o que o torna adequado para uso como cobertura. • É resistente a rasgos e abrasão, o que o torna adequado para uso como de tráfego intenso. • Pode ser projetado para resistir a fungos e bactérias, o que o torna adequado para uso como de saúde.",in stock,new,49.98 BRL,https://torretecidos.com.br/products/tecido-para-area-externa-waterblock-listras-finas-mostarda-e-marrom,https://cdn.shopify.com/s/files/1/0620/8038/5163/products/9855.jpg?v=1706973898,Döhler,"https://cdn.shopify.com/s/files/1/0620/8038/5163/products/9856.jpg?v=1715709145,https://cdn.shopify.com/s/files/1/0620/8038/5163/files/poltrona_less_reflection_bd39ab67-2f24-4c6f-93fa-a6e8d8bca0ad.jpg?v=1728488483",100,100
7268074553483,Tecido Para Área Externa Gorgurão Waterblock Geométrico Folhas Coral Crú,"1,40m de largura. Tecido indicado para estofados, poltronas, almofadas e também para colar em paredes. O Waterblock é um tecido resinado ideal para áreas externas, pois é impermeável. Peso: 170 gramas/m2 Composição: 70%algodão 30%poliester. Acabamento: Emborrachado(impermeável) Desenho: Geométrico gramas/m2 • É resistente à água, o que o torna adequado para uso como externas ou com risco de umidade. • É fácil de limpar e manter, o que o torna uma boa opção para áreas de uso frequente. • Projetado para bloqueio de luz e UV, o que o torna adequado para uso como cobertura. • É resistente a rasgos e abrasão, o que o torna adequado para uso como de tráfego intenso. • Pode ser projetado para resistir a fungos e bactérias, o que o torna adequado para uso como de saúde.",in stock,new,49.98 BRL,https://torretecidos.com.br/products/tecido-para-area-externa-waterblock-geometrico-folhas-coral-cru-1,https://cdn.shopify.com/s/files/1/0620/8038/5163/files/4d8e9ea00c0f69911db1a5b335fe902d.jpg?v=1776445760,Döhler,"https://cdn.shopify.com/s/files/1/0620/8038/5163/products/9867_6b7fdc3b-b227-410f-b6c4-0cd68364e82f.jpg?v=1776445761,https://cdn.shopify.com/s/files/1/0620/8038/5163/products/9866_98be996d-833b-4abc-bb76-c51f3d318619.jpg?v=1776445762,https://cdn.shopify.com/s/files/1/0620/8038/5163/products/9868_b56803ae-097e-4350-9c6f-c6debd67e183.jpg?v=1776445762",100,100
7268074619019,Tecido Para Área Externa Gorgurão Waterblock Abacaxi Preto,"1,40m de largura. Tecido indicado para estofados, poltronas, almofadas e também para colar em paredes. O Waterblock é um tecido resinado ideal para áreas externas, pois é impermeável. Peso: 170 gramas/m2 Composição: 70%algodão 30%poliester. Acabamento: Emborrachado(impermeável) Desenho: Floral Adição de cor: A estampa de abacaxi é frequentemente composta por cores vivas e saturadas, como amarelo, verde e laranja, o que pode ajudar a adicionar cor e vida a um ambiente. Adição de alegria: A estampa de abacaxi tem uma aparência divertida e animada, o que pode ajudar a criar um ambiente mais alegre e descontraído. Tema tropical: A estampa de abacaxi pode ser usada como uma forma de criar um tema tropical em um quarto ou em toda a casa, para criar uma sensação de verão e exotismo. Adição de natureza: A estampa de abacaxi pode ser uma forma de trazer a natureza para dentro do ambiente, sem precisar se preocupar com a manutenção de plantas reais. Versatilidade: A estampa de abacaxi pode ser usada em diferentes estilos de decoração, desde o rústico ao contemporâneo, e combinada com outros elementos decorativos. Estampa icônica: O abacaxi é uma fruta icônica e representa muitas coisas diferentes, como hospitalidade, amizade e boas-vindas, então usá-lo na decoração pode transmitir essa sensação para os convidados. Adição de textura: A estampa de abacaxi pode ser usada para adicionar textura e interesse visual a um espaço, especialmente quando combinada com outros materiais e texturas. gramas/m2 • É resistente à água, o que o torna adequado para uso como externas ou com risco de umidade. • É fácil de limpar e manter, o que o torna uma boa opção para áreas de uso frequente. • Projetado para bloqueio de luz e UV, o que o torna adequado para uso como cobertura. • É resistente a rasgos e abrasão, o que o torna adequado para uso como de tráfego intenso. • Pode ser projetado para resistir a fungos e bactérias, o que o torna adequado para uso como de saúde.",in stock,new,49.98 BRL,https://torretecidos.com.br/products/tecido-para-area-externa-waterblock-abacaxi-preto,https://cdn.shopify.com/s/files/1/0620/8038/5163/files/3d7688a261b63216da934b09bb4ba44d.jpg?v=1776371428,Döhler,"https://cdn.shopify.com/s/files/1/0620/8038/5163/products/9885.jpg?v=1776371428,https://cdn.shopify.com/s/files/1/0620/8038/5163/products/9886.jpg?v=1776371429",100,100
7268074651787,Tecido Para Área Externa Gorgurão Waterblock Oceano,"1,40m de largura. Tecido indicado para estofados, poltronas, almofadas e também para colar em paredes. O Waterblock é um tecido resinado ideal para áreas externas, pois é impermeável. Peso: 170 gramas/m2 Composição: 70%algodão 30%poliester. Acabamento: Emborrachado(impermeável) Desenho: Fundo do mar Criação de um ambiente relaxante: A estampa de oceano pode ajudar a criar um ambiente mais relaxante e tranquilo, pois as imagens de água e mar podem evocar sensações de calma e paz. Adição de cor: A estampa de oceano é frequentemente composta por cores vivas e saturadas, como azul, verde e branco, o que pode ajudar a adicionar cor e vida a um ambiente. Efeito de ampliação: A estampa de oceano pode ajudar a ampliar visualmente um espaço, pois as imagens de água e mar podem dar a sensação de que o espaço é maior do que na verdade é. Versatilidade: A estampa de oceano pode ser usada em diferentes estilos de decoração, desde o tradicional ao contemporâneo, e combinada com outros elementos decorativos. Tema temático: A estampa de oceano pode ser usada como uma forma de criar um tema temático em um quarto ou em toda a casa, para criar uma sensação de praia ou mar. Adição de natureza: A estampa de oceano pode ser uma forma de trazer a natureza para dentro do ambiente, sem precisar se preocupar com a manutenção de plantas reais. gramas/m2 • É resistente à água, o que o torna adequado para uso como externas ou com risco de umidade. • É fácil de limpar e manter, o que o torna uma boa opção para áreas de uso frequente. • Projetado para bloqueio de luz e UV, o que o torna adequado para uso como cobertura. • É resistente a rasgos e abrasão, o que o torna adequado para uso como de tráfego intenso. • Pode ser projetado para resistir a fungos e bactérias, o que o torna adequado para uso como de saúde.",in stock,new,49.98 BRL,https://torretecidos.com.br/products/tecido-para-area-externa-waterblock-oceano,https://cdn.shopify.com/s/files/1/0620/8038/5163/products/9902.jpg?v=1706973932,Döhler,"https://cdn.shopify.com/s/files/1/0620/8038/5163/products/9903.jpg?v=1715709376,https://cdn.shopify.com/s/files/1/0620/8038/5163/files/poltrona_less_reflection_005c9a19-2186-4aec-9ca9-a16abfac6270.jpg?v=1728488787",100,100
7268074750091,Tecido Para Área Externa Gorgurão Waterblock Hibisco com Folhagem Azul,"1,40m de largura. Tecido indicado para estofados, poltronas, almofadas e também para colar em paredes. O Waterblock é um tecido resinado ideal para áreas externas, pois é impermeável. Peso: 170 gramas/m2 Composição: 70%algodão 30%poliester. Acabamento: Emborrachado(impermeável) Desenho: Floral gramas/m2 • É resistente à água, o que o torna adequado para uso como externas ou com risco de umidade. • É fácil de limpar e manter, o que o torna uma boa opção para áreas de uso frequente. • Projetado para bloqueio de luz e UV, o que o torna adequado para uso como cobertura. • É resistente a rasgos e abrasão, o que o torna adequado para uso como de tráfego intenso. • Pode ser projetado para resistir a fungos e bactérias, o que o torna adequado para uso como de saúde.",in stock,new,49.98 BRL,https://torretecidos.com.br/products/tecido-para-area-externa-waterblock-hibisco-com-folhagem-azul,https://cdn.shopify.com/s/files/1/0620/8038/5163/files/be2d1b030c34ce8d266369c0a4dde92e.jpg?v=1776445712,Döhler,"https://cdn.shopify.com/s/files/1/0620/8038/5163/products/9908.jpg?v=1776445713,https://cdn.shopify.com/s/files/1/0620/8038/5163/products/9907.jpg?v=1776445714",100,100
7268074815627,Tecido Para Área Externa Gorgurão Waterblock Costela de Adão Hibisco Azul,"1,40m de largura. Tecido indicado para estofados, poltronas, almofadas e também para colar em paredes. O Waterblock é um tecido resinado ideal para áreas externas, pois é impermeável. Peso: 170 gramas/m2 Composição: 70%algodão 30%poliester. Acabamento: Emborrachado(impermeável) Desenho: Floral gramas/m2 • É resistente à água, o que o torna adequado para uso como externas ou com risco de umidade. • É fácil de limpar e manter, o que o torna uma boa opção para áreas de uso frequente. • Projetado para bloqueio de luz e UV, o que o torna adequado para uso como cobertura. • É resistente a rasgos e abrasão, o que o torna adequado para uso como de tráfego intenso. • Pode ser projetado para resistir a fungos e bactérias, o que o torna adequado para uso como de saúde.",in stock,new,49.98 BRL,https://torretecidos.com.br/products/tecido-para-area-externa-waterblock-costela-de-adao-hibisco-azul,https://cdn.shopify.com/s/files/1/0620/8038/5163/files/b1c10eb9493a650b6eed81d926503d5c.jpg?v=1776371887,Döhler,"https://cdn.shopify.com/s/files/1/0620/8038/5163/products/9913.jpg?v=1776371888,https://cdn.shopify.com/s/files/1/0620/8038/5163/products/9914.jpg?v=1776371888",100,100
7268074848395,Tecido Para Área Externa Gorgurão Waterblock Costela de Adão Hibisco Verde,"1,40m de largura. Tecido indicado para estofados, poltronas, almofadas e também para colar em paredes. O Waterblock é um tecido resinado ideal para áreas externas, pois é impermeável. Peso: 170 gramas/m2 Composição: 70%algodão 30%poliester. Acabamento: Emborrachado(impermeável) Desenho: Floral gramas/m2 • É resistente à água, o que o torna adequado para uso como externas ou com risco de umidade. • É fácil de limpar e manter, o que o torna uma boa opção para áreas de uso frequente. • Projetado para bloqueio de luz e UV, o que o torna adequado para uso como cobertura. • É resistente a rasgos e abrasão, o que o torna adequado para uso como de tráfego intenso. • Pode ser projetado para resistir a fungos e bactérias, o que o torna adequado para uso como de saúde.",in stock,new,49.98 BRL,https://torretecidos.com.br/products/tecido-para-area-externa-waterblock-costela-de-adao-hibisco-verde,https://cdn.shopify.com/s/files/1/0620/8038/5163/files/f0b61037d367c52d8c93270f274962e4.jpg?v=1776371915,Döhler,"https://cdn.shopify.com/s/files/1/0620/8038/5163/products/9919.jpg?v=1776371915,https://cdn.shopify.com/s/files/1/0620/8038/5163/products/9920.jpg?v=1776371916",100,100
7268074881163,Tecido Para Área Externa Gorgurão Waterblock Listras Finas Fendi e Crú,"Tecido indicado para estofados, poltronas, almofadas e também para colar em paredes. O Waterblock é um tecido resinado ideal para áreas externas, pois é impermeável e emborrachado. Possui Proteção UV e anti-mofo. Largura: 1,40 Metros Peso: 170 gramas/m2 Composição: 70% algodão 30% poliester Acabamento: Emborrachado(impermeável) gramas/m2 • É resistente à água, o que o torna adequado para uso como externas ou com risco de umidade. • É fácil de limpar e manter, o que o torna uma boa opção para áreas de uso frequente. • Projetado para bloqueio de luz e UV, o que o torna adequado para uso como cobertura. • É resistente a rasgos e abrasão, o que o torna adequado para uso como de tráfego intenso. • Pode ser projetado para resistir a fungos e bactérias, o que o torna adequado para uso como de saúde.",in stock,new,49.98 BRL,https://torretecidos.com.br/products/tecido-para-area-externa-waterblock-listras-finas-fendi-e-cru,https://cdn.shopify.com/s/files/1/0620/8038/5163/files/33d6a176e916bc25bbaccf7703ca6b56.jpg?v=1776452348,Döhler,"https://cdn.shopify.com/s/files/1/0620/8038/5163/products/9928.jpg?v=1776452349,https://cdn.shopify.com/s/files/1/0620/8038/5163/products/9929.jpg?v=1776452349",100,100
7268074913931,Tecido Para Área Externa Gorgurão Waterblock Trançado Fendi,"Tecido indicado para estofados, poltronas, almofadas e também para colar em paredes. O Waterblock é um tecido resinado ideal para áreas externas, pois é impermeável e emborrachado. Possui Proteção UV e anti-mofo. Largura: 1,40 Metros Peso: 170 gramas/m2 Composição: 70% algodão 30% poliester Acabamento: Emborrachado(impermeável) Criação de um ambiente natural: A estampa de palhas trançadas pode ajudar a criar um ambiente mais natural e fresco, pois as imagens de palhas trançadas podem evocar sensações de natureza e simplicidade. Adição de textura: A estampa de palhas trançadas pode adicionar textura e interesse visual a um espaço, especialmente quando combinada com outros materiais e texturas. Tema rústico: A estampa de palhas trançadas pode ser usada como uma forma de criar um tema rústico em um quarto ou em toda a casa, para criar uma sensação de simplicidade e aconchego. Adição de natureza: A estampa de palhas trançadas pode ser uma forma de trazer a natureza para dentro do ambiente, sem precisar se preocupar com a manutenção de plantas reais. Versatilidade: A estampa de palhas trançadas pode ser usada em diferentes estilos de decoração, desde o rústico ao contemporâneo, e combinada com outros elementos decorativos. Estilo eco-friendly: As palhas trançadas são geralmente feitas de materiais naturais, como junco, vime ou bambu, e a estampa de palhas trançadas pode ser uma forma de incorporar elementos eco-friendly na decoração. Adição de calor: A estampa de palhas trançadas tem um ar de aconchego e pode ser usada para adicionar calor e conforto em ambientes frios ou com pouca iluminação. gramas/m2 • É resistente à água, o que o torna adequado para uso como externas ou com risco de umidade. • É fácil de limpar e manter, o que o torna uma boa opção para áreas de uso frequente. • Projetado para bloqueio de luz e UV, o que o torna adequado para uso como cobertura. • É resistente a rasgos e abrasão, o que o torna adequado para uso como de tráfego intenso. • Pode ser projetado para resistir a fungos e bactérias, o que o torna adequado para uso como de saúde.",in stock,new,49.98 BRL,https://torretecidos.com.br/products/tecido-para-area-externa-waterblock-trancado-fendi-2,https://cdn.shopify.com/s/files/1/0620/8038/5163/products/9937_ce7bc35b-8414-4a8c-8d4b-0b284b967897.jpg?v=1706973982,Döhler,"https://cdn.shopify.com/s/files/1/0620/8038/5163/products/9938_32ea3785-09a9-4400-962d-fe6f68c73ec4.jpg?v=1715777036,https://cdn.shopify.com/s/files/1/0620/8038/5163/files/poltrona_less_reflection_5f8ca90f-6383-4400-b140-6e3db53bcb18.jpg?v=1728488848",100,100
7268074979467,Tecido Para Área Externa Gorgurão Waterblock Trançado Crú,"Tecido indicado para estofados, poltronas, almofadas e também para colar em paredes. O Waterblock é um tecido resinado ideal para áreas externas, pois é impermeável e emborrachado. Possui Proteção UV e anti-mofo. Criação de um ambiente natural: A estampa de palhas trançadas pode ajudar a criar um ambiente mais natural e fresco, pois as imagens de palhas trançadas podem evocar sensações de natureza e simplicidade. Adição de textura: A estampa de palhas trançadas pode adicionar textura e interesse visual a um espaço, especialmente quando combinada com outros materiais e texturas. Tema rústico: A estampa de palhas trançadas pode ser usada como uma forma de criar um tema rústico em um quarto ou em toda a casa, para criar uma sensação de simplicidade e aconchego. Adição de natureza: A estampa de palhas trançadas pode ser uma forma de trazer a natureza para dentro do ambiente, sem precisar se preocupar com a manutenção de plantas reais. Versatilidade: A estampa de palhas trançadas pode ser usada em diferentes estilos de decoração, desde o rústico ao contemporâneo, e combinada com outros elementos decorativos. Estilo eco-friendly: As palhas trançadas são geralmente feitas de materiais naturais, como junco, vime ou bambu, e a estampa de palhas trançadas pode ser uma forma de incorporar elementos eco-friendly na decoração. Adição de calor: A estampa de palhas trançadas tem um ar de aconchego e pode ser usada para adicionar calor e conforto em ambientes frios ou com pouca iluminação. Largura: 1,40 Metros Peso: 170 gramas/m2 Composição: 70% algodão 30% poliester Acabamento: Emborrachado(impermeável) gramas/m2 • É resistente à água, o que o torna adequado para uso como externas ou com risco de umidade. • É fácil de limpar e manter, o que o torna uma boa opção para áreas de uso frequente. • Projetado para bloqueio de luz e UV, o que o torna adequado para uso como cobertura. • É resistente a rasgos e abrasão, o que o torna adequado para uso como de tráfego intenso. • Pode ser projetado para resistir a fungos e bactérias, o que o torna adequado para uso como de saúde.",in stock,new,49.98 BRL,https://torretecidos.com.br/products/tecido-para-area-externa-waterblock-trancado-cru,https://cdn.shopify.com/s/files/1/0620/8038/5163/products/9943.jpg?v=1706973992,Döhler,"https://cdn.shopify.com/s/files/1/0620/8038/5163/products/9944.jpg?v=1715776948,https://cdn.shopify.com/s/files/1/0620/8038/5163/files/poltrona_less_reflection_bc982220-a740-44df-b96f-745ab2670ed2.jpg?v=1728488305",100,100
7268075045003,Tecido Para Sofá Veludo Soft Marrom,"Com 1,40m de largura. Este veludo é indicado para todos os tipos de estofados, incluindo sofás, cadeiras e poltronas. Peso: 284 gramas/m2 Composição: 100% Poliester Largua: 1,40M Cuidados: O veludo falso liso é uma opção popular para a decoração de interiores, pois é fácil de limpar e manter. Ele é uma boa escolha para móveis como sofás, cadeiras e almofadas, pois é macio e confortável. O veludo falso liso também pode ser usado em cortinas e tapetes para adicionar textura e profundidade a um quarto. Ele é popular em decorações clássicas e tradicionais, mas também pode ser usado em espaços contemporâneos para adicionar um toque de luxo. Ele é disponível em uma variedade de cores, desde tons neutros até cores vibrantes, para se adequar a diferentes estilos de decoração. gramas/m2",in stock,new,18.98 BRL,https://torretecidos.com.br/products/tecido-para-sofa-veludo-soft-marrom,https://cdn.shopify.com/s/files/1/0620/8038/5163/products/9964.jpg?v=1706974002,Tex Living,https://cdn.shopify.com/s/files/1/0620/8038/5163/products/9965.jpg?v=1706974002,100,100
7268075110539,Tecido Para Sofá Veludo Soft Bege,"Com 1,40m de largura. Este veludo é indicado para todos os tipos de estofados, incluindo sofás, cadeiras e poltronas. Peso: 284 gramas/m2 Composição: 100% Poliester Largua: 1,40M Cuidados: O veludo falso liso é uma opção popular para a decoração de interiores, pois é fácil de limpar e manter. Ele é uma boa escolha para móveis como sofás, cadeiras e almofadas, pois é macio e confortável. O veludo falso liso também pode ser usado em cortinas e tapetes para adicionar textura e profundidade a um quarto. Ele é popular em decorações clássicas e tradicionais, mas também pode ser usado em espaços contemporâneos para adicionar um toque de luxo. Ele é disponível em uma variedade de cores, desde tons neutros até cores vibrantes, para se adequar a diferentes estilos de decoração. gramas/m2",in stock,new,18.98 BRL,https://torretecidos.com.br/products/tecido-para-sofa-veludo-soft-bege,https://cdn.shopify.com/s/files/1/0620/8038/5163/products/9970.jpg?v=1706974012,Tex Living,https://cdn.shopify.com/s/files/1/0620/8038/5163/products/9971.jpg?v=1706974012,100,100
7268075143307,Tecido Para Sofá Veludo Soft Fendi,"Com 1,40m de largura. Este veludo é indicado para todos os tipos de estofados, incluindo sofás, cadeiras e poltronas. Peso: 284 gramas/m2 Composição: 100% Poliester Largua: 1,40M Cuidados: O veludo falso liso é uma opção popular para a decoração de interiores, pois é fácil de limpar e manter. Ele é uma boa escolha para móveis como sofás, cadeiras e almofadas, pois é macio e confortável. O veludo falso liso também pode ser usado em cortinas e tapetes para adicionar textura e profundidade a um quarto. Ele é popular em decorações clássicas e tradicionais, mas também pode ser usado em espaços contemporâneos para adicionar um toque de luxo. Ele é disponível em uma variedade de cores, desde tons neutros até cores vibrantes, para se adequar a diferentes estilos de decoração. gramas/m2",in stock,new,18.98 BRL,https://torretecidos.com.br/products/tecido-para-sofa-veludo-soft-fendi,https://cdn.shopify.com/s/files/1/0620/8038/5163/files/9019ebf1336974d57209a72f416cb619.jpg?v=1764340554,Tex Living,https://cdn.shopify.com/s/files/1/0620/8038/5163/files/2dc60ddae50a118cb3b8841736fca575.jpg?v=1764340588,100,100
7268075176075,Tecido Para Sofá Veludo Soft Cinza,"Com 1,40m de largura. Este veludo é indicado para todos os tipos de estofados, incluindo sofás, cadeiras e poltronas. Peso: 284 gramas/m2 Composição: 100% Poliester Largua: 1,40M Cuidados: O veludo falso liso é uma opção popular para a decoração de interiores, pois é fácil de limpar e manter. Ele é uma boa escolha para móveis como sofás, cadeiras e almofadas, pois é macio e confortável. O veludo falso liso também pode ser usado em cortinas e tapetes para adicionar textura e profundidade a um quarto. Ele é popular em decorações clássicas e tradicionais, mas também pode ser usado em espaços contemporâneos para adicionar um toque de luxo. Ele é disponível em uma variedade de cores, desde tons neutros até cores vibrantes, para se adequar a diferentes estilos de decoração. gramas/m2",in stock,new,18.98 BRL,https://torretecidos.com.br/products/tecido-para-sofa-veludo-soft-cinza,https://cdn.shopify.com/s/files/1/0620/8038/5163/products/9982.jpg?v=1706974032,Tex Living,https://cdn.shopify.com/s/files/1/0620/8038/5163/products/9983.jpg?v=1706974032,100,100
7268075241611,Tecido Para Sofá Veludo Soft Uva,"Com 1,40m de largura. Este veludo é indicado para todos os tipos de estofados, incluindo sofás, cadeiras e poltronas. Peso: 284 gramas/m2 Composição: 100% Poliester Largua: 1,40M Cuidados: O veludo falso liso é uma opção popular para a decoração de interiores, pois é fácil de limpar e manter. Ele é uma boa escolha para móveis como sofás, cadeiras e almofadas, pois é macio e confortável. O veludo falso liso também pode ser usado em cortinas e tapetes para adicionar textura e profundidade a um quarto. Ele é popular em decorações clássicas e tradicionais, mas também pode ser usado em espaços contemporâneos para adicionar um toque de luxo. Ele é disponível em uma variedade de cores, desde tons neutros até cores vibrantes, para se adequar a diferentes estilos de decoração. gramas/m2",in stock,new,18.98 BRL,https://torretecidos.com.br/products/tecido-para-sofa-veludo-soft-uva,https://cdn.shopify.com/s/files/1/0620/8038/5163/products/9988.jpg?v=1706974042,Tex Living,https://cdn.shopify.com/s/files/1/0620/8038/5163/products/9989.jpg?v=1706974042,100,100
7268075274379,Tecido Para Sofá Veludo Soft Azul Jeans,"Com 1,40m de largura. Este veludo é indicado para todos os tipos de estofados, incluindo sofás, cadeiras e poltronas. Peso: 284 gramas/m2 Composição: 100% Poliester Largua: 1,40M Cuidados: O veludo falso liso é uma opção popular para a decoração de interiores, pois é fácil de limpar e manter. Ele é uma boa escolha para móveis como sofás, cadeiras e almofadas, pois é macio e confortável. O veludo falso liso também pode ser usado em cortinas e tapetes para adicionar textura e profundidade a um quarto. Ele é popular em decorações clássicas e tradicionais, mas também pode ser usado em espaços contemporâneos para adicionar um toque de luxo. Ele é disponível em uma variedade de cores, desde tons neutros até cores vibrantes, para se adequar a diferentes estilos de decoração. gramas/m2",in stock,new,18.98 BRL,https://torretecidos.com.br/products/tecido-para-sofa-veludo-soft-azul-jeans,https://cdn.shopify.com/s/files/1/0620/8038/5163/products/9994.jpg?v=1706974052,Tex Living,https://cdn.shopify.com/s/files/1/0620/8038/5163/products/9995.jpg?v=1706974052,100,100
7268075372683,Tecido Para Sofá Gobelem Pixel Azul,"O Gobelem com 1,40m de largura é um dos mais tradicionais tecidos de decoração. O tecido Gobelem, também conhecido como tecido gobelin é ideal para revestimento de sofás, poltronas e cadeiras.Tecido à pronta entrega. Largura: 1,45m Peso: 200 gramas/m2 Composição: 58%Poliester 42%Algodão gramas/m2 • Tradição: O uso do Gobelim na decoração remonta a muitos séculos atrás, e carrega consigo uma rica tradição de arte e artesanato. • Exclusividade: Os Gobelins são peças únicas e raras, e adicionar um ao seu espaço pode dar uma sensação de exclusividade e luxo. • Detalhes: Eles são conhecidos por sua precisão e detalhamento, o que os torna peças de arte verdadeiramente impressionantes. • Versatilidade: Eles podem ser usados para decorar diferentes ambientes, desde salas de estar até quartos de hotel de luxo. • Investimento: Os Gobelins são peças valiosas e podem ser consideradas um investimento a longo prazo.",in stock,new,66.98 BRL,https://torretecidos.com.br/products/tecido-para-sofa-gobelem-pixel-azul,https://cdn.shopify.com/s/files/1/0620/8038/5163/files/c5854d9100a1a8d1fcb546229692986e.jpg?v=1776359639,Meneghel Indústria Têxtil,"https://cdn.shopify.com/s/files/1/0620/8038/5163/products/10019.jpg?v=1776359640,https://cdn.shopify.com/s/files/1/0620/8038/5163/products/10018.jpg?v=1776359640,https://cdn.shopify.com/s/files/1/0620/8038/5163/files/rn-image_picker_lib_temp_c8bf5cb2-f05a-4af0-871c-839af3d1d64f.jpg?v=1776359641",100,100
7268075470987,Tecido Para Cortina Voil Listras Finas Marfim,"Indicado para a confecção de cortinas e forros de mesa, possui transparência. Produto à pronta entrega. Peso: Composição: 100% POLIESTER Largura: 2,90M gramas/m2",in stock,new,8.04 BRL,https://torretecidos.com.br/products/tecido-para-cortina-voil-listras-finas-marfim,https://cdn.shopify.com/s/files/1/0620/8038/5163/products/10025.jpg?v=1706974073,Torre Tecidos,"https://cdn.shopify.com/s/files/1/0620/8038/5163/products/10026.jpg?v=1706974073,https://cdn.shopify.com/s/files/1/0620/8038/5163/products/10089.jpg?v=1706974073,https://cdn.shopify.com/s/files/1/0620/8038/5163/products/10090.jpg?v=1706974073",100,100
7268075503755,Tecido Para Área Externa Gorgurão Waterblock Liso Salmão,"Tecido indicado para estofados, poltronas, almofadas e também para colar em paredes. O Waterblock é um tecido resinado ideal para áreas externas, pois é impermeável e emborrachado. Possui Proteção UV e anti-mofo. Largura: 1,40 Metros Peso: 170 gramas/m2 Composição: 70% algodão 30% poliester Acabamento: Emborrachado(impermeável) gramas/m2 • É resistente à água, o que o torna adequado para uso como externas ou com risco de umidade. • É fácil de limpar e manter, o que o torna uma boa opção para áreas de uso frequente. • Projetado para bloqueio de luz e UV, o que o torna adequado para uso como cobertura. • É resistente a rasgos e abrasão, o que o torna adequado para uso como de tráfego intenso. • Pode ser projetado para resistir a fungos e bactérias, o que o torna adequado para uso como de saúde.",in stock,new,49.98 BRL,https://torretecidos.com.br/products/tecido-para-area-externa-waterblock-liso-salmao,https://cdn.shopify.com/s/files/1/0620/8038/5163/files/50c1133a2878fb739c1454e3cc217ff0.jpg?v=1776370850,Döhler,https://cdn.shopify.com/s/files/1/0620/8038/5163/products/10031.jpg?v=1776370851,100,100
7268075602059,Tecido Para Área Externa Gorgurão Waterblock Tucano Preto,"Tecido indicado para estofados, poltronas, almofadas e também para colar em paredes. O Waterblock é um tecido resinado ideal para áreas externas, pois é impermeável e emborrachado. Possui Proteção UV e anti-mofo. Largura: 1,40 Metros Peso: 170 gramas/m2 Composição: 70% algodão 30% poliester Acabamento: Emborrachado(impermeável) gramas/m2 • É resistente à água, o que o torna adequado para uso como externas ou com risco de umidade. • É fácil de limpar e manter, o que o torna uma boa opção para áreas de uso frequente. • Projetado para bloqueio de luz e UV, o que o torna adequado para uso como cobertura. • É resistente a rasgos e abrasão, o que o torna adequado para uso como de tráfego intenso. • Pode ser projetado para resistir a fungos e bactérias, o que o torna adequado para uso como de saúde.",in stock,new,49.98 BRL,https://torretecidos.com.br/products/tecido-para-area-externa-waterblock-tucano-preto,https://cdn.shopify.com/s/files/1/0620/8038/5163/products/10036.jpg?v=1706974095,Döhler,"https://cdn.shopify.com/s/files/1/0620/8038/5163/products/10037.jpg?v=1715777343,https://cdn.shopify.com/s/files/1/0620/8038/5163/products/10038.jpg?v=1715777343,https://cdn.shopify.com/s/files/1/0620/8038/5163/files/poltrona_less_reflection_290f0791-43f1-4fdf-82c0-4e92e2c02c5f.jpg?v=1728488923",100,100
7268075667595,Tecido Para Área Externa Gorgurão Waterblock Mandala Preto com Marrom,"Tecido indicado para estofados, poltronas, almofadas e também para colar em paredes. O Waterblock é um tecido resinado ideal para áreas externas, pois é impermeável e emborrachado. Possui Proteção UV e anti-mofo. Largura: 1,40 Metros Peso: 170 gramas/m2 Composição: 70% algodão 30% poliester Acabamento: Emborrachado(impermeável) • É resistente à água, o que o torna adequado para uso como externas ou com risco de umidade. • É fácil de limpar e manter, o que o torna uma boa opção para áreas de uso frequente. • Projetado para bloqueio de luz e UV, o que o torna adequado para uso como cobertura. • É resistente a rasgos e abrasão, o que o torna adequado para uso como de tráfego intenso. • Pode ser projetado para resistir a fungos e bactérias, o que o torna adequado para uso como de saúde.",in stock,new,49.98 BRL,https://torretecidos.com.br/products/tecido-para-area-externa-waterblock-mandala-preto-com-marrom,https://cdn.shopify.com/s/files/1/0620/8038/5163/products/10059.jpg?v=1706974105,Döhler,"https://cdn.shopify.com/s/files/1/0620/8038/5163/products/10058.jpg?v=1715778968,https://cdn.shopify.com/s/files/1/0620/8038/5163/files/poltrona_less_reflection_ad69aeaa-2ee6-473f-884b-627c173d0c59.jpg?v=1728488994",100,100
7268075765899,Tecido Para Área Externa Gorgurão Waterblock Aquarela Floral,"Tecido indicado para estofados, poltronas, almofadas e também para colar em paredes. O Waterblock é um tecido resinado ideal para áreas externas, pois é impermeável e emborrachado. Possui Proteção UV e anti-mofo. Largura: 1,40 Metros Peso: 170 gramas/m2 Composição: 70% algodão 30% poliester Acabamento: Emborrachado(impermeável) • É resistente à água, o que o torna adequado para uso como externas ou com risco de umidade. • É fácil de limpar e manter, o que o torna uma boa opção para áreas de uso frequente. • Projetado para bloqueio de luz e UV, o que o torna adequado para uso como cobertura. • É resistente a rasgos e abrasão, o que o torna adequado para uso como de tráfego intenso. • Pode ser projetado para resistir a fungos e bactérias, o que o torna adequado para uso como de saúde.",in stock,new,49.98 BRL,https://torretecidos.com.br/products/tecido-para-area-externa-waterblock-aquarela-floral,https://cdn.shopify.com/s/files/1/0620/8038/5163/products/10066.jpg?v=1706974117,Döhler,"https://cdn.shopify.com/s/files/1/0620/8038/5163/products/10064.jpg?v=1715779975,https://cdn.shopify.com/s/files/1/0620/8038/5163/products/10065.jpg?v=1715779975,https://cdn.shopify.com/s/files/1/0620/8038/5163/files/poltrona_less_reflection_63cff95b-0798-4ac9-ae13-17fd90089215.jpg?v=1728498209",100,100
7268075831435,Tecido Para Área Externa Gorgurão Waterblock Pizza,"1,40m de largura. Tecido indicado para estofados, poltronas, almofadas e também para colar em paredes. O Waterblock é um tecido resinado ideal para áreas externas, pois é impermeável. Peso: 170 gramas/m2 Composição: 70%algodão 30%poliester. Acabamento: Emborrachado(impermeável) gramas/m2 • É resistente à água, o que o torna adequado para uso como externas ou com risco de umidade. • É fácil de limpar e manter, o que o torna uma boa opção para áreas de uso frequente. • Projetado para bloqueio de luz e UV, o que o torna adequado para uso como cobertura. • É resistente a rasgos e abrasão, o que o torna adequado para uso como de tráfego intenso. • Pode ser projetado para resistir a fungos e bactérias, o que o torna adequado para uso como de saúde.",in stock,new,49.98 BRL,https://torretecidos.com.br/products/tecido-para-area-externa-waterblock-pizza,https://cdn.shopify.com/s/files/1/0620/8038/5163/products/10076.jpg?v=1706974129,Döhler,"https://cdn.shopify.com/s/files/1/0620/8038/5163/products/10072.jpg?v=1715780093,https://cdn.shopify.com/s/files/1/0620/8038/5163/products/10073.jpg?v=1715780093",100,100
7268075864203,Tecido Para Área Externa Gorgurão Waterblock Liso Rose,"Tecido indicado para estofados, poltronas, almofadas e também para colar em paredes. O Waterblock é um tecido resinado ideal para áreas externas, pois é impermeável e emborrachado. Possui Proteção UV e anti-mofo. Largura: 1,40 Metros Peso: 170 gramas/m2 Composição: 70% algodão 30% poliester Acabamento: Emborrachado(impermeável) gramas/m2 • É resistente à água, o que o torna adequado para uso como externas ou com risco de umidade. • É fácil de limpar e manter, o que o torna uma boa opção para áreas de uso frequente. • Projetado para bloqueio de luz e UV, o que o torna adequado para uso como cobertura. • É resistente a rasgos e abrasão, o que o torna adequado para uso como de tráfego intenso. • Pode ser projetado para resistir a fungos e bactérias, o que o torna adequado para uso como de saúde.",in stock,new,49.98 BRL,https://torretecidos.com.br/products/tecido-para-area-externa-waterblock-liso-rose,https://cdn.shopify.com/s/files/1/0620/8038/5163/products/10080.jpg?v=1706974138,Döhler,https://cdn.shopify.com/s/files/1/0620/8038/5163/products/10081.jpg?v=1706974138,100,100
7268075896971,Tecido Para Área Externa Gorgurão Waterblock Liso Erva Doce,"Tecido indicado para estofados, poltronas, almofadas e também para colar em paredes. O Waterblock é um tecido resinado ideal para áreas externas, pois é impermeável e emborrachado. Possui Proteção UV e anti-mofo. Largura: 1,40 Metros Peso: 170 gramas/m2 Composição: 70% algodão 30% poliester Acabamento: Emborrachado(impermeável) • É resistente à água, o que o torna adequado para uso como externas ou com risco de umidade. • É fácil de limpar e manter, o que o torna uma boa opção para áreas de uso frequente. • Projetado para bloqueio de luz e UV, o que o torna adequado para uso como cobertura. • É resistente a rasgos e abrasão, o que o torna adequado para uso como de tráfego intenso. • Pode ser projetado para resistir a fungos e bactérias, o que o torna adequado para uso como de saúde.",in stock,new,49.98 BRL,https://torretecidos.com.br/products/tecido-para-area-externa-waterblock-liso-erva-doce,https://cdn.shopify.com/s/files/1/0620/8038/5163/products/10087.jpg?v=1706974147,Döhler,https://cdn.shopify.com/s/files/1/0620/8038/5163/products/10086.jpg?v=1715780484,100,100
7268075995275,Tecido Para Sofá Boucle Bege,"Com 1,40m de largura. Este tecido é indicado para todos os tipos de estofados, incluindo sofás, cadeiras e poltronas ou para ser colado em paredes. Peso: 370 gramas/m2 Composição: 100%Poliester Cuidados: gramas/m2",in stock,new,26.98 BRL,https://torretecidos.com.br/products/tecido-para-sofa-boucle-bege,https://cdn.shopify.com/s/files/1/0620/8038/5163/products/10096.jpg?v=1706974157,CKS Internacional Comercio Ltda,https://cdn.shopify.com/s/files/1/0620/8038/5163/files/ee8e85ef9d677ccff7814c455e4ae5f0.jpg?v=1750192995,100,100
7268076028043,Tecido Para Sofá Boucle Cinza,"Com 1,40m de largura. Este tecido é indicado para todos os tipos de estofados, incluindo sofás, cadeiras e poltronas ou para ser colado em paredes. Peso: 370 gramas/m2 Composição: 100%Poliester Cuidados: gramas/m2",in stock,new,26.98 BRL,https://torretecidos.com.br/products/tecido-para-sofa-boucle-cinza,https://cdn.shopify.com/s/files/1/0620/8038/5163/products/10103.jpg?v=1706974167,CKS Internacional Comercio Ltda,https://cdn.shopify.com/s/files/1/0620/8038/5163/products/10102.jpg?v=1706974167,100,100
7268076093579,Tecido Para Sofá Boucle Fendi,"Com 1,40m de largura. Este tecido é indicado para todos os tipos de estofados, incluindo sofás, cadeiras e poltronas ou para ser colado em paredes. Peso: 370 gramas/m2 Composição: 100%Poliester Cuidados: gramas/m2",in stock,new,26.98 BRL,https://torretecidos.com.br/products/tecido-para-sofa-boucle-fendi,https://cdn.shopify.com/s/files/1/0620/8038/5163/files/a083123a1506bb0c38d5e05d375991ed.jpg?v=1753467325,CKS Internacional Comercio Ltda,https://cdn.shopify.com/s/files/1/0620/8038/5163/files/dff9b53382276eca86893ae5eb62b58e.jpg?v=1753467328,100,100
7268076159115,Tecido Para Sofá Boucle Grafite,"Com 1,40m de largura. Este tecido é indicado para todos os tipos de estofados, incluindo sofás, cadeiras e poltronas ou para ser colado em paredes. Peso: 370 gramas/m2 Composição: 100%Poliester Cuidados: gramas/m2",in stock,new,26.98 BRL,https://torretecidos.com.br/products/tecido-para-sofa-boucle-grafite,https://cdn.shopify.com/s/files/1/0620/8038/5163/products/10114.jpg?v=1706974186,CKS Internacional Comercio Ltda,https://cdn.shopify.com/s/files/1/0620/8038/5163/products/10115.jpg?v=1706974186,100,100
7268076191883,Tecido Para Sofá Boucle Off White,"Com 1,40m de largura. Este tecido é indicado para todos os tipos de estofados, incluindo sofás, cadeiras e poltronas ou para ser colado em paredes. Peso: 370 gramas/m2 Composição: 100%Poliester Cuidados: gramas/m2",in stock,new,26.98 BRL,https://torretecidos.com.br/products/tecido-para-sofa-boucle-off-white-1,https://cdn.shopify.com/s/files/1/0620/8038/5163/products/10121_bfe57a35-2c8d-4a42-a944-847fcedef341.jpg?v=1706974197,CKS Internacional Comercio Ltda,https://cdn.shopify.com/s/files/1/0620/8038/5163/products/10120_de1dcf70-de60-49df-9c76-4f97087a0973.jpg?v=1706974197,100,100
7268076257419,Tecido Para Sofá Boucle Rosa Seco,"Com 1,40m de largura. Este tecido é indicado para todos os tipos de estofados, incluindo sofás, cadeiras e poltronas ou para ser colado em paredes. Peso: 370 gramas/m2 Composição: 100%Poliester Cuidados: gramas/m2",in stock,new,26.98 BRL,https://torretecidos.com.br/products/tecido-para-sofa-boucle-rosa-seco,https://cdn.shopify.com/s/files/1/0620/8038/5163/products/10127.jpg?v=1706974207,CKS Internacional Comercio Ltda,https://cdn.shopify.com/s/files/1/0620/8038/5163/products/10126.jpg?v=1706974207,100,100
7268076290187,Tecido Para Sofá Boucle Verde Água,"Com 1,40m de largura. Este tecido é indicado para todos os tipos de estofados, incluindo sofás, cadeiras e poltronas ou para ser colado em paredes. Peso: 370 gramas/m2 Composição: 100%Poliester Cuidados: gramas/m2",in stock,new,26.98 BRL,https://torretecidos.com.br/products/tecido-para-sofa-boucle-verde-agua,https://cdn.shopify.com/s/files/1/0620/8038/5163/files/df5508ead0e335d13f2b96e7359774df.jpg?v=1749477595,CKS Internacional Comercio Ltda,https://cdn.shopify.com/s/files/1/0620/8038/5163/files/56ec756085a3823d9a0ae73d7e84a26a.jpg?v=1749477598,100,100
7268076355723,Tecido Para Sofá Veludo Liso Amarelo,"Com 1,40m de largura. Este veludo é indicado para todos os tipos de estofados, incluindo sofás, cadeiras e poltronas. Peso: 260 gramas/m2 Composição: 100%Poliester Largua: 1,40M Cuidados: gramas/m2",in stock,new,18.98 BRL,https://torretecidos.com.br/products/tecido-para-sofa-veludo-liso-amarelo,https://cdn.shopify.com/s/files/1/0620/8038/5163/products/10138.jpg?v=1706974227,Corttex Indústria Têxtil,https://cdn.shopify.com/s/files/1/0620/8038/5163/products/10139.jpg?v=1706974227,100,100
7268076454027,Tecido Para Sofá Veludo Animale Pena Camurça,"Veludo Animale Pena Caramelo com 1,40m de largura. Este tecido para decoração tem vincos em forma de pena, indicado para sofás em geral e para colar em paredes. Largura: 1,40m Peso: 250 gramas/m2 Composição: 100%Poliester gramas/m2",in stock,new,9.98 BRL,https://torretecidos.com.br/products/tecido-para-sofa-veludo-animale-pena-camurca,https://cdn.shopify.com/s/files/1/0620/8038/5163/products/10146.jpg?v=1706974235,Corttex Indústria Têxtil,https://cdn.shopify.com/s/files/1/0620/8038/5163/products/10147.jpg?v=1706974235,100,100
7268076617867,Tecido Para Área Externa Courvin Nautico Cinza,"Com 1,40m de largura. Usado para estofar móveis de áreas externas, barcos, iates, lanchas, cadeiras, sofás e poltronas. Resistente a chuvas, sol e maresia. Contém proteção UV Contém proteção anti-mofo Imita a textura de couro natural. Composição: Manta 100% POLIURETANO Largura: 1,40 Metro Peso: 790 gramas/m2 gramas/m2 • Resistência: O courvim náutico é altamente resistente à água e ao desgaste, o que o torna ideal para uso em ambientes marinhos. • Durabilidade: É um tecido muito durável, capaz de suportar as condições adversas do mar e do clima. • Fácil de limpar: Pode ser limpo facilmente com água e sabão. • Design elegante: Possui uma aparência elegante e sofisticada, que pode ser usada para dar um toque de luxo e sofisticação a qualquer espaço. • Flexibilidade: Pode ser utilizado em diversos tipos de aplicações, como estofamento de barcos, cadeiras e sofás.",in stock,new,66.98 BRL,https://torretecidos.com.br/products/tecido-para-area-externa-courvin-nautico-cinza,https://cdn.shopify.com/s/files/1/0620/8038/5163/products/10169.jpg?v=1706974255,Romplas,"https://cdn.shopify.com/s/files/1/0620/8038/5163/products/10168.jpg?v=1706974255,https://cdn.shopify.com/s/files/1/0620/8038/5163/files/poltrona_278e359a-c478-4d04-93ee-d53ee0daa1de.jpg?v=1729014682",100,100
7268076716171,Tecido Para Sofá Veludo Velfit Folhas Bege,"Com 1,40m de largura. Este veludo é indicado para todos os tipos de estofados, incluindo sofás, cadeiras e poltronas. Peso: 284 gramas/m2 Composição: 100% Poliester Largua: 1,40M Cuidados: O veludo é uma opção popular para a decoração de interiores, pois é fácil de limpar e manter. Ele é uma boa escolha para móveis como sofás, cadeiras e almofadas, pois é macio e confortável. O veludo também pode ser usado em cortinas e tapetes para adicionar textura e profundidade a um quarto. Ele é popular em decorações clássicas e tradicionais, mas também pode ser usado em espaços contemporâneos para adicionar um toque de luxo. Ele é disponível em uma variedade de cores, desde tons neutros até cores vibrantes, para se adequar a diferentes estilos de decoração. gramas/m2",in stock,new,57.98 BRL,https://torretecidos.com.br/products/tecido-para-sofa-veludo-velfit-folhas-bege,https://cdn.shopify.com/s/files/1/0620/8038/5163/products/10190.jpg?v=1706974268,Texpoint,"https://cdn.shopify.com/s/files/1/0620/8038/5163/products/10191.jpg?v=1706974268,https://cdn.shopify.com/s/files/1/0620/8038/5163/products/10192.jpg?v=1706974268,https://cdn.shopify.com/s/files/1/0620/8038/5163/files/poltrona_less_reflection_99b4c80d-b495-4840-b153-a3b8f47f4ccb.jpg?v=1728499876",100,100
7268076847243,Tecido Para Sofá Veludo Velfit Liso Verde Musgo,"Com 1,40m de largura. Este veludo é indicado para todos os tipos de estofados, incluindo sofás, cadeiras e poltronas. Peso: 284 gramas/m2 Composição: 100% Poliester Largua: 1,40M Cuidados: O veludo é uma opção popular para a decoração de interiores, pois é fácil de limpar e manter. Ele é uma boa escolha para móveis como sofás, cadeiras e almofadas, pois é macio e confortável. O veludo também pode ser usado em cortinas e tapetes para adicionar textura e profundidade a um quarto. Ele é popular em decorações clássicas e tradicionais, mas também pode ser usado em espaços contemporâneos para adicionar um toque de luxo. Ele é disponível em uma variedade de cores, desde tons neutros até cores vibrantes, para se adequar a diferentes estilos de decoração. gramas/m2",in stock,new,57.98 BRL,https://torretecidos.com.br/products/tecido-para-sofa-veludo-velfit-liso-verde-musgo,https://cdn.shopify.com/s/files/1/0620/8038/5163/products/10199.jpg?v=1706974278,Texpoint,"https://cdn.shopify.com/s/files/1/0620/8038/5163/products/10198.jpg?v=1706974278,https://cdn.shopify.com/s/files/1/0620/8038/5163/files/poltrona_less_reflection_9b4360ba-1fba-4f80-860b-38a28739b317.jpg?v=1728500217",100,100
7268077207691,Tecido Para Sofá Veludo Velfit Folhas Fendi,"Com 1,40m de largura. Este veludo é indicado para todos os tipos de estofados, incluindo sofás, cadeiras e poltronas. Peso: 284 gramas/m2 Composição: 100% Poliester Largua: 1,40M Cuidados: O veludo é uma opção popular para a decoração de interiores, pois é fácil de limpar e manter. Ele é uma boa escolha para móveis como sofás, cadeiras e almofadas, pois é macio e confortável. O veludo também pode ser usado em cortinas e tapetes para adicionar textura e profundidade a um quarto. Ele é popular em decorações clássicas e tradicionais, mas também pode ser usado em espaços contemporâneos para adicionar um toque de luxo. Ele é disponível em uma variedade de cores, desde tons neutros até cores vibrantes, para se adequar a diferentes estilos de decoração. gramas/m2",in stock,new,57.98 BRL,https://torretecidos.com.br/products/tecido-para-sofa-veludo-velfit-folhas-fendi,https://cdn.shopify.com/s/files/1/0620/8038/5163/products/10205.jpg?v=1706974290,Texpoint,"https://cdn.shopify.com/s/files/1/0620/8038/5163/products/10206.jpg?v=1706974290,https://cdn.shopify.com/s/files/1/0620/8038/5163/products/10207.jpg?v=1706974290,https://cdn.shopify.com/s/files/1/0620/8038/5163/files/poltrona_less_reflection_19b6319d-44c8-4af5-bb51-13595ab396ae.jpg?v=1728499957",100,100
7268077404299,Tecido Para Sofá Veludo Velfit Folhas Marrom,"Com 1,40m de largura. Este veludo é indicado para todos os tipos de estofados, incluindo sofás, cadeiras e poltronas. Peso: 284 gramas/m2 Composição: 100% Poliester Largua: 1,40M Cuidados: O veludo é uma opção popular para a decoração de interiores, pois é fácil de limpar e manter. Ele é uma boa escolha para móveis como sofás, cadeiras e almofadas, pois é macio e confortável. O veludo também pode ser usado em cortinas e tapetes para adicionar textura e profundidade a um quarto. Ele é popular em decorações clássicas e tradicionais, mas também pode ser usado em espaços contemporâneos para adicionar um toque de luxo. Ele é disponível em uma variedade de cores, desde tons neutros até cores vibrantes, para se adequar a diferentes estilos de decoração. gramas/m2",in stock,new,57.98 BRL,https://torretecidos.com.br/products/tecido-para-sofa-veludo-velfit-folhas-marrom,https://cdn.shopify.com/s/files/1/0620/8038/5163/products/10213.jpg?v=1706974302,Texpoint,"https://cdn.shopify.com/s/files/1/0620/8038/5163/products/10214.jpg?v=1706974302,https://cdn.shopify.com/s/files/1/0620/8038/5163/products/10215.jpg?v=1706974302,https://cdn.shopify.com/s/files/1/0620/8038/5163/files/poltrona_less_reflection_69971129-66ba-4ac6-b2e7-5561bee889eb.jpg?v=1728499993",100,100
7268077666443,Tecido Para Sofá Veludo Velfit Liso Pistache,"Com 1,40m de largura. Este veludo é indicado para todos os tipos de estofados, incluindo sofás, cadeiras e poltronas. Peso: 284 gramas/m2 Composição: 100% Poliester Largua: 1,40M Cuidados: O veludo é uma opção popular para a decoração de interiores, pois é fácil de limpar e manter. Ele é uma boa escolha para móveis como sofás, cadeiras e almofadas, pois é macio e confortável. O veludo também pode ser usado em cortinas e tapetes para adicionar textura e profundidade a um quarto. Ele é popular em decorações clássicas e tradicionais, mas também pode ser usado em espaços contemporâneos para adicionar um toque de luxo. Ele é disponível em uma variedade de cores, desde tons neutros até cores vibrantes, para se adequar a diferentes estilos de decoração. gramas/m2",in stock,new,57.98 BRL,https://torretecidos.com.br/products/tecido-para-sofa-veludo-velfit-liso-pistache,https://cdn.shopify.com/s/files/1/0620/8038/5163/products/10221.jpg?v=1706974312,Texpoint,"https://cdn.shopify.com/s/files/1/0620/8038/5163/products/10222.jpg?v=1706974312,https://cdn.shopify.com/s/files/1/0620/8038/5163/files/poltrona_less_reflection_2d167470-8da7-43e5-9337-1b984b779069.jpg?v=1728500253",100,100
7268077830283,Tecido Para Sofá Veludo Velfit Geometrico Pistache,"Com 1,40m de largura. Este veludo é indicado para todos os tipos de estofados, incluindo sofás, cadeiras e poltronas. Peso: 284 gramas/m2 Composição: 100% Poliester Largua: 1,40M Cuidados: O veludo é uma opção popular para a decoração de interiores, pois é fácil de limpar e manter. Ele é uma boa escolha para móveis como sofás, cadeiras e almofadas, pois é macio e confortável. O veludo também pode ser usado em cortinas e tapetes para adicionar textura e profundidade a um quarto. Ele é popular em decorações clássicas e tradicionais, mas também pode ser usado em espaços contemporâneos para adicionar um toque de luxo. Ele é disponível em uma variedade de cores, desde tons neutros até cores vibrantes, para se adequar a diferentes estilos de decoração. gramas/m2",in stock,new,57.98 BRL,https://torretecidos.com.br/products/tecido-para-sofa-veludo-velfit-geometrico-pistache,https://cdn.shopify.com/s/files/1/0620/8038/5163/products/10228.jpg?v=1706974324,Texpoint,"https://cdn.shopify.com/s/files/1/0620/8038/5163/products/10229.jpg?v=1706974324,https://cdn.shopify.com/s/files/1/0620/8038/5163/products/10230.jpg?v=1706974324,https://cdn.shopify.com/s/files/1/0620/8038/5163/files/poltrona_less_reflection_75cde890-1900-4c7b-ad03-650cae40d7e7.jpg?v=1728500183",100,100
7268077961355,Tecido Para Sofá Veludo Velfit Liso Mostarda,"Com 1,40m de largura. Este veludo é indicado para todos os tipos de estofados, incluindo sofás, cadeiras e poltronas. Peso: 284 gramas/m2 Composição: 100% Poliester Largua: 1,40M Cuidados: O veludo é uma opção popular para a decoração de interiores, pois é fácil de limpar e manter. Ele é uma boa escolha para móveis como sofás, cadeiras e almofadas, pois é macio e confortável. O veludo também pode ser usado em cortinas e tapetes para adicionar textura e profundidade a um quarto. Ele é popular em decorações clássicas e tradicionais, mas também pode ser usado em espaços contemporâneos para adicionar um toque de luxo. Ele é disponível em uma variedade de cores, desde tons neutros até cores vibrantes, para se adequar a diferentes estilos de decoração. gramas/m2",in stock,new,57.98 BRL,https://torretecidos.com.br/products/tecido-para-sofa-veludo-velfit-liso-mostarda,https://cdn.shopify.com/s/files/1/0620/8038/5163/products/10237.jpg?v=1706974333,Texpoint,"https://cdn.shopify.com/s/files/1/0620/8038/5163/products/10236.jpg?v=1706974333,https://cdn.shopify.com/s/files/1/0620/8038/5163/files/poltrona_less_reflection_8f1c002e-405b-41f7-8413-6c4f2041c811.jpg?v=1728500289",100,100
7268078026891,Tecido Para Sofá Veludo Velfit Onça,"Com 1,40m de largura. Este veludo é indicado para todos os tipos de estofados, incluindo sofás, cadeiras e poltronas. Peso: 284 gramas/m2 Composição: 100% Poliester Largua: 1,40M Cuidados: O veludo é uma opção popular para a decoração de interiores, pois é fácil de limpar e manter. Ele é uma boa escolha para móveis como sofás, cadeiras e almofadas, pois é macio e confortável. O veludo também pode ser usado em cortinas e tapetes para adicionar textura e profundidade a um quarto. Ele é popular em decorações clássicas e tradicionais, mas também pode ser usado em espaços contemporâneos para adicionar um toque de luxo. Ele é disponível em uma variedade de cores, desde tons neutros até cores vibrantes, para se adequar a diferentes estilos de decoração. gramas/m2",in stock,new,57.98 BRL,https://torretecidos.com.br/products/tecido-para-sofa-veludo-velfit-onca,https://cdn.shopify.com/s/files/1/0620/8038/5163/products/10243.jpg?v=1706974346,Texpoint,"https://cdn.shopify.com/s/files/1/0620/8038/5163/products/10244.jpg?v=1706974346,https://cdn.shopify.com/s/files/1/0620/8038/5163/products/10245.jpg?v=1706974346,https://cdn.shopify.com/s/files/1/0620/8038/5163/files/poltrona_less_reflection_11addebf-8c65-4a71-b301-278cca31471c.jpg?v=1728501042",100,100
7268078157963,Tecido Para Sofá Veludo Velfit Liso Marrom,"Com 1,40m de largura. Este veludo é indicado para todos os tipos de estofados, incluindo sofás, cadeiras e poltronas. Peso: 284 gramas/m2 Composição: 100% Poliester Largua: 1,40M Cuidados: O veludo é uma opção popular para a decoração de interiores, pois é fácil de limpar e manter. Ele é uma boa escolha para móveis como sofás, cadeiras e almofadas, pois é macio e confortável. O veludo também pode ser usado em cortinas e tapetes para adicionar textura e profundidade a um quarto. Ele é popular em decorações clássicas e tradicionais, mas também pode ser usado em espaços contemporâneos para adicionar um toque de luxo. Ele é disponível em uma variedade de cores, desde tons neutros até cores vibrantes, para se adequar a diferentes estilos de decoração. gramas/m2",in stock,new,57.98 BRL,https://torretecidos.com.br/products/tecido-para-sofa-veludo-velfit-liso-marrom,https://cdn.shopify.com/s/files/1/0620/8038/5163/products/11280.jpg?v=1706974356,Texpoint,"https://cdn.shopify.com/s/files/1/0620/8038/5163/products/11281.jpg?v=1706974356,https://cdn.shopify.com/s/files/1/0620/8038/5163/files/poltrona_less_reflection_f2be99a9-553d-48fb-b250-f077a8f757cb.jpg?v=1728500326",100,100
7268078289035,Tecido Para Sofá Veludo Velfit Liso Cinza,"Com 1,40m de largura. Este veludo é indicado para todos os tipos de estofados, incluindo sofás, cadeiras e poltronas. Peso: 284 gramas/m2 Composição: 100% Poliester Largua: 1,40M Cuidados: O veludo é uma opção popular para a decoração de interiores, pois é fácil de limpar e manter. Ele é uma boa escolha para móveis como sofás, cadeiras e almofadas, pois é macio e confortável. O veludo também pode ser usado em cortinas e tapetes para adicionar textura e profundidade a um quarto. Ele é popular em decorações clássicas e tradicionais, mas também pode ser usado em espaços contemporâneos para adicionar um toque de luxo. Ele é disponível em uma variedade de cores, desde tons neutros até cores vibrantes, para se adequar a diferentes estilos de decoração. gramas/m2",in stock,new,57.98 BRL,https://torretecidos.com.br/products/tecido-para-sofa-veludo-velfit-liso-cinza,https://cdn.shopify.com/s/files/1/0620/8038/5163/products/10259.jpg?v=1706974367,Texpoint,"https://cdn.shopify.com/s/files/1/0620/8038/5163/products/10258.jpg?v=1706974367,https://cdn.shopify.com/s/files/1/0620/8038/5163/files/poltrona_less_reflection_a060f478-d6a3-4f5c-b88d-f6df43f09dfc.jpg?v=1728500953",100,100
7268078518411,Tecido Para Sofá Veludo Velfit Geometrico Azul,"Com 1,40m de largura. Este veludo é indicado para todos os tipos de estofados, incluindo sofás, cadeiras e poltronas. Peso: 284 gramas/m2 Composição: 100% Poliester Largua: 1,40M Cuidados: O veludo é uma opção popular para a decoração de interiores, pois é fácil de limpar e manter. Ele é uma boa escolha para móveis como sofás, cadeiras e almofadas, pois é macio e confortável. O veludo também pode ser usado em cortinas e tapetes para adicionar textura e profundidade a um quarto. Ele é popular em decorações clássicas e tradicionais, mas também pode ser usado em espaços contemporâneos para adicionar um toque de luxo. Ele é disponível em uma variedade de cores, desde tons neutros até cores vibrantes, para se adequar a diferentes estilos de decoração. gramas/m2",in stock,new,57.98 BRL,https://torretecidos.com.br/products/tecido-para-sofa-veludo-velfit-geometrico-azul,https://cdn.shopify.com/s/files/1/0620/8038/5163/products/10265.jpg?v=1706974378,Texpoint,"https://cdn.shopify.com/s/files/1/0620/8038/5163/products/10266.jpg?v=1706974378,https://cdn.shopify.com/s/files/1/0620/8038/5163/products/10267.jpg?v=1706974378",100,100
7268078649483,Tecido Para Sofá Veludo Velfit Folhas Petróleo,"Com 1,40m de largura. Este veludo é indicado para todos os tipos de estofados, incluindo sofás, cadeiras e poltronas. Peso: 284 gramas/m2 Composição: 100% Poliester Largua: 1,40M Cuidados: O veludo é uma opção popular para a decoração de interiores, pois é fácil de limpar e manter. Ele é uma boa escolha para móveis como sofás, cadeiras e almofadas, pois é macio e confortável. O veludo também pode ser usado em cortinas e tapetes para adicionar textura e profundidade a um quarto. Ele é popular em decorações clássicas e tradicionais, mas também pode ser usado em espaços contemporâneos para adicionar um toque de luxo. Ele é disponível em uma variedade de cores, desde tons neutros até cores vibrantes, para se adequar a diferentes estilos de decoração. gramas/m2",in stock,new,57.98 BRL,https://torretecidos.com.br/products/tecido-para-sofa-veludo-velfit-folhas-petroleo,https://cdn.shopify.com/s/files/1/0620/8038/5163/products/10273.jpg?v=1706974390,Texpoint,"https://cdn.shopify.com/s/files/1/0620/8038/5163/products/10274.jpg?v=1706974390,https://cdn.shopify.com/s/files/1/0620/8038/5163/products/10275.jpg?v=1706974390,https://cdn.shopify.com/s/files/1/0620/8038/5163/files/poltrona_less_reflection_24545c90-7081-4334-b378-3582fb8263d7.jpg?v=1728500068",100,100
7268078878859,Tecido Para Sofá Veludo Velfit Folhas Cinza,"Com 1,40m de largura. Este veludo é indicado para todos os tipos de estofados, incluindo sofás, cadeiras e poltronas. Peso: 284 gramas/m2 Composição: 100% Poliester Largua: 1,40M Cuidados: O veludo é uma opção popular para a decoração de interiores, pois é fácil de limpar e manter. Ele é uma boa escolha para móveis como sofás, cadeiras e almofadas, pois é macio e confortável. O veludo também pode ser usado em cortinas e tapetes para adicionar textura e profundidade a um quarto. Ele é popular em decorações clássicas e tradicionais, mas também pode ser usado em espaços contemporâneos para adicionar um toque de luxo. Ele é disponível em uma variedade de cores, desde tons neutros até cores vibrantes, para se adequar a diferentes estilos de decoração. gramas/m2",in stock,new,57.98 BRL,https://torretecidos.com.br/products/tecido-para-sofa-veludo-velfit-folhas-cinza,https://cdn.shopify.com/s/files/1/0620/8038/5163/products/10281.jpg?v=1706974403,Texpoint,"https://cdn.shopify.com/s/files/1/0620/8038/5163/products/10282.jpg?v=1706974403,https://cdn.shopify.com/s/files/1/0620/8038/5163/products/10283.jpg?v=1706974403,https://cdn.shopify.com/s/files/1/0620/8038/5163/files/poltrona_less_reflection_375d0c26-6aa5-4535-8e34-605260738f3e.jpg?v=1728500121",100,100
7268079009931,Tecido Para Sofá Veludo Velfit Liso Ardósia,"Com 1,40m de largura. Este veludo é indicado para todos os tipos de estofados, incluindo sofás, cadeiras e poltronas. Peso: 284 gramas/m2 Composição: 100% Poliester Largua: 1,40M Cuidados: O veludo é uma opção popular para a decoração de interiores, pois é fácil de limpar e manter. Ele é uma boa escolha para móveis como sofás, cadeiras e almofadas, pois é macio e confortável. O veludo também pode ser usado em cortinas e tapetes para adicionar textura e profundidade a um quarto. Ele é popular em decorações clássicas e tradicionais, mas também pode ser usado em espaços contemporâneos para adicionar um toque de luxo. Ele é disponível em uma variedade de cores, desde tons neutros até cores vibrantes, para se adequar a diferentes estilos de decoração. gramas/m2",in stock,new,57.98 BRL,https://torretecidos.com.br/products/tecido-para-sofa-veludo-velfit-liso-ardosia,https://cdn.shopify.com/s/files/1/0620/8038/5163/products/10289.jpg?v=1706974412,Texpoint,"https://cdn.shopify.com/s/files/1/0620/8038/5163/products/10290.jpg?v=1706974412,https://cdn.shopify.com/s/files/1/0620/8038/5163/files/poltrona_less_reflection_31086da9-b7fa-46d6-8e86-5f3d371caef3.jpg?v=1728501002",100,100
7268079141003,Tecido Para Sofá Veludo Velfit Folhas Verde,"Com 1,40m de largura. Este veludo é indicado para todos os tipos de estofados, incluindo sofás, cadeiras e poltronas. Peso: 284 gramas/m2 Composição: 100% Poliester Largua: 1,40M Cuidados: O veludo é uma opção popular para a decoração de interiores, pois é fácil de limpar e manter. Ele é uma boa escolha para móveis como sofás, cadeiras e almofadas, pois é macio e confortável. O veludo também pode ser usado em cortinas e tapetes para adicionar textura e profundidade a um quarto. Ele é popular em decorações clássicas e tradicionais, mas também pode ser usado em espaços contemporâneos para adicionar um toque de luxo. Ele é disponível em uma variedade de cores, desde tons neutros até cores vibrantes, para se adequar a diferentes estilos de decoração. gramas/m2",in stock,new,57.98 BRL,https://torretecidos.com.br/products/tecido-para-sofa-veludo-velfit-folhas-verde,https://cdn.shopify.com/s/files/1/0620/8038/5163/products/10304.jpg?v=1706974425,Texpoint,"https://cdn.shopify.com/s/files/1/0620/8038/5163/products/10305.jpg?v=1706974425,https://cdn.shopify.com/s/files/1/0620/8038/5163/products/10306.jpg?v=1706974425",100,100
7268079304843,Tecido Para Sofá Veludo Velfit Liso Telha,"Com 1,40m de largura. Este veludo é indicado para todos os tipos de estofados, incluindo sofás, cadeiras e poltronas. Peso: 284 gramas/m2 Composição: 100% Poliester Largua: 1,40M Cuidados: O veludo é uma opção popular para a decoração de interiores, pois é fácil de limpar e manter. Ele é uma boa escolha para móveis como sofás, cadeiras e almofadas, pois é macio e confortável. O veludo também pode ser usado em cortinas e tapetes para adicionar textura e profundidade a um quarto. Ele é popular em decorações clássicas e tradicionais, mas também pode ser usado em espaços contemporâneos para adicionar um toque de luxo. Ele é disponível em uma variedade de cores, desde tons neutros até cores vibrantes, para se adequar a diferentes estilos de decoração. gramas/m2",in stock,new,57.98 BRL,https://torretecidos.com.br/products/tecido-para-sofa-veludo-velfit-liso-telha,https://cdn.shopify.com/s/files/1/0620/8038/5163/products/10312.jpg?v=1706974435,Texpoint,"https://cdn.shopify.com/s/files/1/0620/8038/5163/products/10313.jpg?v=1706974435,https://cdn.shopify.com/s/files/1/0620/8038/5163/files/poltrona_less_reflection_dac627a2-6476-45af-a6cb-c755dcb53b86.jpg?v=1728500900",100,100
7268079468683,Tecido Para Sofá Veludo Velfit Folhas Ferrugem,"Com 1,40m de largura. Este veludo é indicado para todos os tipos de estofados, incluindo sofás, cadeiras e poltronas. Peso: 284 gramas/m2 Composição: 100% Poliester Largua: 1,40M Cuidados: O veludo é uma opção popular para a decoração de interiores, pois é fácil de limpar e manter. Ele é uma boa escolha para móveis como sofás, cadeiras e almofadas, pois é macio e confortável. O veludo também pode ser usado em cortinas e tapetes para adicionar textura e profundidade a um quarto. Ele é popular em decorações clássicas e tradicionais, mas também pode ser usado em espaços contemporâneos para adicionar um toque de luxo. Ele é disponível em uma variedade de cores, desde tons neutros até cores vibrantes, para se adequar a diferentes estilos de decoração. gramas/m2",in stock,new,57.98 BRL,https://torretecidos.com.br/products/tecido-para-sofa-veludo-velfit-folhas-ferrugem,https://cdn.shopify.com/s/files/1/0620/8038/5163/products/10319.jpg?v=1706974448,Texpoint,"https://cdn.shopify.com/s/files/1/0620/8038/5163/products/10320.jpg?v=1706974448,https://cdn.shopify.com/s/files/1/0620/8038/5163/products/10321.jpg?v=1706974448",100,100
7268079534219,Tecido Para Sofá Veludo Liso Star Camurça,"Com 1,40m de largura. Este veludo é indicado para todos os tipos de estofados, incluindo sofás, cadeiras e poltronas. Peso: 260 gramas/m2 Composição: 100%Poliester Largua: 1,40M Cuidados: gramas/m2",in stock,new,21.98 BRL,https://torretecidos.com.br/products/tecido-para-sofa-veludo-liso-star-camurca,https://cdn.shopify.com/s/files/1/0620/8038/5163/products/10327.jpg?v=1706974458,Corttex Indústria Têxtil,https://cdn.shopify.com/s/files/1/0620/8038/5163/products/10328.jpg?v=1706974458,100,100
7268079665291,Tecido Para Sofá Veludo Liso Star Bege Rosado,"Com 1,40m de largura. Este veludo é indicado para todos os tipos de estofados, incluindo sofás, cadeiras e poltronas. Peso: 260 gramas/m2 Composição: 100%Poliester Largua: 1,40M Cuidados: gramas/m2",in stock,new,21.98 BRL,https://torretecidos.com.br/products/tecido-para-sofa-veludo-liso-star-bege-rosado,https://cdn.shopify.com/s/files/1/0620/8038/5163/products/10333.jpg?v=1706974468,Corttex Indústria Têxtil,https://cdn.shopify.com/s/files/1/0620/8038/5163/products/10334.jpg?v=1706974468,100,100
7268079763595,Tecido Para Sofá Veludo Liso Star Preto,"Com 1,40m de largura. Este veludo é indicado para todos os tipos de estofados, incluindo sofás, cadeiras e poltronas. Peso: 260 gramas/m2 Composição: 100%Poliester Largua: 1,40M Cuidados: gramas/m2",in stock,new,21.98 BRL,https://torretecidos.com.br/products/tecido-para-sofa-veludo-liso-star-preto,https://cdn.shopify.com/s/files/1/0620/8038/5163/products/10339.jpg?v=1706974475,Corttex Indústria Têxtil,https://cdn.shopify.com/s/files/1/0620/8038/5163/products/10340.jpg?v=1706974475,100,100
7268079894667,Tecido Para Sofá Veludo Liso Star Cru,"O Tecido Vem Inteiro? • SIM Com 1,40m de largura. Este veludo é indicado para todos os tipos de estofados, incluindo sofás, cadeiras e poltronas. Peso: 260 gramas/m2 Composição: 100%Poliester Largua: 1,40M Cuidados: gramas/m2",in stock,new,21.98 BRL,https://torretecidos.com.br/products/tecido-para-sofa-veludo-liso-star-cru,https://cdn.shopify.com/s/files/1/0620/8038/5163/products/10345.jpg?v=1706974485,Corttex Indústria Têxtil,https://cdn.shopify.com/s/files/1/0620/8038/5163/products/10346.jpg?v=1706974485,100,100
7268079992971,Tecido Para Sofá Veludo Liso Star Ferrugem,"Com 1,40m de largura. Este veludo é indicado para todos os tipos de estofados, incluindo sofás, cadeiras e poltronas. Peso: 260 gramas/m2 Composição: 100%Poliester Largua: 1,40M Cuidados: gramas/m2",in stock,new,21.98 BRL,https://torretecidos.com.br/products/tecido-para-sofa-veludo-liso-star-ferrugem,https://cdn.shopify.com/s/files/1/0620/8038/5163/products/10351.jpg?v=1706974495,Corttex Indústria Têxtil,https://cdn.shopify.com/s/files/1/0620/8038/5163/products/10352.jpg?v=1706974495,100,100
7268080124043,Tecido Para Sofá Veludo Liso Star Azul,"Com 1,40m de largura. Este veludo é indicado para todos os tipos de estofados, incluindo sofás, cadeiras e poltronas. Peso: 260 gramas/m2 Composição: 100%Poliester Largua: 1,40M Cuidados: gramas/m2",in stock,new,21.98 BRL,https://torretecidos.com.br/products/tecido-para-sofa-veludo-liso-star-azul,https://cdn.shopify.com/s/files/1/0620/8038/5163/files/10357.jpg?v=1746883066,Corttex Indústria Têxtil,https://cdn.shopify.com/s/files/1/0620/8038/5163/files/10358.jpg?v=1746883066,100,100
7268080255115,Tecido Para Sofá Veludo Liso Star Vermelho,"Com 1,40m de largura. Este veludo é indicado para todos os tipos de estofados, incluindo sofás, cadeiras e poltronas. Peso: 260 gramas/m2 Composição: 100%Poliester Largua: 1,40M Cuidados: gramas/m2",in stock,new,21.98 BRL,https://torretecidos.com.br/products/tecido-para-sofa-veludo-liso-star-vermelho,https://cdn.shopify.com/s/files/1/0620/8038/5163/products/10363.jpg?v=1706974515,Corttex Indústria Têxtil,https://cdn.shopify.com/s/files/1/0620/8038/5163/products/10364.jpg?v=1706974515,100,100
7268080386187,Tecido Para Sofá Veludo Liso Star Cinza,"Com 1,40m de largura. Este veludo é indicado para todos os tipos de estofados, incluindo sofás, cadeiras e poltronas. Peso: 260 gramas/m2 Composição: 100%Poliester Largua: 1,40M Cuidados: gramas/m2",in stock,new,21.98 BRL,https://torretecidos.com.br/products/tecido-para-sofa-veludo-liso-star-cinza,https://cdn.shopify.com/s/files/1/0620/8038/5163/products/10375.jpg?v=1706974525,Corttex Indústria Têxtil,https://cdn.shopify.com/s/files/1/0620/8038/5163/products/10376.jpg?v=1706974525,100,100
7268080517259,Tecido Para Sofá Veludo Liso Café com Leite,"Com 1,40m de largura. Este veludo é indicado para todos os tipos de estofados, incluindo sofás, cadeiras e poltronas. Peso: 260 gramas/m2 Composição: 100%Poliester Largua: 1,40M Cuidados: gramas/m2",in stock,new,18.98 BRL,https://torretecidos.com.br/products/tecido-para-sofa-veludo-liso-cafe-com-leite,https://cdn.shopify.com/s/files/1/0620/8038/5163/products/10407.jpg?v=1706974533,Corttex Indústria Têxtil,https://cdn.shopify.com/s/files/1/0620/8038/5163/products/10408.jpg?v=1706974533,100,100
7268080615563,Tecido Para Sofá Veludo Liso Violeta,"Com 1,40m de largura. Este veludo é indicado para todos os tipos de estofados, incluindo sofás, cadeiras e poltronas. Peso: 260 gramas/m2 Composição: 100%Poliester Largua: 1,40M Cuidados: gramas/m2",in stock,new,18.98 BRL,https://torretecidos.com.br/products/tecido-para-sofa-veludo-liso-violeta,https://cdn.shopify.com/s/files/1/0620/8038/5163/files/321f7b950173d3c66e9f3ef2de0da3cf.jpg?v=1749480756,Corttex Indústria Têxtil,https://cdn.shopify.com/s/files/1/0620/8038/5163/files/87d76bc9adf5482aa89988a6a399a5ec.jpg?v=1749480756,100,100
7268080713867,Tecido Para Sofá Linho Sintético Rosa Bebê,"O Tecido Vem Inteiro? • SIM Tecido indicado para estofamento de sofás, cadeiras, poltronas, almofadas, cabeceiras. Malha reforçada no verso(Dublado). gramas/m2 Largura: 1,40m Peso: 244 gramas/m2 Composição: 100% Poliéster Cuidados: • Resistência: O linho sintético é resistente e durável, o que o torna ideal para uso em móveis e decoração de interiores. • Fácil de manter: É fácil de limpar e manter, o que o torna uma boa escolha para áreas de alto tráfego. • Design elegante: Possui uma aparência elegante e sofisticada, que pode ser usada para dar um toque de luxo e sofisticação a qualquer espaço. • Versatilidade: Pode ser usado em uma variedade de aplicações, incluindo estofamento de móveis, cortinas, almofadas e até mesmo roupas. • Opções de cores: Possui uma ampla gama de opções de cores, permitindo criar desenhos e padrões vibrantes e coloridos.",in stock,new,24.98 BRL,https://torretecidos.com.br/products/tecido-para-sofa-linho-sintetico-rosa-bebe,https://cdn.shopify.com/s/files/1/0620/8038/5163/products/10910.jpg?v=1706974552,Corttex Indústria Têxtil,https://cdn.shopify.com/s/files/1/0620/8038/5163/files/9a7b28678ed7e7df360c901487990a23.jpg?v=1776974127,100,100
7268080844939,Courvin Dunas Marrom,"Tecido que imita couro indicado para estofados como sofás, pufes, poltronas, cadeiras e almofadas. • Tem brilho. • Não descasca. • Resistente. • Fácil de limpar. • Dispensa produtos para hidratação e conservação. Composição: 70% Pvc 30% Substrato Largura: 1,40 Metro Peso: 0,98 gramas/m2 Peso: 0,98 gramas/m2",in stock,new,46.98 BRL,https://torretecidos.com.br/products/tecido-courvin-dunas-marrom,https://cdn.shopify.com/s/files/1/0620/8038/5163/products/10434.jpg?v=1706974561,Romplas,"https://cdn.shopify.com/s/files/1/0620/8038/5163/products/10435.jpg?v=1706974561,https://cdn.shopify.com/s/files/1/0620/8038/5163/files/poltrona_a0775388-2a1d-4952-83e5-9ead9872d378.jpg?v=1729014729",100,100
7268080976011,Rústico Linen Grafite,"Rústico Linen Camurça, 1,40m de largura. Tecido indicado para estofados em geral. Peso: 341 gramas/m2 Composição: 1,40m / 100%Poliéster gramas/m2",in stock,new,22.98 BRL,https://torretecidos.com.br/products/tecido-para-sofa-rustico-linen-grafite,https://cdn.shopify.com/s/files/1/0620/8038/5163/products/10445.jpg?v=1706974572,Torre Tecidos,https://cdn.shopify.com/s/files/1/0620/8038/5163/products/10444.jpg?v=1706974572,100,100
7268081139851,Rústico Linen Azul,"O Tecido Vem Inteiro? • SIM Linho Rústico Linen 1,42m de largura. Tecido indicado para estofamento de sofás, cadeiras, poltronas, almofadas, cabeceiras. Malha reforçada no verso(Dublado). Tecido indicado para estofados em geral. Peso: 341 gramas/m2 Composição: 1,40m / 100%Poliéster gramas/m2",in stock,new,22.98 BRL,https://torretecidos.com.br/products/tecido-para-sofa-rustico-linen-azul,https://cdn.shopify.com/s/files/1/0620/8038/5163/products/10450.jpg?v=1706974582,Corttex Indústria Têxtil,https://cdn.shopify.com/s/files/1/0620/8038/5163/products/10451.jpg?v=1706974582,100,100
7268081270923,Tecido Para Sofá Jacquard Adamascado Monarca Café com Leite,"Jacquard Adamascado Monarca Verde Esmeralda com 2,80m de largura. Muito utilizado como forros de mesa para festas de casamentos e outras cerimônias. Peso: 220 gramas/m2 Composição: 58%Algodão 42%Poliester gramas/m2 • Design Complexo: O tecido Jacquard é conhecido por sua capacidade de criar desenhos e padrões complexos e detalhados. • Textura: Possui uma textura única e rica, o que pode adicionar profundidade e interesse visual ao espaço. • Durabilidade: É um tecido resistente e durável, o que o torna ideal para uso em móveis e decoração de interiores. • Versatilidade: Pode ser usado em uma variedade de aplicações, incluindo estofamento de móveis, cortinas, almofadas e até mesmo roupas. • Design elegante: Possui uma aparência elegante e sofisticada, que pode ser usada para dar um toque de luxo e sofisticação a qualquer espaço.",in stock,new,37.50 BRL,https://torretecidos.com.br/products/tecido-para-cortina-jacquard-adamascado-monarca-cafe-com-leite,https://cdn.shopify.com/s/files/1/0620/8038/5163/products/10456.jpg?v=1706974592,Torre Tecidos,"https://cdn.shopify.com/s/files/1/0620/8038/5163/products/10457.jpg?v=1706974592,https://cdn.shopify.com/s/files/1/0620/8038/5163/products/10458.jpg?v=1706974592",100,100
7268081303691,Tecido Para Sofá Jacquard Adamascado Monarca Azul Marinho,"Jacquard Adamascado Monarca Verde Esmeralda com 2,80m de largura. Muito utilizado como forros de mesa para festas de casamentos e outras cerimônias. Peso: 220 gramas/m2 Composição: 58%Algodão 42%Poliester gramas/m2 • Design Complexo: O tecido Jacquard é conhecido por sua capacidade de criar desenhos e padrões complexos e detalhados. • Textura: Possui uma textura única e rica, o que pode adicionar profundidade e interesse visual ao espaço. • Durabilidade: É um tecido resistente e durável, o que o torna ideal para uso em móveis e decoração de interiores. • Versatilidade: Pode ser usado em uma variedade de aplicações, incluindo estofamento de móveis, cortinas, almofadas e até mesmo roupas. • Design elegante: Possui uma aparência elegante e sofisticada, que pode ser usada para dar um toque de luxo e sofisticação a qualquer espaço.",in stock,new,37.50 BRL,https://torretecidos.com.br/products/tecido-para-cortina-jacquard-adamascado-monarca-azul-marinho,https://cdn.shopify.com/s/files/1/0620/8038/5163/products/10462.jpg?v=1706974599,Torre Tecidos,https://cdn.shopify.com/s/files/1/0620/8038/5163/products/10463.jpg?v=1706974599,100,100
7268081434763,Tecido Para Sofá Jacquard Victoria Falso liso Crú/Café,"Jacquard Victoria com 1,44m de largura, dupla face. Tecido indicado para estofar sofás, poltronas e também para colar em paredes. Tecido à pronta entrega. Largura: 1,44m Peso: 250 gramas/m2 Composição: 75%Algodão 25%Poliester gramas/m2 • Design Complexo: O tecido Jacquard é conhecido por sua capacidade de criar desenhos e padrões complexos e detalhados. • Textura: Possui uma textura única e rica, o que pode adicionar profundidade e interesse visual ao espaço. • Durabilidade: É um tecido resistente e durável, o que o torna ideal para uso em móveis e decoração de interiores. • Versatilidade: Pode ser usado em uma variedade de aplicações, incluindo estofamento de móveis, cortinas, almofadas e até mesmo roupas. • Design elegante: Possui uma aparência elegante e sofisticada, que pode ser usada para dar um toque de luxo e sofisticação a qualquer espaço.",in stock,new,37.98 BRL,https://torretecidos.com.br/products/tecido-para-sofa-jacquard-victoria-falso-liso-cru-cafe,https://cdn.shopify.com/s/files/1/0620/8038/5163/products/10488.jpg?v=1706974612,Imetextil - Textil Irineu Meneghel Ltda.,"https://cdn.shopify.com/s/files/1/0620/8038/5163/products/10489.jpg?v=1706974612,https://cdn.shopify.com/s/files/1/0620/8038/5163/products/10490.jpg?v=1706974612",100,100
7268081598603,Tecido Para Sofá Jacquard Victoria Floral Crú/Café,"Jacquard Victoria com 1,44m de largura, dupla face. Tecido indicado para estofar sofás, poltronas e também para colar em paredes. Tecido à pronta entrega. Largura: 1,44m Peso: 250 gramas/m2 Composição: 75%Algodão 25%Poliester gramas/m2 • Design Complexo: O tecido Jacquard é conhecido por sua capacidade de criar desenhos e padrões complexos e detalhados. • Textura: Possui uma textura única e rica, o que pode adicionar profundidade e interesse visual ao espaço. • Durabilidade: É um tecido resistente e durável, o que o torna ideal para uso em móveis e decoração de interiores. • Versatilidade: Pode ser usado em uma variedade de aplicações, incluindo estofamento de móveis, cortinas, almofadas e até mesmo roupas. • Design elegante: Possui uma aparência elegante e sofisticada, que pode ser usada para dar um toque de luxo e sofisticação a qualquer espaço.",in stock,new,37.98 BRL,https://torretecidos.com.br/products/tecido-para-sofa-jacquard-victoria-floral-cru-cafe,https://cdn.shopify.com/s/files/1/0620/8038/5163/products/10496.jpg?v=1706974624,Imetextil - Textil Irineu Meneghel Ltda.,"https://cdn.shopify.com/s/files/1/0620/8038/5163/products/10497.jpg?v=1706974624,https://cdn.shopify.com/s/files/1/0620/8038/5163/products/10498.jpg?v=1706974624",100,100
7268081729675,Tecido Para Sofá Veludo Velfit Geometrico Verde Oliva,"Com 1,40m de largura. Este veludo é indicado para todos os tipos de estofados, incluindo sofás, cadeiras e poltronas. Peso: 284 gramas/m2 Composição: 100% Poliester Largua: 1,40M Cuidados: O veludo é uma opção popular para a decoração de interiores, pois é fácil de limpar e manter. Ele é uma boa escolha para móveis como sofás, cadeiras e almofadas, pois é macio e confortável. O veludo também pode ser usado em cortinas e tapetes para adicionar textura e profundidade a um quarto. Ele é popular em decorações clássicas e tradicionais, mas também pode ser usado em espaços contemporâneos para adicionar um toque de luxo. Ele é disponível em uma variedade de cores, desde tons neutros até cores vibrantes, para se adequar a diferentes estilos de decoração. gramas/m2",in stock,new,57.98 BRL,https://torretecidos.com.br/products/tecido-para-sofa-veludo-velfit-geometrico-verde-oliva,https://cdn.shopify.com/s/files/1/0620/8038/5163/products/10504.jpg?v=1706974633,Texpoint,"https://cdn.shopify.com/s/files/1/0620/8038/5163/products/10505.jpg?v=1706974633,https://cdn.shopify.com/s/files/1/0620/8038/5163/files/poltrona_less_reflection_5d71ab68-d4aa-47a5-ba69-976c2537c95b.jpg?v=1728501082",100,100
7268081860747,Tecido Para Sofá Veludo Velfit Geometrico Terracota,"Com 1,40m de largura. Este veludo é indicado para todos os tipos de estofados, incluindo sofás, cadeiras e poltronas. Peso: 284 gramas/m2 Composição: 100% Poliester Largua: 1,40M Cuidados: O veludo é uma opção popular para a decoração de interiores, pois é fácil de limpar e manter. Ele é uma boa escolha para móveis como sofás, cadeiras e almofadas, pois é macio e confortável. O veludo também pode ser usado em cortinas e tapetes para adicionar textura e profundidade a um quarto. Ele é popular em decorações clássicas e tradicionais, mas também pode ser usado em espaços contemporâneos para adicionar um toque de luxo. Ele é disponível em uma variedade de cores, desde tons neutros até cores vibrantes, para se adequar a diferentes estilos de decoração. gramas/m2",in stock,new,57.98 BRL,https://torretecidos.com.br/products/tecido-para-sofa-veludo-velfit-geometrico-terracota,https://cdn.shopify.com/s/files/1/0620/8038/5163/products/10511.jpg?v=1706974643,Texpoint,"https://cdn.shopify.com/s/files/1/0620/8038/5163/products/10512.jpg?v=1706974643,https://cdn.shopify.com/s/files/1/0620/8038/5163/files/poltrona_less_reflection_e2f0669e-a4db-4313-a5cc-68d8e5785f10.jpg?v=1728501142",100,100
7268081991819,Tecido Para Sofá Veludo Velfit Geometrico Mostarda,"Com 1,40m de largura. Este veludo é indicado para todos os tipos de estofados, incluindo sofás, cadeiras e poltronas. Peso: 284 gramas/m2 Composição: 100% Poliester Largua: 1,40M Cuidados: O veludo é uma opção popular para a decoração de interiores, pois é fácil de limpar e manter. Ele é uma boa escolha para móveis como sofás, cadeiras e almofadas, pois é macio e confortável. O veludo também pode ser usado em cortinas e tapetes para adicionar textura e profundidade a um quarto. Ele é popular em decorações clássicas e tradicionais, mas também pode ser usado em espaços contemporâneos para adicionar um toque de luxo. Ele é disponível em uma variedade de cores, desde tons neutros até cores vibrantes, para se adequar a diferentes estilos de decoração. gramas/m2",in stock,new,57.98 BRL,https://torretecidos.com.br/products/tecido-para-sofa-veludo-velfit-geometrico-mostarda,https://cdn.shopify.com/s/files/1/0620/8038/5163/products/10518.jpg?v=1706974654,Texpoint,"https://cdn.shopify.com/s/files/1/0620/8038/5163/products/10519.jpg?v=1706974654,https://cdn.shopify.com/s/files/1/0620/8038/5163/files/poltrona_less_reflection_5b7b5d49-46fa-4770-9858-e5e1e3771105.jpg?v=1728501181",100,100
7268082122891,Tecido Para Sofá Veludo Velfit Geometrico Telha,"Com 1,40m de largura. Este veludo é indicado para todos os tipos de estofados, incluindo sofás, cadeiras e poltronas. Peso: 284 gramas/m2 Composição: 100% Poliester Largua: 1,40M Cuidados: O veludo é uma opção popular para a decoração de interiores, pois é fácil de limpar e manter. Ele é uma boa escolha para móveis como sofás, cadeiras e almofadas, pois é macio e confortável. O veludo também pode ser usado em cortinas e tapetes para adicionar textura e profundidade a um quarto. Ele é popular em decorações clássicas e tradicionais, mas também pode ser usado em espaços contemporâneos para adicionar um toque de luxo. Ele é disponível em uma variedade de cores, desde tons neutros até cores vibrantes, para se adequar a diferentes estilos de decoração. gramas/m2",in stock,new,57.98 BRL,https://torretecidos.com.br/products/tecido-para-sofa-veludo-velfit-geometrico-telha,https://cdn.shopify.com/s/files/1/0620/8038/5163/products/10525.jpg?v=1706974663,Texpoint,"https://cdn.shopify.com/s/files/1/0620/8038/5163/products/10526.jpg?v=1706974663,https://cdn.shopify.com/s/files/1/0620/8038/5163/files/poltrona_less_reflection_9e4defc8-99b4-40f4-b34e-61072e48fbc6.jpg?v=1728501220",100,100
7268082253963,Tecido Para Sofá Veludo Velfit Geometrico Verde Musgo,"Com 1,40m de largura. Este veludo é indicado para todos os tipos de estofados, incluindo sofás, cadeiras e poltronas. Peso: 284 gramas/m2 Composição: 100% Poliester Largua: 1,40M Cuidados: O veludo é uma opção popular para a decoração de interiores, pois é fácil de limpar e manter. Ele é uma boa escolha para móveis como sofás, cadeiras e almofadas, pois é macio e confortável. O veludo também pode ser usado em cortinas e tapetes para adicionar textura e profundidade a um quarto. Ele é popular em decorações clássicas e tradicionais, mas também pode ser usado em espaços contemporâneos para adicionar um toque de luxo. Ele é disponível em uma variedade de cores, desde tons neutros até cores vibrantes, para se adequar a diferentes estilos de decoração. gramas/m2",in stock,new,57.98 BRL,https://torretecidos.com.br/products/tecido-para-sofa-veludo-velfit-geometrico-verde-musgo,https://cdn.shopify.com/s/files/1/0620/8038/5163/products/10531.jpg?v=1706974672,Texpoint,"https://cdn.shopify.com/s/files/1/0620/8038/5163/products/10532.jpg?v=1706974672,https://cdn.shopify.com/s/files/1/0620/8038/5163/files/poltrona_less_reflection_fab6c560-5a71-4290-a8c5-12d8293337b8.jpg?v=1728501259",100,100
7268082352267,Tecido Para Sofá Veludo Velfit Liso Bege,"Com 1,40m de largura. Este veludo é indicado para todos os tipos de estofados, incluindo sofás, cadeiras e poltronas. Peso: 284 gramas/m2 Composição: 100% Poliester Largua: 1,40M Cuidados: O veludo é uma opção popular para a decoração de interiores, pois é fácil de limpar e manter. Ele é uma boa escolha para móveis como sofás, cadeiras e almofadas, pois é macio e confortável. O veludo também pode ser usado em cortinas e tapetes para adicionar textura e profundidade a um quarto. Ele é popular em decorações clássicas e tradicionais, mas também pode ser usado em espaços contemporâneos para adicionar um toque de luxo. Ele é disponível em uma variedade de cores, desde tons neutros até cores vibrantes, para se adequar a diferentes estilos de decoração. gramas/m2",in stock,new,57.98 BRL,https://torretecidos.com.br/products/tecido-para-sofa-veludo-velfit-liso-bege,https://cdn.shopify.com/s/files/1/0620/8038/5163/products/10538.jpg?v=1706974682,Texpoint,"https://cdn.shopify.com/s/files/1/0620/8038/5163/products/10537.jpg?v=1706974682,https://cdn.shopify.com/s/files/1/0620/8038/5163/files/poltrona_less_reflection_722ceb04-e7e4-404a-9862-04690d5f3aee.jpg?v=1728501304",100,100
7268082483339,Tecido Para Sofá Veludo Velfit Liso Fendi,"Com 1,40m de largura. Este veludo é indicado para todos os tipos de estofados, incluindo sofás, cadeiras e poltronas. Peso: 284 gramas/m2 Composição: 100% Poliester Largua: 1,40M Cuidados: O veludo é uma opção popular para a decoração de interiores, pois é fácil de limpar e manter. Ele é uma boa escolha para móveis como sofás, cadeiras e almofadas, pois é macio e confortável. O veludo também pode ser usado em cortinas e tapetes para adicionar textura e profundidade a um quarto. Ele é popular em decorações clássicas e tradicionais, mas também pode ser usado em espaços contemporâneos para adicionar um toque de luxo. Ele é disponível em uma variedade de cores, desde tons neutros até cores vibrantes, para se adequar a diferentes estilos de decoração. gramas/m2",in stock,new,57.98 BRL,https://torretecidos.com.br/products/tecido-para-sofa-veludo-velfit-liso-fendi,https://cdn.shopify.com/s/files/1/0620/8038/5163/products/10543.jpg?v=1706974693,Texpoint,"https://cdn.shopify.com/s/files/1/0620/8038/5163/products/10544.jpg?v=1706974693,https://cdn.shopify.com/s/files/1/0620/8038/5163/files/poltrona_less_reflection_957d32a6-744b-47bc-ae2e-c036e290ed92.jpg?v=1728501361",100,100
7268082614411,Tecido Para Sofá Veludo Velfit Liso Verde Oliva,"Com 1,40m de largura. Este veludo é indicado para todos os tipos de estofados, incluindo sofás, cadeiras e poltronas. Peso: 284 gramas/m2 Composição: 100% Poliester Largua: 1,40M Cuidados: O veludo é uma opção popular para a decoração de interiores, pois é fácil de limpar e manter. Ele é uma boa escolha para móveis como sofás, cadeiras e almofadas, pois é macio e confortável. O veludo também pode ser usado em cortinas e tapetes para adicionar textura e profundidade a um quarto. Ele é popular em decorações clássicas e tradicionais, mas também pode ser usado em espaços contemporâneos para adicionar um toque de luxo. Ele é disponível em uma variedade de cores, desde tons neutros até cores vibrantes, para se adequar a diferentes estilos de decoração. gramas/m2",in stock,new,57.98 BRL,https://torretecidos.com.br/products/tecido-para-sofa-veludo-velfit-liso-verde-oliva,https://cdn.shopify.com/s/files/1/0620/8038/5163/products/10549.jpg?v=1706974703,Texpoint,"https://cdn.shopify.com/s/files/1/0620/8038/5163/products/10550.jpg?v=1706974703,https://cdn.shopify.com/s/files/1/0620/8038/5163/files/poltrona_less_reflection_eb9c7ce6-005f-496a-bf92-cd9c17bccd45.jpg?v=1728501400",100,100
7268082745483,Tecido Para Sofá Veludo Velfit Liso Azul,"Com 1,40m de largura. Este veludo é indicado para todos os tipos de estofados, incluindo sofás, cadeiras e poltronas. Peso: 284 gramas/m2 Composição: 100% Poliester Largua: 1,40M Cuidados: O veludo é uma opção popular para a decoração de interiores, pois é fácil de limpar e manter. Ele é uma boa escolha para móveis como sofás, cadeiras e almofadas, pois é macio e confortável. O veludo também pode ser usado em cortinas e tapetes para adicionar textura e profundidade a um quarto. Ele é popular em decorações clássicas e tradicionais, mas também pode ser usado em espaços contemporâneos para adicionar um toque de luxo. Ele é disponível em uma variedade de cores, desde tons neutros até cores vibrantes, para se adequar a diferentes estilos de decoração. gramas/m2",in stock,new,57.98 BRL,https://torretecidos.com.br/products/tecido-para-sofa-veludo-velfit-liso-azul,https://cdn.shopify.com/s/files/1/0620/8038/5163/products/10556.jpg?v=1706974712,Texpoint,"https://cdn.shopify.com/s/files/1/0620/8038/5163/products/10555.jpg?v=1706974712,https://cdn.shopify.com/s/files/1/0620/8038/5163/files/poltrona_less_reflection_067cb733-78b8-40e7-9e6b-58931b5be726.jpg?v=1728501446",100,100
7268082811019,Tecido Para Sofá Veludo Velfit Liso Terracota,"Com 1,40m de largura. Este veludo é indicado para todos os tipos de estofados, incluindo sofás, cadeiras e poltronas. Peso: 284 gramas/m2 Composição: 100% Poliester Largua: 1,40M Cuidados: O veludo é uma opção popular para a decoração de interiores, pois é fácil de limpar e manter. Ele é uma boa escolha para móveis como sofás, cadeiras e almofadas, pois é macio e confortável. O veludo também pode ser usado em cortinas e tapetes para adicionar textura e profundidade a um quarto. Ele é popular em decorações clássicas e tradicionais, mas também pode ser usado em espaços contemporâneos para adicionar um toque de luxo. Ele é disponível em uma variedade de cores, desde tons neutros até cores vibrantes, para se adequar a diferentes estilos de decoração. gramas/m2",in stock,new,57.98 BRL,https://torretecidos.com.br/products/tecido-para-sofa-veludo-velfit-liso-terracota,https://cdn.shopify.com/s/files/1/0620/8038/5163/products/10561.jpg?v=1706974722,Texpoint,"https://cdn.shopify.com/s/files/1/0620/8038/5163/products/10562.jpg?v=1706974722,https://cdn.shopify.com/s/files/1/0620/8038/5163/files/poltrona_less_reflection_ddb831f9-7a57-4c8b-9f0b-f88f20f7a836.jpg?v=1728501485",100,100
7268082909323,Tecido Para Sofá Veludo Velfit Liso Chocolate,"Com 1,40m de largura. Este veludo é indicado para todos os tipos de estofados, incluindo sofás, cadeiras e poltronas. Peso: 284 gramas/m2 Composição: 100% Poliester Largua: 1,40M Cuidados: O veludo é uma opção popular para a decoração de interiores, pois é fácil de limpar e manter. Ele é uma boa escolha para móveis como sofás, cadeiras e almofadas, pois é macio e confortável. O veludo também pode ser usado em cortinas e tapetes para adicionar textura e profundidade a um quarto. Ele é popular em decorações clássicas e tradicionais, mas também pode ser usado em espaços contemporâneos para adicionar um toque de luxo. Ele é disponível em uma variedade de cores, desde tons neutros até cores vibrantes, para se adequar a diferentes estilos de decoração. gramas/m2",in stock,new,57.98 BRL,https://torretecidos.com.br/products/tecido-para-sofa-veludo-velfit-liso-chocolate,https://cdn.shopify.com/s/files/1/0620/8038/5163/products/10567.jpg?v=1706974732,Texpoint,"https://cdn.shopify.com/s/files/1/0620/8038/5163/products/10568.jpg?v=1706974732,https://cdn.shopify.com/s/files/1/0620/8038/5163/files/poltrona_less_reflection_a777551c-7cc8-44b7-bcc1-52c4d7dfc1e6.jpg?v=1728501526",100,100
7268083040395,Tecido Para Sofá Veludo Velfit Liso Grafite,"Com 1,40m de largura. Este veludo é indicado para todos os tipos de estofados, incluindo sofás, cadeiras e poltronas. Peso: 284 gramas/m2 Composição: 100% Poliester Largua: 1,40M Cuidados: O veludo é uma opção popular para a decoração de interiores, pois é fácil de limpar e manter. Ele é uma boa escolha para móveis como sofás, cadeiras e almofadas, pois é macio e confortável. O veludo também pode ser usado em cortinas e tapetes para adicionar textura e profundidade a um quarto. Ele é popular em decorações clássicas e tradicionais, mas também pode ser usado em espaços contemporâneos para adicionar um toque de luxo. Ele é disponível em uma variedade de cores, desde tons neutros até cores vibrantes, para se adequar a diferentes estilos de decoração. gramas/m2",in stock,new,57.98 BRL,https://torretecidos.com.br/products/tecido-para-sofa-veludo-velfit-liso-grafite,https://cdn.shopify.com/s/files/1/0620/8038/5163/products/10573.jpg?v=1706974742,Texpoint,"https://cdn.shopify.com/s/files/1/0620/8038/5163/products/10574.jpg?v=1706974742,https://cdn.shopify.com/s/files/1/0620/8038/5163/files/poltrona_less_reflection_c0b1f196-ee6b-4f96-bc5e-ed94b80a7a79.jpg?v=1728501629",100,100
7268083171467,Tecido Para Sofá Veludo Velfit Liso Azul Noite,"Com 1,40m de largura. Este veludo é indicado para todos os tipos de estofados, incluindo sofás, cadeiras e poltronas. Peso: 284 gramas/m2 Composição: 100% Poliester Largua: 1,40M Cuidados: O veludo é uma opção popular para a decoração de interiores, pois é fácil de limpar e manter. Ele é uma boa escolha para móveis como sofás, cadeiras e almofadas, pois é macio e confortável. O veludo também pode ser usado em cortinas e tapetes para adicionar textura e profundidade a um quarto. Ele é popular em decorações clássicas e tradicionais, mas também pode ser usado em espaços contemporâneos para adicionar um toque de luxo. Ele é disponível em uma variedade de cores, desde tons neutros até cores vibrantes, para se adequar a diferentes estilos de decoração. gramas/m2",in stock,new,57.98 BRL,https://torretecidos.com.br/products/tecido-para-sofa-veludo-velfit-liso-azul-noite,https://cdn.shopify.com/s/files/1/0620/8038/5163/products/10579.jpg?v=1706974752,Texpoint,"https://cdn.shopify.com/s/files/1/0620/8038/5163/products/10580.jpg?v=1706974752,https://cdn.shopify.com/s/files/1/0620/8038/5163/files/poltrona_less_reflection_9385112d-275f-4de2-9e1f-c24d36a3ac25.jpg?v=1728501666",100,100
7268083269771,Tecido Para Sofá Veludo Velfit Liso Verde Noite,"Com 1,40m de largura. Este veludo é indicado para todos os tipos de estofados, incluindo sofás, cadeiras e poltronas. Peso: 284 gramas/m2 Composição: 100% Poliester Largua: 1,40M Cuidados: O veludo é uma opção popular para a decoração de interiores, pois é fácil de limpar e manter. Ele é uma boa escolha para móveis como sofás, cadeiras e almofadas, pois é macio e confortável. O veludo também pode ser usado em cortinas e tapetes para adicionar textura e profundidade a um quarto. Ele é popular em decorações clássicas e tradicionais, mas também pode ser usado em espaços contemporâneos para adicionar um toque de luxo. Ele é disponível em uma variedade de cores, desde tons neutros até cores vibrantes, para se adequar a diferentes estilos de decoração. gramas/m2",in stock,new,57.98 BRL,https://torretecidos.com.br/products/tecido-para-sofa-veludo-velfit-liso-verde-noite,https://cdn.shopify.com/s/files/1/0620/8038/5163/products/10585.jpg?v=1706974761,Texpoint,"https://cdn.shopify.com/s/files/1/0620/8038/5163/products/10586.jpg?v=1706974761,https://cdn.shopify.com/s/files/1/0620/8038/5163/files/poltrona_less_reflection_655ef8a9-474b-4906-9d23-616aa5379a3c.jpg?v=1728501713",100,100
7268083368075,Tecido Para Área Externa Gorgurão Waterblock Mandala Azul,"Tecido indicado para estofados, poltronas, almofadas e também para colar em paredes. O Waterblock é um tecido resinado ideal para áreas externas, pois é impermeável e emborrachado. Possui Proteção UV e anti-mofo. Largura: 1,40 Metros Peso: 170 gramas/m2 Composição: 70% algodão 30% poliester Acabamento: Emborrachado(impermeável) gramas/m2 • É resistente à água, o que o torna adequado para uso como externas ou com risco de umidade. • É fácil de limpar e manter, o que o torna uma boa opção para áreas de uso frequente. • Projetado para bloqueio de luz e UV, o que o torna adequado para uso como cobertura. • É resistente a rasgos e abrasão, o que o torna adequado para uso como de tráfego intenso. • Pode ser projetado para resistir a fungos e bactérias, o que o torna adequado para uso como de saúde.",in stock,new,49.98 BRL,https://torretecidos.com.br/products/tecido-para-area-externa-waterblock-mandala-azul,https://cdn.shopify.com/s/files/1/0620/8038/5163/products/10601.jpg?v=1706974768,Döhler,,100,100
7268083499147,Tecido Para Sofá Veludo Liso Vermelho,"Com 1,40m de largura. O veludo é indicado para todos os tipos de estofados, incluindo sofás, cadeiras e poltronas ou para ser colado em paredes. Peso: 250 gramas/m2 Composição: 100%Poliester Cuidados: gramas/m2",in stock,new,18.98 BRL,https://torretecidos.com.br/products/tecido-para-sofa-veludo-liso-vermelho,https://cdn.shopify.com/s/files/1/0620/8038/5163/products/10606.jpg?v=1706974782,Corttex Indústria Têxtil,"https://cdn.shopify.com/s/files/1/0620/8038/5163/products/10605.jpg?v=1706974782,https://cdn.shopify.com/s/files/1/0620/8038/5163/products/10604.jpg?v=1706974782",100,100
7268083662987,Tecido Para Área Externa Courvin Nautico Café,"Com 1,40m de largura. Usado para estofar móveis de áreas externas, barcos, iates, lanchas, cadeiras, sofás e poltronas. Resistente a chuvas, sol e maresia. Contém proteção UV Contém proteção anti-mofo Imita a textura de couro natural. Composição: Manta 100% POLIURETANO Largura: 1,40 Metro Peso: 790 gramas/m2 gramas/m2 • Resistência: O courvim náutico é altamente resistente à água e ao desgaste, o que o torna ideal para uso em ambientes marinhos. • Durabilidade: É um tecido muito durável, capaz de suportar as condições adversas do mar e do clima. • Fácil de limpar: Pode ser limpo facilmente com água e sabão. • Design elegante: Possui uma aparência elegante e sofisticada, que pode ser usada para dar um toque de luxo e sofisticação a qualquer espaço. • Flexibilidade: Pode ser utilizado em diversos tipos de aplicações, como estofamento de barcos, cadeiras e sofás.",in stock,new,66.98 BRL,https://torretecidos.com.br/products/tecido-para-area-externa-courvin-nautico-cafe,https://cdn.shopify.com/s/files/1/0620/8038/5163/products/10632.jpg?v=1706974791,Romplas,"https://cdn.shopify.com/s/files/1/0620/8038/5163/products/10633.jpg?v=1706974791,https://cdn.shopify.com/s/files/1/0620/8038/5163/files/poltrona_5daffdd5-1727-46d7-a81e-aca768cf3cf4.jpg?v=1729014813",100,100
7268083728523,"Microfibra 3,00m Cinza","Microfibra de Branca com 3,00m de largura Peso: 30 gramas/m2 Composição: 100%Poliester. Desenho: liso gramas/m2",in stock,new,11.98 BRL,https://torretecidos.com.br/products/tecido-para-cortina-microfibra-3-00m-cinza,https://cdn.shopify.com/s/files/1/0620/8038/5163/files/82a46030b85ca84d7df7fb26952bb439.jpg?v=1749477875,Torre Tecidos,"https://cdn.shopify.com/s/files/1/0620/8038/5163/files/a349d3dca572aae4eb7edfd3c88bfc89.jpg?v=1749477920,https://cdn.shopify.com/s/files/1/0620/8038/5163/files/2a1f13cbf677fca0e4df36b86b962656.jpg?v=1749477959",100,100
7268083859595,Popeline Listrado Cinza,"Tecido para decoração indicado para estofados como sofás, poltronas, almofadas e também para colar em paredes. Largura: 1,40m Peso: 266 gramas/m2 Composição: 100%Algodão",in stock,new,19.98 BRL,https://torretecidos.com.br/products/tecido-para-sofa-popeline-listrado-cinza,https://cdn.shopify.com/s/files/1/0620/8038/5163/products/10661.jpg?v=1706974807,Torre Tecidos,https://cdn.shopify.com/s/files/1/0620/8038/5163/products/10662.jpg?v=1706974807,100,100
7268084023435,Popeline Listrado Bege,"Tecido para decoração indicado para estofados como sofás, poltronas, almofadas e também para colar em paredes. Largura: 1,40m Peso: 266 gramas/m2 Composição: 100%Algodão",in stock,new,19.98 BRL,https://torretecidos.com.br/products/tecido-para-sofa-popeline-listrado-bege,https://cdn.shopify.com/s/files/1/0620/8038/5163/products/10667.jpg?v=1715281898,Torre Tecidos,https://cdn.shopify.com/s/files/1/0620/8038/5163/products/10668.jpg?v=1715343758,100,100
7268084056203,Tecido Para Cortina Rustico Flame Crú,"Com 2,80m de largura. Tecido indicado para a confecção de cortinas. Tecido à pronta entrega. Peso: 100 gramas/m2 Composição: 100%poliester. Desenho: liso gramas/m2",in stock,new,26.98 BRL,https://torretecidos.com.br/products/tecido-para-cortina-rustico-flame-cru,https://cdn.shopify.com/s/files/1/0620/8038/5163/files/rn-image_picker_lib_temp_afc14db8-7e16-4331-88ac-daa11affe0ca.jpg?v=1752178082,Corttex Indústria Têxtil,"https://cdn.shopify.com/s/files/1/0620/8038/5163/files/rn-image_picker_lib_temp_797490b3-a7c1-45e3-a4a3-8ce1561f6bf6.jpg?v=1752178082,https://cdn.shopify.com/s/files/1/0620/8038/5163/files/rn-image_picker_lib_temp_f3cb26d4-687f-4d12-804f-1e1ce0fba4cf.jpg?v=1752178082,https://cdn.shopify.com/s/files/1/0620/8038/5163/files/rn-image_picker_lib_temp_504d8009-c149-4e42-aaab-e8c640e8a9bd.jpg?v=1748973260",100,100
7268084220043,Tecido Para Cortina Rústico Flame Champanhe,"Com 2,80m de largura. Tecido indicado para a confecção de cortinas. Tecido à pronta entrega. Peso: 100 gramas/m2 Composição: 100%poliester. Desenho: liso gramas/m2",in stock,new,26.98 BRL,https://torretecidos.com.br/products/tecido-para-cortina-rustico-flame-champanhe,https://cdn.shopify.com/s/files/1/0620/8038/5163/products/10678.jpg?v=1706974832,Corttex Indústria Têxtil,https://cdn.shopify.com/s/files/1/0620/8038/5163/products/10679.jpg?v=1706974832,100,100
7268084285579,Tecido Para Cortina Rústico Flame Bege,"Com 2,80m de largura. Tecido indicado para a confecção de cortinas. Tecido à pronta entrega. Peso: 100 gramas/m2 Composição: 100%poliester. Desenho: liso gramas/m2",in stock,new,26.98 BRL,https://torretecidos.com.br/products/tecido-para-cortina-rustico-flame-bege,https://cdn.shopify.com/s/files/1/0620/8038/5163/files/8e5f75803746d8d2ee02ce6a6f784bf7.jpg?v=1749662360,Corttex Indústria Têxtil,"https://cdn.shopify.com/s/files/1/0620/8038/5163/files/00f5971b772737339cb617847abdb7cb.jpg?v=1749662365,https://cdn.shopify.com/s/files/1/0620/8038/5163/files/35e11d5efd27b40ba18ec2beb3ba4224.jpg?v=1749662369",100,100
7268084449419,Tecido Para Cortina Rústico Flame Natural,"Com 2,80m de largura. Tecido indicado para a confecção de cortinas. Tecido à pronta entrega. Peso: 100 gramas/m2 Composição: 100%poliester. Desenho: liso gramas/m2",in stock,new,26.98 BRL,https://torretecidos.com.br/products/tecido-para-cortina-rustico-flame-natural,https://cdn.shopify.com/s/files/1/0620/8038/5163/products/10688.jpg?v=1706974850,Torre Tecidos,https://cdn.shopify.com/s/files/1/0620/8038/5163/products/10689.jpg?v=1706974850,100,100
7268084514955,Tecido Para Cortina Rústico Flame Rosa Seco,"Com 2,80m de largura. Tecido indicado para a confecção de cortinas. Tecido à pronta entrega. Peso: 100 gramas/m2 Composição: 100%poliester. Desenho: liso gramas/m2",in stock,new,42.98 BRL,https://torretecidos.com.br/products/tecido-para-cortina-rustico-flame-rosa-seco,https://cdn.shopify.com/s/files/1/0620/8038/5163/products/10693.jpg?v=1706974857,Torre Tecidos,https://cdn.shopify.com/s/files/1/0620/8038/5163/products/10694.jpg?v=1706974857,100,100
7268084613259,Tecido Para Cortina Rustico Flame Linho,"Com 3,00m de largura. Tecido indicado para a confecção de cortinas. Tecido à pronta entrega. Peso: 100 gramas/m2 Composição: 95%poliester 5%linho Desenho: liso gramas/m2",in stock,new,36.98 BRL,https://torretecidos.com.br/products/tecido-para-cortina-rustico-flame-linho,https://cdn.shopify.com/s/files/1/0620/8038/5163/files/de7b1f65a511ac748c87eba05b92ea26.jpg?v=1749662454,Corttex Indústria Têxtil,"https://cdn.shopify.com/s/files/1/0620/8038/5163/files/29fe8663c72d5606fc1388b6dddb991a.jpg?v=1749662457,https://cdn.shopify.com/s/files/1/0620/8038/5163/files/d6c73686bc77ccc506e339bfb9f73b99.jpg?v=1749662460",100,100
7268084777099,"Tecido Para Cortina Voil Plus Mariana 3,00m","Com 3,00m de largura. Tecido indicado para a confecção de cortinas. Tecido à pronta entrega. Peso: 100 gramas/m2 Composição: 94,16%poliester 5,84%linho Desenho: liso gramas/m2",in stock,new,22.98 BRL,https://torretecidos.com.br/products/tecido-para-cortina-voil-plus-mariana-3-00m,https://cdn.shopify.com/s/files/1/0620/8038/5163/files/21c6e300774c583e19ddec14458b5ce5.jpg?v=1749661735,Corttex Indústria Têxtil,"https://cdn.shopify.com/s/files/1/0620/8038/5163/files/95b367bec8fd4a6245bce8c95c5117c9.jpg?v=1749661738,https://cdn.shopify.com/s/files/1/0620/8038/5163/files/f8e503b9803ca7eea3f261e9cd45a4b3.jpg?v=1749661741",100,100
7268084842635,"Rústico Marrom Claro 3,00m","Com 3,00m de largura. Tecido indicado para a confecção de cortinas. Tecido à pronta entrega. Peso: 100 gramas/m2 Composição: 100%poliester Desenho: liso gramas/m2",in stock,new,31.98 BRL,https://torretecidos.com.br/products/tecido-para-cortina-rustico-marrom-claro-3-00m,https://cdn.shopify.com/s/files/1/0620/8038/5163/products/10726.jpg?v=1706974884,Corttex Indústria Têxtil,https://cdn.shopify.com/s/files/1/0620/8038/5163/products/10727.jpg?v=1706974884,100,100
7268084940939,"Rústico Branco 3,00m","Com 3,00m de largura. Tecido indicado para a confecção de cortinas. Tecido à pronta entrega. Peso: 100 gramas/m2 Composição: 100%poliester Desenho: liso gramas/m2",in stock,new,31.98 BRL,https://torretecidos.com.br/products/tecido-para-cortina-rustico-branco-3-00m,https://cdn.shopify.com/s/files/1/0620/8038/5163/products/10730.jpg?v=1706974891,Corttex Indústria Têxtil,https://cdn.shopify.com/s/files/1/0620/8038/5163/products/10731.jpg?v=1706974891,100,100
7268084973707,"Rústico Marrom 3,00m","Com 3,00m de largura. Tecido indicado para a confecção de cortinas. Tecido à pronta entrega. Peso: 100 gramas/m2 Composição: 100%poliester Desenho: liso gramas/m2",in stock,new,31.98 BRL,https://torretecidos.com.br/products/tecido-para-cortina-rustico-marrom-3-00m,https://cdn.shopify.com/s/files/1/0620/8038/5163/products/10734.jpg?v=1706974898,Corttex Indústria Têxtil,https://cdn.shopify.com/s/files/1/0620/8038/5163/products/10735.jpg?v=1706974898,100,100
7268085104779,"Tecido Para Cortina Voil Mariana de 3,00m","Com 3,00m de largura. Tecido indicado para a confecção de cortinas. Tecido à pronta entrega. Peso: 100 gramas/m2 Composição: 93,1%poliester 6,2%linho Desenho: liso gramas/m2",in stock,new,34.98 BRL,https://torretecidos.com.br/products/tecido-para-cortina-voil-mariana-de-3-00m,https://cdn.shopify.com/s/files/1/0620/8038/5163/files/bee65b4f54638a0c45f518594dcc84ef.jpg?v=1749661875,Corttex Indústria Têxtil,"https://cdn.shopify.com/s/files/1/0620/8038/5163/files/db3dc3abb34faf4a061cdecdb9841e9b.jpg?v=1749661878,https://cdn.shopify.com/s/files/1/0620/8038/5163/files/609a9dc1593897ad2c97d19beed2cb57.jpg?v=1749661881",100,100
7268085137547,Tecido Para Cortina Semi Blackout Palha 3.00m,"Black-out Palha com 3,00Mts de largura. Tecido indicado para a confecção de cortinas, possui a propriedade de bloquear a luz solar. Veda 70% da luminosidade. Peso: 200 gramas/m2 Composição: 100% poliester Desenho: liso gramas/m2",in stock,new,32.98 BRL,https://torretecidos.com.br/products/tecido-para-cortina-semi-blackout-palha-3-00m,https://cdn.shopify.com/s/files/1/0620/8038/5163/files/4584.jpg?v=1748634999,Corttex Indústria Têxtil,"https://cdn.shopify.com/s/files/1/0620/8038/5163/files/4586.jpg?v=1748634999,https://cdn.shopify.com/s/files/1/0620/8038/5163/files/4585.jpg?v=1748634990",100,100
7268085268619,Tecido Para Cortina Semi Blackout Branco 3.00m,"Black-Out com 3,00M de largura. Tecido indicado para a confecção de cortinas, possui a propriedade de bloquear a luz solar. Veda 70% da luminosidade. Peso: 230 gramas/m2 Composição: 100%POLIESTER Desenho: liso gramas/m2",in stock,new,32.98 BRL,https://torretecidos.com.br/products/tecido-para-cortina-semi-blackout-branco-3-00m,https://cdn.shopify.com/s/files/1/0620/8038/5163/files/4584_1.jpg?v=1748635305,Corttex Indústria Têxtil,"https://cdn.shopify.com/s/files/1/0620/8038/5163/files/4586_1.jpg?v=1748635305,https://cdn.shopify.com/s/files/1/0620/8038/5163/files/4585_1.jpg?v=1748635305",100,100
7268085301387,Tecido Para Cortina Semi Blackout Café c/ Leite 3.00m,"Black-Out com 3,00M de largura. Tecido indicado para a confecção de cortinas, possui a propriedade de bloquear a luz solar. Veda 70% da luminosidade. Peso: 230 gramas/m2 Composição: 100%POLIESTER Desenho: liso gramas/m2",in stock,new,32.98 BRL,https://torretecidos.com.br/products/tecido-para-cortina-semi-blackout-cafe-c-leite-3-00m,https://cdn.shopify.com/s/files/1/0620/8038/5163/files/4591.jpg?v=1748634125,Corttex Indústria Têxtil,"https://cdn.shopify.com/s/files/1/0620/8038/5163/files/4590.jpg?v=1748634125,https://cdn.shopify.com/s/files/1/0620/8038/5163/files/4592.jpg?v=1748634116",100,100
7268085465227,Tecido Para Área Externa Gorgurão Waterblock Liso Preto,"Gorgurão Waterblock Liso Palha com 1,40m de largura. Tecido indicado para estofados, poltronas, almofadas e também para colar em paredes. O Waterblock é um tecido resinado ideal para áreas externas, pois é impermeável. Peso: 170 gramas/m2 Composição: 70%algodão 30%poliester. Acabamento: Emborrachado(impermeável) Desenho: liso gramas/m2 • É resistente à água, o que o torna adequado para uso como externas ou com risco de umidade. • É fácil de limpar e manter, o que o torna uma boa opção para áreas de uso frequente. • Projetado para bloqueio de luz e UV, o que o torna adequado para uso como cobertura. • É resistente a rasgos e abrasão, o que o torna adequado para uso como de tráfego intenso. • Pode ser projetado para resistir a fungos e bactérias, o que o torna adequado para uso como de saúde.",in stock,new,49.98 BRL,https://torretecidos.com.br/products/tecido-para-area-externa-waterblock-liso-preto,https://cdn.shopify.com/s/files/1/0620/8038/5163/files/ec91db1c5d234e1e18204ac969f35181.jpg?v=1776370941,Döhler,"https://cdn.shopify.com/s/files/1/0620/8038/5163/products/10810.jpg?v=1776370941,https://cdn.shopify.com/s/files/1/0620/8038/5163/products/10811.jpg?v=1776370942",100,100
7268085497995,Tecido Para Área Externa Gorgurão Waterblock Liso Terracota,"Tecido indicado para estofados, poltronas, almofadas e também para colar em paredes. O Waterblock é um tecido resinado ideal para áreas externas, pois é impermeável e emborrachado. Possui Proteção UV e anti-mofo. Largura: 1,40 Metros Peso: 170 gramas/m2 Composição: 70% algodão 30% poliester Acabamento: Emborrachado(impermeável) gramas/m2 • É resistente à água, o que o torna adequado para uso como externas ou com risco de umidade. • É fácil de limpar e manter, o que o torna uma boa opção para áreas de uso frequente. • Projetado para bloqueio de luz e UV, o que o torna adequado para uso como cobertura. • É resistente a rasgos e abrasão, o que o torna adequado para uso como de tráfego intenso. • Pode ser projetado para resistir a fungos e bactérias, o que o torna adequado para uso como de saúde.",in stock,new,49.98 BRL,https://torretecidos.com.br/products/tecido-para-area-externa-waterblock-liso-terracota,https://cdn.shopify.com/s/files/1/0620/8038/5163/products/10851.jpg?v=1706974946,Döhler,"https://cdn.shopify.com/s/files/1/0620/8038/5163/products/10852.jpg?v=1715782305,https://cdn.shopify.com/s/files/1/0620/8038/5163/files/poltrona_less_reflection_ca3fec32-462c-4c2f-93ad-169eb53d0166.jpg?v=1728488815",100,100
7268085629067,Tecido Para Área Externa Courvin Nautico Gelo,"Com 1,40m de largura. Usado para estofar móveis de áreas externas, barcos, iates, lanchas, cadeiras, sofás e poltronas. Resistente a chuvas, sol e maresia. Contém proteção UV Contém proteção anti-mofo Imita a textura de couro natural. Composição: Manta 100% POLIURETANO Largura: 1,40 Metro Peso: 790 gramas/m2 gramas/m2 • Resistência: O courvim náutico é altamente resistente à água e ao desgaste, o que o torna ideal para uso em ambientes marinhos. • Durabilidade: É um tecido muito durável, capaz de suportar as condições adversas do mar e do clima. • Fácil de limpar: Pode ser limpo facilmente com água e sabão. • Design elegante: Possui uma aparência elegante e sofisticada, que pode ser usada para dar um toque de luxo e sofisticação a qualquer espaço. • Flexibilidade: Pode ser utilizado em diversos tipos de aplicações, como estofamento de barcos, cadeiras e sofás.",in stock,new,66.98 BRL,https://torretecidos.com.br/products/tecido-para-area-externa-courvin-nautico-gelo,https://cdn.shopify.com/s/files/1/0620/8038/5163/products/10893.jpg?v=1706974952,Romplas,"https://cdn.shopify.com/s/files/1/0620/8038/5163/products/10892.jpg?v=1706974953,https://cdn.shopify.com/s/files/1/0620/8038/5163/files/poltrona_less_reflection_39120019-750a-45e2-8cd5-7e407dcdb910.jpg?v=1728994279",100,100
7268085694603,Tecido Para Cortina Rústico Flame Chumbo,"Com 2,80m de largura. Tecido indicado para a confecção de cortinas. Tecido à pronta entrega. Peso: 100 gramas/m2 Composição: 100%poliester. Desenho: liso gramas/m2",in stock,new,26.98 BRL,https://torretecidos.com.br/products/tecido-para-cortina-rustico-flame-chumbo,https://cdn.shopify.com/s/files/1/0620/8038/5163/products/10908.jpg?v=1706974960,Corttex Indústria Têxtil,https://cdn.shopify.com/s/files/1/0620/8038/5163/products/10909.jpg?v=1706974960,100,100
7268085760139,Courvin Automotivo Uruguai Preto,"Com 1,40m de largura, tecido que imita couro indicado para estofados como sofás, pufes, poltronas, cadeiras e almofadas. Composição: 50% acrilico policloreto de vinilareforço e 50% algodão Largura: 1,40 Metro Peso: 790 gramas/m2 gramas/m2 • Fácil de limpar: Pode ser limpo facilmente com água e sabão. • Design elegante: Possui uma aparência elegante e sofisticada, que pode ser usada para dar um toque de luxo e sofisticação a qualquer espaço. • Flexibilidade: Pode ser utilizado em diversos tipos de aplicações, como estofamento de barcos, cadeiras e sofás.",in stock,new,43.98 BRL,https://torretecidos.com.br/products/tecido-para-area-externa-courvin-automotivo-uruguai-preto,https://cdn.shopify.com/s/files/1/0620/8038/5163/products/10977.jpg?v=1706974967,Torre Tecidos,https://cdn.shopify.com/s/files/1/0620/8038/5163/products/10978.jpg?v=1706974967,100,100
7268085858443,Courvin Automotivo Uruguai Grafite,"Com 1,40m de largura, tecido que imita couro indicado para estofados como sofás, pufes, poltronas, cadeiras e almofadas. Composição: 50% acrilico policloreto de vinilareforço e 50% algodão Largura: 1,40 Metro Peso: 790 gramas/m2 gramas/m2 • Fácil de limpar: Pode ser limpo facilmente com água e sabão. • Design elegante: Possui uma aparência elegante e sofisticada, que pode ser usada para dar um toque de luxo e sofisticação a qualquer espaço. • Flexibilidade: Pode ser utilizado em diversos tipos de aplicações, como estofamento de barcos, cadeiras e sofás.",in stock,new,43.98 BRL,https://torretecidos.com.br/products/tecido-para-area-externa-courvin-automotivo-uruguai-grafite,https://cdn.shopify.com/s/files/1/0620/8038/5163/products/10981.jpg?v=1706974973,Torre Tecidos,https://cdn.shopify.com/s/files/1/0620/8038/5163/products/10982.jpg?v=1706974973,100,100
7268085923979,Tecido Para Sofá Linho Sintético Azul Marinho,"Com 1,40m de largura. Este tecido para decoração é indicado para estofados em geral e para colar em paredes. gramas/m2 Largura: 1,40m Peso: 244 gramas/m2 Composição: 100% Poliéster Cuidados: • Resistência: O linho sintético é resistente e durável, o que o torna ideal para uso em móveis e decoração de interiores. • Fácil de manter: É fácil de limpar e manter, o que o torna uma boa escolha para áreas de alto tráfego. • Design elegante: Possui uma aparência elegante e sofisticada, que pode ser usada para dar um toque de luxo e sofisticação a qualquer espaço. • Versatilidade: Pode ser usado em uma variedade de aplicações, incluindo estofamento de móveis, cortinas, almofadas e até mesmo roupas. • Opções de cores: Possui uma ampla gama de opções de cores, permitindo criar desenhos e padrões vibrantes e coloridos.",in stock,new,29.98 BRL,https://torretecidos.com.br/products/tecido-para-sofa-linho-sintetico-azul-marinho,https://cdn.shopify.com/s/files/1/0620/8038/5163/files/c9382c2a0f604a2cd75e5291f237883b.jpg?v=1776969066,Torre Tecidos,"https://cdn.shopify.com/s/files/1/0620/8038/5163/products/10986.jpg?v=1706974984,https://cdn.shopify.com/s/files/1/0620/8038/5163/products/10987.jpg?v=1706974984",100,100
7268086087819,Tecido Para Sofá Linho Sintético Verde,"Com 1,40m de largura. Este tecido para decoração é indicado para estofados em geral e para colar em paredes. gramas/m2 Largura: 1,40m Peso: 244 gramas/m2 Composição: 100% Poliéster Cuidados: • Resistência: O linho sintético é resistente e durável, o que o torna ideal para uso em móveis e decoração de interiores. • Fácil de manter: É fácil de limpar e manter, o que o torna uma boa escolha para áreas de alto tráfego. • Design elegante: Possui uma aparência elegante e sofisticada, que pode ser usada para dar um toque de luxo e sofisticação a qualquer espaço. • Versatilidade: Pode ser usado em uma variedade de aplicações, incluindo estofamento de móveis, cortinas, almofadas e até mesmo roupas. • Opções de cores: Possui uma ampla gama de opções de cores, permitindo criar desenhos e padrões vibrantes e coloridos.",in stock,new,29.98 BRL,https://torretecidos.com.br/products/tecido-para-sofa-linho-sintetico-verde,https://cdn.shopify.com/s/files/1/0620/8038/5163/files/ef7765743864ab509c3bb2833501f554.jpg?v=1776971987,Torre Tecidos,"https://cdn.shopify.com/s/files/1/0620/8038/5163/files/10992_6406ba78-0d94-482f-b114-97710fd3d348.jpg?v=1752178153,https://cdn.shopify.com/s/files/1/0620/8038/5163/files/10993.jpg?v=1738173669",100,100
7268086251659,Tecido Para Sofá Linho Sintético Crú,"Com 1,40m de largura. Este tecido para decoração é indicado para estofados em geral e para colar em paredes. gramas/m2 Largura: 1,40m Peso: 244 gramas/m2 Composição: 100% Poliéster Cuidados: • Resistência: O linho sintético é resistente e durável, o que o torna ideal para uso em móveis e decoração de interiores. • Fácil de manter: É fácil de limpar e manter, o que o torna uma boa escolha para áreas de alto tráfego. • Design elegante: Possui uma aparência elegante e sofisticada, que pode ser usada para dar um toque de luxo e sofisticação a qualquer espaço. • Versatilidade: Pode ser usado em uma variedade de aplicações, incluindo estofamento de móveis, cortinas, almofadas e até mesmo roupas. • Opções de cores: Possui uma ampla gama de opções de cores, permitindo criar desenhos e padrões vibrantes e coloridos.",in stock,new,24.98 BRL,https://torretecidos.com.br/products/tecido-para-sofa-linho-sintetico-cru,https://cdn.shopify.com/s/files/1/0620/8038/5163/files/8efa8f4c4a6bcd453bd456d5a73d9fa3.jpg?v=1775766553,Corttex Indústria Têxtil,"https://cdn.shopify.com/s/files/1/0620/8038/5163/products/10998.jpg?v=1775766553,https://cdn.shopify.com/s/files/1/0620/8038/5163/products/10999.jpg?v=1775766554",100,100
7268086415499,Rústico Dobby Prata,"Rústico Dobby com 3,00m de largura. Tecido indicado para a confecção de cortinas. Tecido à pronta entrega. Largura: 3,00m Peso: 150 gramas/m2 Composição: 100%Poliester gramas/m2",in stock,new,21.98 BRL,https://torretecidos.com.br/products/tecido-para-cortina-rustico-dobby-prata,https://cdn.shopify.com/s/files/1/0620/8038/5163/products/11019.jpg?v=1706975010,Torre Tecidos,https://cdn.shopify.com/s/files/1/0620/8038/5163/products/11020.jpg?v=1706975010,100,100
7268086579339,Tecido Para Sofá Gobelem Pixel Labirinto Crú/Verde,"O Gobelem com 1,40m de largura é um dos mais tradicionais tecidos de decoração.O tecido Gobelem, também conhecido como tecido gobelin é ideal para revestimento de sofás, poltronas e cadeiras.Tecido à pronta entrega. Largura: 1,45m Peso: 200 gramas/m2 Composição: 58%Poliester 42%Algodão gramas/m2 • Tradição: O uso do Gobelim na decoração remonta a muitos séculos atrás, e carrega consigo uma rica tradição de arte e artesanato. • Exclusividade: Os Gobelins são peças únicas e raras, e adicionar um ao seu espaço pode dar uma sensação de exclusividade e luxo. • Detalhes: Eles são conhecidos por sua precisão e detalhamento, o que os torna peças de arte verdadeiramente impressionantes. • Versatilidade: Eles podem ser usados para decorar diferentes ambientes, desde salas de estar até quartos de hotel de luxo. • Investimento: Os Gobelins são peças valiosas e podem ser consideradas um investimento a longo prazo.",in stock,new,66.98 BRL,https://torretecidos.com.br/products/tecido-para-sofa-gobelem-pixel-labirinto-cru-verde,https://cdn.shopify.com/s/files/1/0620/8038/5163/products/11031.jpg?v=1706975026,Torre Tecidos,"https://cdn.shopify.com/s/files/1/0620/8038/5163/products/11028.jpg?v=1706975026,https://cdn.shopify.com/s/files/1/0620/8038/5163/products/11029.jpg?v=1706975026,https://cdn.shopify.com/s/files/1/0620/8038/5163/products/11030.jpg?v=1706975026",100,100
7268086808715,Tecido Para Área Externa Gorgurão Waterblock Coqueiros Crú,"Tecido indicado para estofados, poltronas, almofadas e também para colar em paredes. O Waterblock é um tecido resinado ideal para áreas externas, pois é impermeável e emborrachado. Possui Proteção UV e anti-mofo. Largura: 1,40 Metros Peso: 170 gramas/m2 Composição: 70% algodão 30% poliester Acabamento: Emborrachado(impermeável) gramas/m2 • É resistente à água, o que o torna adequado para uso como externas ou com risco de umidade. • É fácil de limpar e manter, o que o torna uma boa opção para áreas de uso frequente. • Projetado para bloqueio de luz e UV, o que o torna adequado para uso como cobertura. • É resistente a rasgos e abrasão, o que o torna adequado para uso como de tráfego intenso. • Pode ser projetado para resistir a fungos e bactérias, o que o torna adequado para uso como de saúde.",in stock,new,49.98 BRL,https://torretecidos.com.br/products/tecido-para-area-externa-waterblock-coqueiros-cru,https://cdn.shopify.com/s/files/1/0620/8038/5163/products/11050.jpg?v=1706975038,Döhler,"https://cdn.shopify.com/s/files/1/0620/8038/5163/products/11051.jpg?v=1715782405,https://cdn.shopify.com/s/files/1/0620/8038/5163/products/11052.jpg?v=1715782405,https://cdn.shopify.com/s/files/1/0620/8038/5163/files/poltrona_less_reflection_e1b5d5bf-5362-47a4-9333-8f05ca8f4e63.jpg?v=1728498415",100,100
